{
"type": "FeatureCollection",
"name": "cmc_dmg",
"crs": { "type": "name", "properties": { "name": "urn:ogc:def:crs:OGC:1.3:CRS84" } },
"features": [
{ "type": "Feature", "properties": { "Shape_Leng": 0.01968875981, "Shape_Area": 1.460821e-05, "ADM4_EN": "Sammanthranapura", "ADM4_SI": "සම්මන්ත්‍රණපුර", "ADM4_TA": null, "ADM4_PCODE": "LK1103005", "ADM4_REF": null, "ADM3_EN": "Colombo", "ADM3_SI": "කොළඹ", "ADM3_TA": "கொழும்பு", "ADM3_PCODE": "LK1103", "ADM2_EN": "Colombo", "ADM2_SI": "කොළඹ දිස්ත්‍රික්ක", "ADM2_TA": "கொழும்பு மாவட்டம்", "ADM2_PCODE": "LK11", "ADM1_EN": "Western", "ADM1_SI": "බස්නාහිර පළාත", "ADM1_TA": "மேல் மாகாணம் ", "ADM1_PCODE": "LK1", "ADM0_EN": "Sri Lanka", "ADM0_SI": "ශ්‍රී ලංකා", "ADM0_TA": "இலங்கை", "ADM0_PCODE": "LK", "date": "2022-08-02", "validOn": "2022-08-16", "validTo": null, "length_sum": 3870.0, "damage_sco": 0 }, "geometry": { "type": "MultiPolygon", "coordinates": [ [ [ [ 79.880397376000076, 6.980929132000028 ], [ 79.880319472000053, 6.980621525000061 ], [ 79.88028149400003, 6.980633524000041 ], [ 79.880223650000062, 6.980548791000047 ], [ 79.88003692400008, 6.980275264000056 ], [ 79.879875245000051, 6.980038427000068 ], [ 79.879533595000055, 6.979625766000026 ], [ 79.87928342500004, 6.979117973000029 ], [ 79.878800959000046, 6.978424715000074 ], [ 79.879034879000073, 6.978018776000056 ], [ 79.879062258000033, 6.977856581000026 ], [ 79.879104286000029, 6.977789673000075 ], [ 79.879183484000066, 6.977692932000025 ], [ 79.879323766000084, 6.977517448000071 ], [ 79.879339836000042, 6.977489562000073 ], [ 79.879345733000036, 6.977479433000042 ], [ 79.879338630000063, 6.977468719000058 ], [ 79.879327975000081, 6.977458016000071 ], [ 79.879277482000077, 6.97740729800006 ], [ 79.879251625000052, 6.977381325000067 ], [ 79.879301583000085, 6.977325209000071 ], [ 79.879332816000044, 6.977290126000071 ], [ 79.879394852000075, 6.977215602000058 ], [ 79.879481387000055, 6.977111647000072 ], [ 79.879481568000074, 6.977111647000072 ], [ 79.879504921000034, 6.977081926000039 ], [ 79.879547503000083, 6.977027731000021 ], [ 79.87961352700006, 6.976943703000074 ], [ 79.879654379000044, 6.976891709000029 ], [ 79.879719179000062, 6.976813483000058 ], [ 79.87977567400003, 6.976745282000024 ], [ 79.879823842000064, 6.976687136000066 ], [ 79.879925399000058, 6.976564538000048 ], [ 79.879934924000054, 6.976554461000035 ], [ 79.880052366000029, 6.976430187000062 ], [ 79.880156898000052, 6.976319576000037 ], [ 79.880113656000049, 6.976264245000038 ], [ 79.880016357000045, 6.976107949000038 ], [ 79.879979522000042, 6.976023989000055 ], [ 79.879967411000052, 6.976029326000059 ], [ 79.879865210000048, 6.975856878000059 ], [ 79.879790257000082, 6.975725988000022 ], [ 79.879669397000043, 6.975514625000073 ], [ 79.879451568000036, 6.975138693000076 ], [ 79.879466089000061, 6.975131805000046 ], [ 79.879375227000082, 6.97500949700003 ], [ 79.879256548000058, 6.974808647000032 ], [ 79.879245444000048, 6.974788755000077 ], [ 79.879234460000077, 6.974769079000055 ], [ 79.879233347000081, 6.974767085000053 ], [ 79.879207490000056, 6.974720766000075 ], [ 79.879180657000063, 6.974742857000024 ], [ 79.879173146000085, 6.974749105000058 ], [ 79.879154735000043, 6.974764418000063 ], [ 79.879121201000032, 6.974791029000073 ], [ 79.87909135600006, 6.974829311000065 ], [ 79.879085197000052, 6.974879573000067 ], [ 79.879086747000031, 6.974897337000073 ], [ 79.879063150000036, 6.97499459900007 ], [ 79.878963928000076, 6.975141987000029 ], [ 79.878881302000082, 6.975393230000066 ], [ 79.878841840000064, 6.975471415000072 ], [ 79.878737674000035, 6.975543035000044 ], [ 79.878575783000031, 6.975686271000029 ], [ 79.878442481000036, 6.97590492300003 ], [ 79.878377458000045, 6.976102170000047 ], [ 79.878330446000064, 6.976270745000022 ], [ 79.878240344000062, 6.976435649000052 ], [ 79.878175277000082, 6.976628048000066 ], [ 79.878109452000047, 6.976681653000071 ], [ 79.878083605000029, 6.976702700000033 ], [ 79.878047385000059, 6.976862922000066 ], [ 79.877989348000085, 6.977156774000036 ], [ 79.877950657000042, 6.977259298000035 ], [ 79.87786776300004, 6.977388907000034 ], [ 79.877745548000064, 6.977443700000038 ], [ 79.877642476000062, 6.977503313000057 ], [ 79.877570505000051, 6.977577341000028 ], [ 79.877491273000032, 6.977692024000021 ], [ 79.877340921000041, 6.97781578200005 ], [ 79.877328248000083, 6.977823411000031 ], [ 79.877319382000053, 6.977831507000076 ], [ 79.877123501000085, 6.978010360000042 ], [ 79.876994382000078, 6.978068215000064 ], [ 79.876947176000044, 6.978072841000028 ], [ 79.876861036000037, 6.978081282000062 ], [ 79.87679250900004, 6.978120865000051 ], [ 79.876675269000032, 6.978188586000044 ], [ 79.876637389000052, 6.978228175000027 ], [ 79.876609693000034, 6.978240585000037 ], [ 79.876603851000084, 6.97826322700007 ], [ 79.87655531200005, 6.978313958000058 ], [ 79.876513011000043, 6.978523211000038 ], [ 79.876458893000063, 6.978651699000068 ], [ 79.876359944000058, 6.978747207000026 ], [ 79.876353257000062, 6.978806306000024 ], [ 79.876349378000043, 6.978809215000069 ], [ 79.876341561000061, 6.978859764000049 ], [ 79.87631989700003, 6.978920010000024 ], [ 79.876306874000079, 6.978968791000057 ], [ 79.876288119000037, 6.97901038200007 ], [ 79.876250688000084, 6.979051938000055 ], [ 79.87618694400004, 6.979080402000022 ], [ 79.876185750000047, 6.979081443000041 ], [ 79.876147687000071, 6.979114639000045 ], [ 79.876128920000042, 6.979131006000046 ], [ 79.876067615000068, 6.979184471000053 ], [ 79.875931106000053, 6.979259410000054 ], [ 79.875914555000065, 6.979268496000032 ], [ 79.875902378000035, 6.979376131000038 ], [ 79.875842377000083, 6.979450779000047 ], [ 79.875707563000049, 6.979519302000028 ], [ 79.875659379000069, 6.979674716000034 ], [ 79.875647138000033, 6.979815246000044 ], [ 79.875675419000061, 6.98014104400005 ], [ 79.875691780000068, 6.980329510000047 ], [ 79.875692289000085, 6.980340115000047 ], [ 79.875809880000077, 6.980605052000044 ], [ 79.875978710000084, 6.980731043000048 ], [ 79.876494641000079, 6.980756857000074 ], [ 79.876948133000042, 6.980779546000065 ], [ 79.877728302000037, 6.980955412000071 ], [ 79.87775762800004, 6.980962023000075 ], [ 79.877782773000035, 6.980967690000057 ], [ 79.877782892000084, 6.980967717000055 ], [ 79.877956030000064, 6.981006745000059 ], [ 79.878117196000062, 6.981043075000059 ], [ 79.878325604000054, 6.981090055000038 ], [ 79.879088315000047, 6.981177768000066 ], [ 79.880183635000037, 6.981007417000058 ], [ 79.880208226000036, 6.981019761000027 ], [ 79.880221878000043, 6.981017114000053 ], [ 79.880245162000051, 6.981012597000074 ], [ 79.880397376000076, 6.980929132000028 ] ] ] ] } },
{ "type": "Feature", "properties": { "Shape_Leng": 0.07287769682, "Shape_Area": 0.00017674949, "ADM4_EN": "Mattakkuliya", "ADM4_SI": "මට්ටක්කුලිය", "ADM4_TA": null, "ADM4_PCODE": "LK1103010", "ADM4_REF": null, "ADM3_EN": "Colombo", "ADM3_SI": "කොළඹ", "ADM3_TA": "கொழும்பு", "ADM3_PCODE": "LK1103", "ADM2_EN": "Colombo", "ADM2_SI": "කොළඹ දිස්ත්‍රික්ක", "ADM2_TA": "கொழும்பு மாவட்டம்", "ADM2_PCODE": "LK11", "ADM1_EN": "Western", "ADM1_SI": "බස්නාහිර පළාත", "ADM1_TA": "மேல் மாகாணம் ", "ADM1_PCODE": "LK1", "ADM0_EN": "Sri Lanka", "ADM0_SI": "ශ්‍රී ලංකා", "ADM0_TA": "இலங்கை", "ADM0_PCODE": "LK", "date": "2022-08-02", "validOn": "2022-08-16", "validTo": null, "length_sum": 32644.0, "damage_sco": 3 }, "geometry": { "type": "MultiPolygon", "coordinates": [ [ [ [ 79.882169461000046, 6.97995742300003 ], [ 79.882184880000068, 6.979948968000031 ], [ 79.882249755000032, 6.97991339400005 ], [ 79.88226252000004, 6.979906395000057 ], [ 79.882306621000055, 6.979882212000064 ], [ 79.882326736000039, 6.979871183000057 ], [ 79.882380193000074, 6.979756462000068 ], [ 79.882487295000033, 6.979526622000037 ], [ 79.883047563000048, 6.979086879000022 ], [ 79.883117618000085, 6.979031894000059 ], [ 79.883645638000075, 6.978617461000056 ], [ 79.883854370000051, 6.97835103500006 ], [ 79.884256467000057, 6.977837800000032 ], [ 79.884262315000058, 6.977830334000032 ], [ 79.884406983000076, 6.97750572700005 ], [ 79.884818324000037, 6.976582758000063 ], [ 79.88494281800007, 6.975831774000028 ], [ 79.884993817000066, 6.974895830000037 ], [ 79.884976025000071, 6.974658496000075 ], [ 79.884945799000036, 6.974255285000027 ], [ 79.884860441000058, 6.973836385000027 ], [ 79.884860501000048, 6.973804557000051 ], [ 79.884800239000072, 6.973589540000035 ], [ 79.884759609000071, 6.973444566000069 ], [ 79.884754777000069, 6.973427328000071 ], [ 79.884729398000047, 6.973336774000074 ], [ 79.884590239000033, 6.972840246000032 ], [ 79.884542749000047, 6.972670797000035 ], [ 79.884261150000043, 6.971943640000063 ], [ 79.883832053000049, 6.971117646000039 ], [ 79.883268010000052, 6.970151549000036 ], [ 79.88326242800008, 6.970141988000023 ], [ 79.883224751000057, 6.970077455000023 ], [ 79.883169796000061, 6.969983327000023 ], [ 79.883165374000043, 6.969976808000069 ], [ 79.882979586000033, 6.969645153000045 ], [ 79.882704122000064, 6.969260847000044 ], [ 79.882025076000048, 6.968453138000029 ], [ 79.881995472000085, 6.96841792400005 ], [ 79.881945723000058, 6.968358747000025 ], [ 79.881924840000067, 6.968333906000055 ], [ 79.88191342500005, 6.968320327000072 ], [ 79.881662276000043, 6.968021590000035 ], [ 79.881474609000065, 6.967798363000043 ], [ 79.881412320000038, 6.967724270000076 ], [ 79.881388300000083, 6.967695698000057 ], [ 79.881307168000035, 6.967599193000069 ], [ 79.880504392000034, 6.966650456000025 ], [ 79.880423373000042, 6.966554706000068 ], [ 79.880371797000066, 6.966493752000076 ], [ 79.880259006000074, 6.96636045300005 ], [ 79.880186971000057, 6.966275319000033 ], [ 79.880181195000034, 6.966268494000076 ], [ 79.880143958000076, 6.966224486000044 ], [ 79.880112445000066, 6.96618791800006 ], [ 79.879957115000082, 6.966007676000061 ], [ 79.879580978000035, 6.965571211000054 ], [ 79.879402215000084, 6.965328063000072 ], [ 79.879248896000036, 6.965119522000066 ], [ 79.879136150000079, 6.964966167000057 ], [ 79.87899961800008, 6.964780460000043 ], [ 79.878853202000073, 6.964408960000071 ], [ 79.878682207000054, 6.96397509600007 ], [ 79.878607997000074, 6.963786803000062 ], [ 79.878606607000052, 6.963783274000036 ], [ 79.878542391000053, 6.963415454000028 ], [ 79.878518590000056, 6.96327911700007 ], [ 79.87801367600008, 6.963442672000042 ], [ 79.877647424000031, 6.963658863000035 ], [ 79.877528218000066, 6.963705828000059 ], [ 79.877266291000069, 6.963783557000056 ], [ 79.877260030000059, 6.963787171000035 ], [ 79.877152873000057, 6.963818865000064 ], [ 79.876913260000038, 6.96391649800006 ], [ 79.876707184000054, 6.96400462500003 ], [ 79.876575363000029, 6.964076145000035 ], [ 79.87642192900006, 6.964181119000045 ], [ 79.876314031000049, 6.964262254000062 ], [ 79.876225348000048, 6.964312326000027 ], [ 79.876090236000039, 6.964352520000034 ], [ 79.876061550000031, 6.964349536000043 ], [ 79.876081610000085, 6.964367506000031 ], [ 79.876089706000073, 6.964374759000066 ], [ 79.876100185000041, 6.964384149000068 ], [ 79.87615454400003, 6.964438407000046 ], [ 79.876008320000039, 6.964439943000059 ], [ 79.875954887000034, 6.964442643000041 ], [ 79.875848584000039, 6.964448015000073 ], [ 79.875846121000052, 6.964448139000069 ], [ 79.875678669000081, 6.964456599000073 ], [ 79.875585771000033, 6.964461292000067 ], [ 79.875585570000055, 6.964461301000028 ], [ 79.875585499000067, 6.964461472000039 ], [ 79.875581500000067, 6.964471049000053 ], [ 79.875419214000033, 6.964582863000032 ], [ 79.875068800000065, 6.964834198000062 ], [ 79.875068193000061, 6.964834634000056 ], [ 79.875070963000042, 6.964838904000032 ], [ 79.875094750000073, 6.964875932000041 ], [ 79.875152436000064, 6.964965738000046 ], [ 79.875185686000066, 6.965039675000071 ], [ 79.875205822000055, 6.965110062000065 ], [ 79.87520715800008, 6.965168116000029 ], [ 79.875177544000053, 6.965207511000074 ], [ 79.874949505000075, 6.965510862000031 ], [ 79.874534367000081, 6.965869312000052 ], [ 79.874898554000083, 6.966625275000069 ], [ 79.875264192000031, 6.966636551000022 ], [ 79.875267370000074, 6.966642398000033 ], [ 79.875287626000045, 6.966665667000029 ], [ 79.875507652000067, 6.966918421000059 ], [ 79.875708237000083, 6.967198715000052 ], [ 79.875907840000082, 6.96755107000007 ], [ 79.875908831000061, 6.967551659000037 ], [ 79.876087921000078, 6.96772696000005 ], [ 79.876166830000045, 6.967780939000022 ], [ 79.876323557000035, 6.967712772000027 ], [ 79.87637172400008, 6.967685634000077 ], [ 79.876471864000052, 6.967905925000025 ], [ 79.876453578000053, 6.968052859000068 ], [ 79.876472480000075, 6.968102300000055 ], [ 79.876470218000065, 6.968152567000061 ], [ 79.876252628000032, 6.968294243000059 ], [ 79.87622082200005, 6.968315704000076 ], [ 79.876070412000047, 6.968416689000037 ], [ 79.87597155800006, 6.968482779000055 ], [ 79.875847605000047, 6.968565730000023 ], [ 79.875837098000034, 6.968570682000063 ], [ 79.875804673000061, 6.968585993000033 ], [ 79.875625852000042, 6.968684211000038 ], [ 79.875404266000032, 6.968810287000053 ], [ 79.875109301000066, 6.968977547000065 ], [ 79.874911076000046, 6.969095709000044 ], [ 79.874783080000043, 6.969163463000029 ], [ 79.874691768000048, 6.969212657000071 ], [ 79.874615130000052, 6.969255191000059 ], [ 79.874471822000032, 6.969331774000068 ], [ 79.874292654000044, 6.969422215000066 ], [ 79.874012571000037, 6.969568071000026 ], [ 79.873905955000055, 6.969623477000027 ], [ 79.873831584000072, 6.969662849000031 ], [ 79.873783124000056, 6.969687057000044 ], [ 79.873637925000082, 6.969759592000059 ], [ 79.873565447000033, 6.96980303600003 ], [ 79.873544884000069, 6.96981402800003 ], [ 79.873522048000041, 6.969830622000075 ], [ 79.873155174000033, 6.97002776100004 ], [ 79.873140813000077, 6.970035907000067 ], [ 79.873078443000054, 6.970071288000042 ], [ 79.873025249000079, 6.970109796000031 ], [ 79.872966715000075, 6.97014901600005 ], [ 79.872959965000064, 6.970153914000036 ], [ 79.872844651000037, 6.970237577000034 ], [ 79.872835477000081, 6.970218849000048 ], [ 79.87281751900008, 6.970182187000034 ], [ 79.872782121000057, 6.970095316000027 ], [ 79.872747184000048, 6.970004195000058 ], [ 79.872721962000071, 6.969943835000038 ], [ 79.872706934000064, 6.969899501000043 ], [ 79.872697945000084, 6.969868560000066 ], [ 79.872657011000058, 6.969695325000032 ], [ 79.872644985000079, 6.96964358200006 ], [ 79.872627519000048, 6.969549420000021 ], [ 79.872598249000077, 6.969428924000056 ], [ 79.872564566000051, 6.969438715000024 ], [ 79.872501922000083, 6.969450982000069 ], [ 79.872420361000081, 6.969464932000051 ], [ 79.872330655000042, 6.969482278000044 ], [ 79.872166162000042, 6.969514086000061 ], [ 79.872081077000075, 6.969525137000062 ], [ 79.872006129000056, 6.969535842000028 ], [ 79.871975158000055, 6.969541807000041 ], [ 79.871941040000081, 6.969548377000024 ], [ 79.871903926000073, 6.969554455000036 ], [ 79.871586258000036, 6.969621029000052 ], [ 79.871362098000077, 6.969672501000048 ], [ 79.871228832000043, 6.969703985000024 ], [ 79.87116020600007, 6.969720942000038 ], [ 79.871033628000077, 6.969756507000056 ], [ 79.87102954900007, 6.969746971000063 ], [ 79.870998969000084, 6.969756802000063 ], [ 79.870801571000072, 6.969820260000063 ], [ 79.870583872000054, 6.969900951000056 ], [ 79.870303334000084, 6.969999604000066 ], [ 79.870036270000071, 6.970103438000024 ], [ 79.869965044000082, 6.970163473000071 ], [ 79.869764492000058, 6.970145951000063 ], [ 79.869729246000077, 6.970142872000054 ], [ 79.869729729000085, 6.970167605000029 ], [ 79.869651614000077, 6.970154007000076 ], [ 79.869651559000033, 6.970182716000068 ], [ 79.869650353000054, 6.970190414000058 ], [ 79.869643350000047, 6.970235141000046 ], [ 79.86958571200006, 6.970325941000056 ], [ 79.869509003000076, 6.970373642000027 ], [ 79.869484764000049, 6.970526710000058 ], [ 79.869498734000047, 6.970732482000074 ], [ 79.869502999000076, 6.971005222000031 ], [ 79.869473798000058, 6.971249190000037 ], [ 79.869444938000072, 6.971316121000029 ], [ 79.869458714000075, 6.971622374000049 ], [ 79.869559137000067, 6.97169433800002 ], [ 79.86955413700008, 6.971804378000058 ], [ 79.869553833000055, 6.971962276000056 ], [ 79.869563181000046, 6.972081914000057 ], [ 79.869581967000045, 6.972273341000061 ], [ 79.869610451000085, 6.972402584000065 ], [ 79.869635218000042, 6.972508624000056 ], [ 79.868779336000046, 6.972345206000057 ], [ 79.868780966000031, 6.972351422000031 ], [ 79.868788595000069, 6.972384259000023 ], [ 79.868792056000075, 6.972419621000029 ], [ 79.868792073000066, 6.972457958000064 ], [ 79.868795072000069, 6.972497931000021 ], [ 79.868802963000064, 6.972536013000024 ], [ 79.868811763000053, 6.972571384000048 ], [ 79.86881956700006, 6.972606934000055 ], [ 79.868826919000071, 6.972642845000053 ], [ 79.86883345800004, 6.972677670000053 ], [ 79.868841532000033, 6.972714306000057 ], [ 79.868845078000049, 6.972752380000031 ], [ 79.868845549000071, 6.972789997000064 ], [ 79.868849039000054, 6.972810257000049 ], [ 79.86883885900005, 6.972822799000028 ], [ 79.868838436000033, 6.972823319000042 ], [ 79.86881246300004, 6.972855313000025 ], [ 79.868723498000065, 6.972964904000037 ], [ 79.868575513000053, 6.973147199000039 ], [ 79.868284433000042, 6.973208308000039 ], [ 79.868230159000063, 6.972999378000054 ], [ 79.868165997000062, 6.972972238000068 ], [ 79.868132149000076, 6.972999189000063 ], [ 79.868195829000058, 6.97327621900007 ], [ 79.868407114000036, 6.974124233000055 ], [ 79.868481465000059, 6.97412437600002 ], [ 79.868535611000084, 6.974087333000057 ], [ 79.868478537000044, 6.973877734000041 ], [ 79.868616882000083, 6.973851680000053 ], [ 79.868721728000082, 6.973884312000052 ], [ 79.869049507000057, 6.973986330000059 ], [ 79.869065201000069, 6.973991215000069 ], [ 79.869139800000085, 6.974218036000025 ], [ 79.869225001000075, 6.974617316000035 ], [ 79.869250535000049, 6.974892716000056 ], [ 79.869251543000075, 6.974903588000075 ], [ 79.869252839000069, 6.974917568000023 ], [ 79.86925320000006, 6.975435499000071 ], [ 79.869226380000043, 6.975875976000054 ], [ 79.869218217000082, 6.976254661000041 ], [ 79.869218085000057, 6.976260772000046 ], [ 79.869216841000082, 6.976318478000053 ], [ 79.869200717000069, 6.976749574000053 ], [ 79.869172068000069, 6.977058939000074 ], [ 79.869172354000057, 6.977088298000069 ], [ 79.869176147000076, 6.977478228000052 ], [ 79.869179148000057, 6.978107608000073 ], [ 79.86917915600003, 6.978109249000056 ], [ 79.869179233000068, 6.978125272000057 ], [ 79.86917924200003, 6.978127190000066 ], [ 79.869182042000034, 6.978714313000069 ], [ 79.869259137000086, 6.978790728000035 ], [ 79.869638763000069, 6.979167003000043 ], [ 79.86981748900007, 6.979333472000064 ], [ 79.870142280000039, 6.97963598900003 ], [ 79.870506505000037, 6.979736624000054 ], [ 79.871039966000069, 6.979884019000053 ], [ 79.872552786000085, 6.980207190000044 ], [ 79.87254808800003, 6.980203293000045 ], [ 79.873016067000037, 6.98039023900003 ], [ 79.873355545000038, 6.980525852000028 ], [ 79.873487601000079, 6.980578605000062 ], [ 79.87354268200005, 6.980600608000032 ], [ 79.873682709000036, 6.980618400000026 ], [ 79.874457413000073, 6.980716833000031 ], [ 79.874466989000041, 6.980718049000075 ], [ 79.874520671000084, 6.980724870000074 ], [ 79.874526761000084, 6.980725644000074 ], [ 79.874552811000058, 6.980725412000027 ], [ 79.874578861000032, 6.980725182000072 ], [ 79.874680567000041, 6.98072428200004 ], [ 79.875103955000043, 6.980720531000031 ], [ 79.875207282000076, 6.980719616000044 ], [ 79.875304464000067, 6.980718756000044 ], [ 79.875420323000071, 6.980717728000059 ], [ 79.87566865000008, 6.980715528000076 ], [ 79.875978710000084, 6.980731043000048 ], [ 79.875809880000077, 6.980605052000044 ], [ 79.875692289000085, 6.980340115000047 ], [ 79.875691780000068, 6.980329510000047 ], [ 79.875675419000061, 6.98014104400005 ], [ 79.875647138000033, 6.979815246000044 ], [ 79.875659379000069, 6.979674716000034 ], [ 79.875707563000049, 6.979519302000028 ], [ 79.875842377000083, 6.979450779000047 ], [ 79.875902378000035, 6.979376131000038 ], [ 79.875914555000065, 6.979268496000032 ], [ 79.875931106000053, 6.979259410000054 ], [ 79.876067615000068, 6.979184471000053 ], [ 79.876128920000042, 6.979131006000046 ], [ 79.876147687000071, 6.979114639000045 ], [ 79.876185750000047, 6.979081443000041 ], [ 79.87618694400004, 6.979080402000022 ], [ 79.876250688000084, 6.979051938000055 ], [ 79.876288119000037, 6.97901038200007 ], [ 79.876306874000079, 6.978968791000057 ], [ 79.87631989700003, 6.978920010000024 ], [ 79.876341561000061, 6.978859764000049 ], [ 79.876349378000043, 6.978809215000069 ], [ 79.876353257000062, 6.978806306000024 ], [ 79.876359944000058, 6.978747207000026 ], [ 79.876458893000063, 6.978651699000068 ], [ 79.876513011000043, 6.978523211000038 ], [ 79.87655531200005, 6.978313958000058 ], [ 79.876603851000084, 6.97826322700007 ], [ 79.876609693000034, 6.978240585000037 ], [ 79.876637389000052, 6.978228175000027 ], [ 79.876675269000032, 6.978188586000044 ], [ 79.87679250900004, 6.978120865000051 ], [ 79.876861036000037, 6.978081282000062 ], [ 79.876947176000044, 6.978072841000028 ], [ 79.876994382000078, 6.978068215000064 ], [ 79.877123501000085, 6.978010360000042 ], [ 79.877319382000053, 6.977831507000076 ], [ 79.877328248000083, 6.977823411000031 ], [ 79.877340921000041, 6.97781578200005 ], [ 79.877491273000032, 6.977692024000021 ], [ 79.877570505000051, 6.977577341000028 ], [ 79.877642476000062, 6.977503313000057 ], [ 79.877745548000064, 6.977443700000038 ], [ 79.87786776300004, 6.977388907000034 ], [ 79.877950657000042, 6.977259298000035 ], [ 79.877989348000085, 6.977156774000036 ], [ 79.878047385000059, 6.976862922000066 ], [ 79.878083605000029, 6.976702700000033 ], [ 79.878109452000047, 6.976681653000071 ], [ 79.878175277000082, 6.976628048000066 ], [ 79.878240344000062, 6.976435649000052 ], [ 79.878330446000064, 6.976270745000022 ], [ 79.878377458000045, 6.976102170000047 ], [ 79.878442481000036, 6.97590492300003 ], [ 79.878575783000031, 6.975686271000029 ], [ 79.878737674000035, 6.975543035000044 ], [ 79.878841840000064, 6.975471415000072 ], [ 79.878881302000082, 6.975393230000066 ], [ 79.878963928000076, 6.975141987000029 ], [ 79.879063150000036, 6.97499459900007 ], [ 79.879086747000031, 6.974897337000073 ], [ 79.879085197000052, 6.974879573000067 ], [ 79.87909135600006, 6.974829311000065 ], [ 79.879121201000032, 6.974791029000073 ], [ 79.879154735000043, 6.974764418000063 ], [ 79.879173146000085, 6.974749105000058 ], [ 79.879180657000063, 6.974742857000024 ], [ 79.879207490000056, 6.974720766000075 ], [ 79.879233347000081, 6.974767085000053 ], [ 79.879234460000077, 6.974769079000055 ], [ 79.879245444000048, 6.974788755000077 ], [ 79.879256548000058, 6.974808647000032 ], [ 79.879375227000082, 6.97500949700003 ], [ 79.879466089000061, 6.975131805000046 ], [ 79.879451568000036, 6.975138693000076 ], [ 79.879669397000043, 6.975514625000073 ], [ 79.879790257000082, 6.975725988000022 ], [ 79.879865210000048, 6.975856878000059 ], [ 79.879967411000052, 6.976029326000059 ], [ 79.879979522000042, 6.976023989000055 ], [ 79.880016357000045, 6.976107949000038 ], [ 79.880113656000049, 6.976264245000038 ], [ 79.880156898000052, 6.976319576000037 ], [ 79.880052366000029, 6.976430187000062 ], [ 79.879934924000054, 6.976554461000035 ], [ 79.879925399000058, 6.976564538000048 ], [ 79.879823842000064, 6.976687136000066 ], [ 79.87977567400003, 6.976745282000024 ], [ 79.879719179000062, 6.976813483000058 ], [ 79.879654379000044, 6.976891709000029 ], [ 79.87961352700006, 6.976943703000074 ], [ 79.879547503000083, 6.977027731000021 ], [ 79.879504921000034, 6.977081926000039 ], [ 79.879481568000074, 6.977111647000072 ], [ 79.879481387000055, 6.977111647000072 ], [ 79.879394852000075, 6.977215602000058 ], [ 79.879332816000044, 6.977290126000071 ], [ 79.879301583000085, 6.977325209000071 ], [ 79.879251625000052, 6.977381325000067 ], [ 79.879277482000077, 6.97740729800006 ], [ 79.879327975000081, 6.977458016000071 ], [ 79.879338630000063, 6.977468719000058 ], [ 79.879345733000036, 6.977479433000042 ], [ 79.879339836000042, 6.977489562000073 ], [ 79.879323766000084, 6.977517448000071 ], [ 79.879183484000066, 6.977692932000025 ], [ 79.879104286000029, 6.977789673000075 ], [ 79.879062258000033, 6.977856581000026 ], [ 79.879034879000073, 6.978018776000056 ], [ 79.878800959000046, 6.978424715000074 ], [ 79.87928342500004, 6.979117973000029 ], [ 79.879533595000055, 6.979625766000026 ], [ 79.879875245000051, 6.980038427000068 ], [ 79.88003692400008, 6.980275264000056 ], [ 79.880223650000062, 6.980548791000047 ], [ 79.88028149400003, 6.980633524000041 ], [ 79.880319472000053, 6.980621525000061 ], [ 79.880397376000076, 6.980929132000028 ], [ 79.882169461000046, 6.97995742300003 ] ] ] ] } },
{ "type": "Feature", "properties": { "Shape_Leng": 0.05228980553, "Shape_Area": 6.442654e-05, "ADM4_EN": "Modara", "ADM4_SI": "මෝදර", "ADM4_TA": null, "ADM4_PCODE": "LK1103015", "ADM4_REF": null, "ADM3_EN": "Colombo", "ADM3_SI": "කොළඹ", "ADM3_TA": "கொழும்பு", "ADM3_PCODE": "LK1103", "ADM2_EN": "Colombo", "ADM2_SI": "කොළඹ දිස්ත්‍රික්ක", "ADM2_TA": "கொழும்பு மாவட்டம்", "ADM2_PCODE": "LK11", "ADM1_EN": "Western", "ADM1_SI": "බස්නාහිර පළාත", "ADM1_TA": "மேல் மாகாணம் ", "ADM1_PCODE": "LK1", "ADM0_EN": "Sri Lanka", "ADM0_SI": "ශ්‍රී ලංකා", "ADM0_TA": "இலங்கை", "ADM0_PCODE": "LK", "date": "2022-08-02", "validOn": "2022-08-16", "validTo": null, "length_sum": 31967.0, "damage_sco": 3 }, "geometry": { "type": "MultiPolygon", "coordinates": [ [ [ [ 79.875068193000061, 6.964834634000056 ], [ 79.875037332000034, 6.964786537000066 ], [ 79.875031085000046, 6.964776799000049 ], [ 79.875017726000067, 6.964758780000068 ], [ 79.875002279000057, 6.964745005000054 ], [ 79.874986641000078, 6.964735573000041 ], [ 79.874972078000042, 6.964732018000063 ], [ 79.874926483000081, 6.964725601000055 ], [ 79.874749048000069, 6.964709771000059 ], [ 79.874731457000053, 6.964708201000064 ], [ 79.874647904000085, 6.964700747000052 ], [ 79.874622757000054, 6.964695274000064 ], [ 79.874606305000043, 6.964686563000043 ], [ 79.874566248000065, 6.964670843000022 ], [ 79.874458866000055, 6.96460625900005 ], [ 79.874223217000065, 6.96444542200004 ], [ 79.874175362000074, 6.964412760000073 ], [ 79.873928216000081, 6.964222862000042 ], [ 79.873833712000078, 6.964150248000067 ], [ 79.873523789000046, 6.963907147000043 ], [ 79.873480605000054, 6.963869721000037 ], [ 79.873403087000042, 6.963805102000038 ], [ 79.873363506000032, 6.963776816000063 ], [ 79.87331202300004, 6.963725719000024 ], [ 79.873252669000067, 6.963673615000062 ], [ 79.873200379000082, 6.963619263000055 ], [ 79.873140206000073, 6.963521944000036 ], [ 79.873118031000047, 6.963477234000038 ], [ 79.873096507000071, 6.963422941000033 ], [ 79.873066357000084, 6.963383911000051 ], [ 79.873042257000066, 6.963352128000054 ], [ 79.87302621200007, 6.963319908000074 ], [ 79.873001821000059, 6.963250237000068 ], [ 79.87298136000004, 6.963208243000054 ], [ 79.872938862000069, 6.963134006000075 ], [ 79.872936173000085, 6.963129309000067 ], [ 79.872889024000074, 6.963037170000064 ], [ 79.872875493000038, 6.963014901000065 ], [ 79.872866465000072, 6.963000194000074 ], [ 79.872853932000055, 6.962979775000065 ], [ 79.872822799000062, 6.962934958000062 ], [ 79.872786145000077, 6.962889678000067 ], [ 79.872762584000043, 6.962859975000072 ], [ 79.872738352000056, 6.962818478000031 ], [ 79.872726956000065, 6.962798963000068 ], [ 79.872717225000031, 6.962782583000035 ], [ 79.872688098000083, 6.962685327000031 ], [ 79.872676234000039, 6.962633938000067 ], [ 79.87265530600007, 6.962505229000044 ], [ 79.872644018000074, 6.962429452000038 ], [ 79.87263252300005, 6.96235228300003 ], [ 79.872620533000031, 6.962280829000065 ], [ 79.872598151000034, 6.962133759000039 ], [ 79.872597903000042, 6.962132129000054 ], [ 79.872593929000061, 6.962106013000039 ], [ 79.872585502000049, 6.96205063900004 ], [ 79.872545699000057, 6.961760312000024 ], [ 79.872536413000034, 6.961708043000044 ], [ 79.872516423000036, 6.961595510000052 ], [ 79.872494956000082, 6.961511739000059 ], [ 79.872486662000085, 6.961480401000074 ], [ 79.872464500000035, 6.961396666000041 ], [ 79.872450717000049, 6.961346655000057 ], [ 79.872262307000085, 6.961444983000035 ], [ 79.87219361800004, 6.961489851000067 ], [ 79.871770199000082, 6.961775849000048 ], [ 79.871430439000051, 6.961845577000076 ], [ 79.871431231000031, 6.961843481000074 ], [ 79.871441321000077, 6.961816794000072 ], [ 79.87145040300004, 6.961786647000054 ], [ 79.871451339000032, 6.96178353800002 ], [ 79.871453184000075, 6.96176491500006 ], [ 79.87145316200008, 6.96176044300006 ], [ 79.871453118000034, 6.961751713000069 ], [ 79.871449948000077, 6.961706316000061 ], [ 79.871444856000039, 6.96165762000004 ], [ 79.871423461000063, 6.961503632000074 ], [ 79.87138991300003, 6.961301568000067 ], [ 79.871381616000065, 6.961266651000074 ], [ 79.871373750000032, 6.961233546000074 ], [ 79.871340452000084, 6.961093413000071 ], [ 79.871279315000038, 6.960756735000075 ], [ 79.871075463000068, 6.960656401000051 ], [ 79.870949977000066, 6.960544915000071 ], [ 79.870810272000085, 6.960358040000074 ], [ 79.870770932000084, 6.960271839000029 ], [ 79.870407012000044, 6.960307155000066 ], [ 79.870401065000067, 6.960281718000033 ], [ 79.870400091000079, 6.960277555000062 ], [ 79.870382814000038, 6.960226796000029 ], [ 79.870354705000068, 6.960161819000064 ], [ 79.870270460000029, 6.960018612000056 ], [ 79.870157204000066, 6.959857084000021 ], [ 79.87012403500006, 6.959809594000035 ], [ 79.870108383000058, 6.959787186000028 ], [ 79.869999273000076, 6.959633894000035 ], [ 79.869914904000041, 6.959508952000022 ], [ 79.869837220000079, 6.959389086000044 ], [ 79.869784357000071, 6.959303356000021 ], [ 79.869708303000039, 6.959183402000065 ], [ 79.869632251000041, 6.959062635000066 ], [ 79.869594179000046, 6.959002614000042 ], [ 79.869568667000067, 6.958951928000033 ], [ 79.869519945000036, 6.958830399000021 ], [ 79.869486133000066, 6.958719660000042 ], [ 79.869468847000064, 6.958626403000039 ], [ 79.869459661000064, 6.95855603800004 ], [ 79.869455677000076, 6.958510728000022 ], [ 79.869457785000066, 6.958496628000034 ], [ 79.869464871000048, 6.958482082000046 ], [ 79.869486427000083, 6.958471727000074 ], [ 79.869510874000071, 6.958464630000037 ], [ 79.869593602000066, 6.958454841000048 ], [ 79.869636921000051, 6.958450373000062 ], [ 79.869629719000045, 6.958408465000048 ], [ 79.86988412900007, 6.95766085300005 ], [ 79.869901987000048, 6.957168674000059 ], [ 79.869855013000063, 6.95680909500004 ], [ 79.869845430000055, 6.956829255000059 ], [ 79.869577068000069, 6.956978310000068 ], [ 79.868846818000065, 6.957012010000028 ], [ 79.86877349100007, 6.957007838000038 ], [ 79.868923488000064, 6.957469963000051 ], [ 79.868418808000058, 6.957675693000056 ], [ 79.868389892000039, 6.957701135000036 ], [ 79.868371048000085, 6.957712312000069 ], [ 79.868359544000043, 6.957718348000071 ], [ 79.868351031000032, 6.957721949000074 ], [ 79.868346321000047, 6.957724653000071 ], [ 79.868335633000072, 6.957729967000034 ], [ 79.86830935200004, 6.957749448000072 ], [ 79.868348336000054, 6.957806307000055 ], [ 79.868368820000057, 6.957843602000025 ], [ 79.868369076000079, 6.957844142000056 ], [ 79.868701798000075, 6.958544171000028 ], [ 79.868716989000063, 6.958576129000051 ], [ 79.868751032000034, 6.958647755000072 ], [ 79.868954095000049, 6.959074987000065 ], [ 79.869011713000077, 6.959362792000036 ], [ 79.869012898000051, 6.959493419000069 ], [ 79.869002591000083, 6.95956334400006 ], [ 79.868995422000069, 6.959556467000027 ], [ 79.868979595000042, 6.959551013000066 ], [ 79.868945397000061, 6.959548054000038 ], [ 79.868907278000052, 6.959558922000042 ], [ 79.868898243000046, 6.959562095000024 ], [ 79.868887306000033, 6.959565936000047 ], [ 79.868862727000078, 6.959574570000029 ], [ 79.868818635000082, 6.959586511000055 ], [ 79.868769021000048, 6.959599436000076 ], [ 79.868762765000042, 6.959600303000059 ], [ 79.868756068000039, 6.959601231000022 ], [ 79.86878912800006, 6.959746683000049 ], [ 79.868886084000053, 6.960376068000073 ], [ 79.868959353000037, 6.960871433000023 ], [ 79.869021112000041, 6.961127537000039 ], [ 79.869066873000065, 6.961202585000024 ], [ 79.86906330100004, 6.961212829000033 ], [ 79.868992576000039, 6.961226175000036 ], [ 79.868915754000056, 6.961237776000075 ], [ 79.868912177000084, 6.961238316000049 ], [ 79.868862503000059, 6.961245818000066 ], [ 79.868746012000031, 6.961260506000031 ], [ 79.868736054000067, 6.96126176100006 ], [ 79.868707021000034, 6.961150959000065 ], [ 79.868639873000063, 6.961155315000042 ], [ 79.868422070000065, 6.961116618000062 ], [ 79.868307141000059, 6.961118790000057 ], [ 79.86812881000003, 6.961130073000049 ], [ 79.868125347000046, 6.961157869000033 ], [ 79.868117281000082, 6.961258584000063 ], [ 79.868115660000058, 6.961348459000021 ], [ 79.868120238000074, 6.961414746000059 ], [ 79.868122458000073, 6.961436813000034 ], [ 79.868121278000046, 6.961485637000067 ], [ 79.868150747000072, 6.961502242000051 ], [ 79.868175860000065, 6.961524353000073 ], [ 79.868186582000078, 6.961538071000064 ], [ 79.868199453000045, 6.961554540000066 ], [ 79.868212239000059, 6.961570899000037 ], [ 79.868230910000079, 6.96160276300003 ], [ 79.868320447000031, 6.961722652000049 ], [ 79.86837192400003, 6.961775828000043 ], [ 79.868407517000037, 6.961807905000057 ], [ 79.868474586000048, 6.961863958000038 ], [ 79.868474553000055, 6.961864005000052 ], [ 79.868402856000046, 6.961962766000056 ], [ 79.868350796000072, 6.962034482000035 ], [ 79.868183171000055, 6.962240320000035 ], [ 79.868176755000036, 6.962248198000054 ], [ 79.867963728000063, 6.962507454000047 ], [ 79.867816831000084, 6.962686229000042 ], [ 79.867689565000035, 6.962841113000025 ], [ 79.867699447000064, 6.962851206000039 ], [ 79.867759824000075, 6.962912870000025 ], [ 79.867851854000037, 6.96300663300002 ], [ 79.867909240000074, 6.963066026000035 ], [ 79.868043042000068, 6.963204504000032 ], [ 79.868098947000078, 6.963262365000048 ], [ 79.868180046000077, 6.963347336000027 ], [ 79.868234822000034, 6.963406433000046 ], [ 79.868293559000051, 6.963469802000077 ], [ 79.868407156000046, 6.963595524000027 ], [ 79.868538354000066, 6.963744790000021 ], [ 79.868554237000069, 6.963767607000023 ], [ 79.868572829000072, 6.96379250800004 ], [ 79.868602894000048, 6.96382873400006 ], [ 79.86862874500008, 6.963857355000073 ], [ 79.868630229000075, 6.963858999000024 ], [ 79.868650753000054, 6.963881723000043 ], [ 79.868740788000082, 6.963977684000042 ], [ 79.868777813000065, 6.96401714600006 ], [ 79.868901449000077, 6.96414668400007 ], [ 79.869076110000037, 6.964328676000036 ], [ 79.869134817000031, 6.964387741000053 ], [ 79.869179699000085, 6.964435843000047 ], [ 79.869159748000072, 6.964457775000028 ], [ 79.869151956000053, 6.964465375000032 ], [ 79.869132913000044, 6.96448394500004 ], [ 79.86908233500003, 6.96452761300003 ], [ 79.868932151000081, 6.96465147300006 ], [ 79.868764271000032, 6.964801882000074 ], [ 79.868739165000079, 6.96482209800007 ], [ 79.868664121000052, 6.964882526000054 ], [ 79.868663448000063, 6.964883100000065 ], [ 79.868038775000059, 6.965385581000021 ], [ 79.868001713000069, 6.965426425000032 ], [ 79.867957256000068, 6.96546311700007 ], [ 79.867869331000065, 6.965539444000058 ], [ 79.86774870000005, 6.965645940000059 ], [ 79.867697738000061, 6.965690930000051 ], [ 79.867598008000073, 6.965788845000077 ], [ 79.867528020000066, 6.965855171000044 ], [ 79.867496749000054, 6.965881784000032 ], [ 79.867473186000041, 6.965899913000044 ], [ 79.867423323000082, 6.965947922000055 ], [ 79.867350775000034, 6.966027895000025 ], [ 79.867260908000048, 6.966125739000063 ], [ 79.867239679000079, 6.966153998000038 ], [ 79.86715815000008, 6.966245439000033 ], [ 79.867124955000065, 6.966284346000066 ], [ 79.866961005000064, 6.966460623000046 ], [ 79.866914111000085, 6.966517588000045 ], [ 79.866875470000082, 6.966564442000049 ], [ 79.866800066000053, 6.966671084000041 ], [ 79.866686394000055, 6.96681852200004 ], [ 79.866621604000045, 6.966910898000037 ], [ 79.866587560000085, 6.966967797000052 ], [ 79.866549704000079, 6.967030387000023 ], [ 79.866534626000032, 6.967055481000045 ], [ 79.86651112100003, 6.967094601000042 ], [ 79.866495773000054, 6.967126157000052 ], [ 79.866481594000049, 6.967155307000041 ], [ 79.866452141000082, 6.967224242000043 ], [ 79.866440504000082, 6.967252923000046 ], [ 79.86629655400003, 6.967359893000037 ], [ 79.866276177000032, 6.967385948000071 ], [ 79.866279146000068, 6.967392375000031 ], [ 79.866283229000032, 6.967392732000064 ], [ 79.86631950900005, 6.967396780000058 ], [ 79.866337763000047, 6.967409746000044 ], [ 79.866352476000031, 6.967429213000059 ], [ 79.866361393000034, 6.967450842000062 ], [ 79.866366136000067, 6.967478429000039 ], [ 79.866379023000036, 6.967506033000063 ], [ 79.86639527300008, 6.967526047000035 ], [ 79.866419662000055, 6.967548879000049 ], [ 79.866427974000032, 6.967555858000026 ], [ 79.866468582000039, 6.967568054000026 ], [ 79.866492789000063, 6.967591066000068 ], [ 79.866516546000071, 6.967612994000035 ], [ 79.86654608200007, 6.967641805000028 ], [ 79.866571092000072, 6.967671149000068 ], [ 79.866596366000067, 6.96770420200005 ], [ 79.866614866000077, 6.967730912000036 ], [ 79.866615516000081, 6.96773192400002 ], [ 79.86663678900004, 6.967765041000064 ], [ 79.866657537000037, 6.967799352000043 ], [ 79.866676742000038, 6.967835738000076 ], [ 79.866691871000057, 6.967873381000061 ], [ 79.866706281000063, 6.967909487000043 ], [ 79.866719615000079, 6.967939804000025 ], [ 79.866731230000084, 6.967970298000068 ], [ 79.866740311000058, 6.968000877000065 ], [ 79.86674585600008, 6.968033982000065 ], [ 79.866748959000063, 6.968067805000032 ], [ 79.866751431000068, 6.96809982000002 ], [ 79.866753722000055, 6.96813219400002 ], [ 79.866757004000078, 6.968166471000075 ], [ 79.866757391000078, 6.968172813000024 ], [ 79.866759022000053, 6.968199568000045 ], [ 79.866759032000061, 6.968240710000032 ], [ 79.866758959000038, 6.968278867000038 ], [ 79.866758012000048, 6.968300838000062 ], [ 79.866747837000048, 6.968321254000045 ], [ 79.866738422000083, 6.968330514000058 ], [ 79.866732424000077, 6.968336414000021 ], [ 79.866713219000076, 6.968347227000038 ], [ 79.866703477000044, 6.968358143000046 ], [ 79.866698075000045, 6.968364197000028 ], [ 79.866689438000037, 6.968384616000037 ], [ 79.866691209000066, 6.968404602000021 ], [ 79.866694006000046, 6.968408587000056 ], [ 79.866702147000069, 6.968411134000064 ], [ 79.86673617200006, 6.968411109000044 ], [ 79.866774636000059, 6.968408652000051 ], [ 79.866810472000054, 6.968407907000028 ], [ 79.866848941000057, 6.968403098000067 ], [ 79.866885335000063, 6.968394487000069 ], [ 79.866920919000052, 6.968384158000049 ], [ 79.866956599000048, 6.968371024000021 ], [ 79.866991194000036, 6.968356895000056 ], [ 79.867028321000078, 6.968344308000042 ], [ 79.867066979000072, 6.968334255000059 ], [ 79.867106179000075, 6.968326374000071 ], [ 79.867143568000074, 6.96831830800005 ], [ 79.867181226000071, 6.968311508000056 ], [ 79.867218349000041, 6.968301180000026 ], [ 79.867252945000075, 6.968286780000028 ], [ 79.86727580400003, 6.968276974000048 ], [ 79.867278756000076, 6.968275708000021 ], [ 79.867314153000052, 6.968267909000076 ], [ 79.86734971900006, 6.96826689300002 ], [ 79.867352355000037, 6.968266892000031 ], [ 79.867383835000055, 6.968266868000057 ], [ 79.867416683000044, 6.968267113000024 ], [ 79.867437323000047, 6.968267152000067 ], [ 79.867438673000038, 6.968267155000035 ], [ 79.867441066000083, 6.968267879000052 ], [ 79.867472045000056, 6.968277255000032 ], [ 79.867504862000033, 6.968293957000071 ], [ 79.867533425000033, 6.968310830000064 ], [ 79.867559444000051, 6.968332581000027 ], [ 79.867582470000059, 6.968359298000053 ], [ 79.867603683000084, 6.968386375000023 ], [ 79.867623895000065, 6.968416886000057 ], [ 79.867644103000032, 6.968449476000046 ], [ 79.867666576000033, 6.968479990000048 ], [ 79.867687783000065, 6.968510593000076 ], [ 79.867711791000033, 6.968543192000027 ], [ 79.867733190000081, 6.968568370000071 ], [ 79.86775214100004, 6.968594900000028 ], [ 79.867769639000073, 6.968625496000072 ], [ 79.867788583000049, 6.968656275000058 ], [ 79.867808528000069, 6.968684344000053 ], [ 79.867830993000041, 6.968719652000061 ], [ 79.867848392000042, 6.968754045000026 ], [ 79.867867872000033, 6.968788352000047 ], [ 79.867886271000032, 6.968820395000023 ], [ 79.867907296000055, 6.96885099900004 ], [ 79.867928950000078, 6.968884768000066 ], [ 79.86794870500006, 6.968917356000077 ], [ 79.867970190000051, 6.968944615000055 ], [ 79.867983074000051, 6.968964837000044 ], [ 79.867993377000062, 6.968981009000061 ], [ 79.868016651000062, 6.969018850000054 ], [ 79.868038841000043, 6.969055512000068 ], [ 79.86806157400008, 6.969092629000045 ], [ 79.868063254000049, 6.969095344000038 ], [ 79.868064082000046, 6.969096682000043 ], [ 79.868086381000069, 6.969132733000038 ], [ 79.868111645000056, 6.969171932000052 ], [ 79.868136910000032, 6.969210321000048 ], [ 79.868160361000037, 6.969249969000032 ], [ 79.868184631000076, 6.969288084000027 ], [ 79.868208632000062, 6.969324207000057 ], [ 79.868230093000079, 6.969364035000069 ], [ 79.868248023000035, 6.969404758000053 ], [ 79.868264686000032, 6.969445117000021 ], [ 79.868281621000051, 6.969485749000057 ], [ 79.868299731000036, 6.969526383000073 ], [ 79.868319199000041, 6.969567561000076 ], [ 79.868339936000041, 6.96960675400004 ], [ 79.868361394000033, 6.969648117000077 ], [ 79.868381314000032, 6.969689026000026 ], [ 79.868401327000072, 6.969729212000061 ], [ 79.868421521000073, 6.969768855000041 ], [ 79.868436378000069, 6.969807493000076 ], [ 79.868429139000057, 6.969830767000076 ], [ 79.868415520000042, 6.969874563000076 ], [ 79.868409879000069, 6.969892704000074 ], [ 79.868386667000038, 6.969954007000069 ], [ 79.868228406000071, 6.97023736500006 ], [ 79.868219804000034, 6.970241285000043 ], [ 79.867865151000046, 6.970402939000053 ], [ 79.867808513000057, 6.970150586000045 ], [ 79.867757834000031, 6.970142891000023 ], [ 79.867724830000043, 6.970170687000063 ], [ 79.867908234000083, 6.971016958000064 ], [ 79.867958849000047, 6.971057579000046 ], [ 79.867994389000046, 6.971029788000067 ], [ 79.868009661000031, 6.970996891000027 ], [ 79.867951681000079, 6.970820284000069 ], [ 79.868302260000064, 6.970830690000071 ], [ 79.868380109000043, 6.970896132000064 ], [ 79.868591011000035, 6.971073420000039 ], [ 79.86866856000006, 6.971138610000025 ], [ 79.868680481000069, 6.971148631000062 ], [ 79.868685019000054, 6.971188516000041 ], [ 79.868689791000065, 6.971219291000068 ], [ 79.868700905000082, 6.971303652000074 ], [ 79.868702639000048, 6.971343079000064 ], [ 79.868705642000066, 6.971381424000072 ], [ 79.868713716000059, 6.97141805800004 ], [ 79.868722331000072, 6.971455690000028 ], [ 79.868726344000038, 6.971486113000026 ], [ 79.868727594000063, 6.971495576000052 ], [ 79.868730416000062, 6.971533468000075 ], [ 79.868733418000033, 6.97157280700003 ], [ 79.868735970000046, 6.971609974000046 ], [ 79.868735903000072, 6.971644516000026 ], [ 79.868735925000067, 6.971680593000031 ], [ 79.868735944000036, 6.971717757000022 ], [ 79.868735876000073, 6.971752568000056 ], [ 79.868735902000083, 6.971786115000043 ], [ 79.868735841000046, 6.971818214000052 ], [ 79.868735851000054, 6.971859898000048 ], [ 79.868735867000055, 6.971898235000026 ], [ 79.868735892000075, 6.971932867000021 ], [ 79.868735824000055, 6.971967678000055 ], [ 79.868742672000053, 6.972077283000033 ], [ 79.868742596000061, 6.972116886000038 ], [ 79.868744608000043, 6.972152787000027 ], [ 79.868747171000052, 6.972184801000026 ], [ 79.868752176000044, 6.972217363000027 ], [ 79.868756997000048, 6.972251189000076 ], [ 79.868762113000059, 6.972279843000024 ], [ 79.868763085000069, 6.972285290000059 ], [ 79.868772162000084, 6.972317858000054 ], [ 79.868779336000046, 6.972345206000057 ], [ 79.869635218000042, 6.972508624000056 ], [ 79.869610451000085, 6.972402584000065 ], [ 79.869581967000045, 6.972273341000061 ], [ 79.869563181000046, 6.972081914000057 ], [ 79.869553833000055, 6.971962276000056 ], [ 79.86955413700008, 6.971804378000058 ], [ 79.869559137000067, 6.97169433800002 ], [ 79.869458714000075, 6.971622374000049 ], [ 79.869444938000072, 6.971316121000029 ], [ 79.869473798000058, 6.971249190000037 ], [ 79.869502999000076, 6.971005222000031 ], [ 79.869498734000047, 6.970732482000074 ], [ 79.869484764000049, 6.970526710000058 ], [ 79.869509003000076, 6.970373642000027 ], [ 79.86958571200006, 6.970325941000056 ], [ 79.869643350000047, 6.970235141000046 ], [ 79.869650353000054, 6.970190414000058 ], [ 79.869651559000033, 6.970182716000068 ], [ 79.869651614000077, 6.970154007000076 ], [ 79.869729729000085, 6.970167605000029 ], [ 79.869729246000077, 6.970142872000054 ], [ 79.869764492000058, 6.970145951000063 ], [ 79.869965044000082, 6.970163473000071 ], [ 79.870036270000071, 6.970103438000024 ], [ 79.870303334000084, 6.969999604000066 ], [ 79.870583872000054, 6.969900951000056 ], [ 79.870801571000072, 6.969820260000063 ], [ 79.870998969000084, 6.969756802000063 ], [ 79.87102954900007, 6.969746971000063 ], [ 79.871033628000077, 6.969756507000056 ], [ 79.87116020600007, 6.969720942000038 ], [ 79.871228832000043, 6.969703985000024 ], [ 79.871362098000077, 6.969672501000048 ], [ 79.871586258000036, 6.969621029000052 ], [ 79.871903926000073, 6.969554455000036 ], [ 79.871941040000081, 6.969548377000024 ], [ 79.871975158000055, 6.969541807000041 ], [ 79.872006129000056, 6.969535842000028 ], [ 79.872081077000075, 6.969525137000062 ], [ 79.872166162000042, 6.969514086000061 ], [ 79.872330655000042, 6.969482278000044 ], [ 79.872420361000081, 6.969464932000051 ], [ 79.872501922000083, 6.969450982000069 ], [ 79.872564566000051, 6.969438715000024 ], [ 79.872598249000077, 6.969428924000056 ], [ 79.872627519000048, 6.969549420000021 ], [ 79.872644985000079, 6.96964358200006 ], [ 79.872657011000058, 6.969695325000032 ], [ 79.872697945000084, 6.969868560000066 ], [ 79.872706934000064, 6.969899501000043 ], [ 79.872721962000071, 6.969943835000038 ], [ 79.872747184000048, 6.970004195000058 ], [ 79.872782121000057, 6.970095316000027 ], [ 79.87281751900008, 6.970182187000034 ], [ 79.872835477000081, 6.970218849000048 ], [ 79.872844651000037, 6.970237577000034 ], [ 79.872959965000064, 6.970153914000036 ], [ 79.872966715000075, 6.97014901600005 ], [ 79.873025249000079, 6.970109796000031 ], [ 79.873078443000054, 6.970071288000042 ], [ 79.873140813000077, 6.970035907000067 ], [ 79.873155174000033, 6.97002776100004 ], [ 79.873522048000041, 6.969830622000075 ], [ 79.873544884000069, 6.96981402800003 ], [ 79.873565447000033, 6.96980303600003 ], [ 79.873637925000082, 6.969759592000059 ], [ 79.873783124000056, 6.969687057000044 ], [ 79.873831584000072, 6.969662849000031 ], [ 79.873905955000055, 6.969623477000027 ], [ 79.874012571000037, 6.969568071000026 ], [ 79.874292654000044, 6.969422215000066 ], [ 79.874471822000032, 6.969331774000068 ], [ 79.874615130000052, 6.969255191000059 ], [ 79.874691768000048, 6.969212657000071 ], [ 79.874783080000043, 6.969163463000029 ], [ 79.874911076000046, 6.969095709000044 ], [ 79.875109301000066, 6.968977547000065 ], [ 79.875404266000032, 6.968810287000053 ], [ 79.875625852000042, 6.968684211000038 ], [ 79.875804673000061, 6.968585993000033 ], [ 79.875837098000034, 6.968570682000063 ], [ 79.875847605000047, 6.968565730000023 ], [ 79.87597155800006, 6.968482779000055 ], [ 79.876070412000047, 6.968416689000037 ], [ 79.87622082200005, 6.968315704000076 ], [ 79.876252628000032, 6.968294243000059 ], [ 79.876470218000065, 6.968152567000061 ], [ 79.876472480000075, 6.968102300000055 ], [ 79.876453578000053, 6.968052859000068 ], [ 79.876471864000052, 6.967905925000025 ], [ 79.87637172400008, 6.967685634000077 ], [ 79.876323557000035, 6.967712772000027 ], [ 79.876166830000045, 6.967780939000022 ], [ 79.876087921000078, 6.96772696000005 ], [ 79.875908831000061, 6.967551659000037 ], [ 79.875907840000082, 6.96755107000007 ], [ 79.875708237000083, 6.967198715000052 ], [ 79.875507652000067, 6.966918421000059 ], [ 79.875287626000045, 6.966665667000029 ], [ 79.875267370000074, 6.966642398000033 ], [ 79.875264192000031, 6.966636551000022 ], [ 79.874898554000083, 6.966625275000069 ], [ 79.874534367000081, 6.965869312000052 ], [ 79.874949505000075, 6.965510862000031 ], [ 79.875177544000053, 6.965207511000074 ], [ 79.87520715800008, 6.965168116000029 ], [ 79.875205822000055, 6.965110062000065 ], [ 79.875185686000066, 6.965039675000071 ], [ 79.875152436000064, 6.964965738000046 ], [ 79.875094750000073, 6.964875932000041 ], [ 79.875070963000042, 6.964838904000032 ], [ 79.875068193000061, 6.964834634000056 ] ] ] ] } },
{ "type": "Feature", "properties": { "Shape_Leng": 0.01920070023, "Shape_Area": 2.293732e-05, "ADM4_EN": "Madampitiya", "ADM4_SI": "මාදම්පිටිය", "ADM4_TA": null, "ADM4_PCODE": "LK1103020", "ADM4_REF": null, "ADM3_EN": "Colombo", "ADM3_SI": "කොළඹ", "ADM3_TA": "கொழும்பு", "ADM3_PCODE": "LK1103", "ADM2_EN": "Colombo", "ADM2_SI": "කොළඹ දිස්ත්‍රික්ක", "ADM2_TA": "கொழும்பு மாவட்டம்", "ADM2_PCODE": "LK11", "ADM1_EN": "Western", "ADM1_SI": "බස්නාහිර පළාත", "ADM1_TA": "மேல் மாகாணம் ", "ADM1_PCODE": "LK1", "ADM0_EN": "Sri Lanka", "ADM0_SI": "ශ්‍රී ලංකා", "ADM0_TA": "இலங்கை", "ADM0_PCODE": "LK", "date": "2022-08-02", "validOn": "2022-08-16", "validTo": null, "length_sum": 8940.0, "damage_sco": 0 }, "geometry": { "type": "MultiPolygon", "coordinates": [ [ [ [ 79.878518590000056, 6.96327911700007 ], [ 79.878494979000038, 6.963143875000071 ], [ 79.878489767000076, 6.963029779000067 ], [ 79.878489483000067, 6.963023571000065 ], [ 79.878440855000065, 6.961959346000071 ], [ 79.878445600000077, 6.961795107000057 ], [ 79.878473801000041, 6.96081917500004 ], [ 79.87847712000007, 6.960704346000057 ], [ 79.878479728000059, 6.960614040000053 ], [ 79.87848040700004, 6.960590553000031 ], [ 79.878481054000076, 6.960568205000072 ], [ 79.878482793000046, 6.960561492000068 ], [ 79.878497547000052, 6.960504542000024 ], [ 79.878496590000054, 6.960504359000026 ], [ 79.878333351000038, 6.960473419000039 ], [ 79.878185201000065, 6.960445337000067 ], [ 79.878142129000082, 6.960437173000059 ], [ 79.878083342000082, 6.960426030000065 ], [ 79.87783896600007, 6.960377074000064 ], [ 79.87779686500005, 6.960368641000059 ], [ 79.877761003000046, 6.960361457000033 ], [ 79.877720822000072, 6.960353407000071 ], [ 79.877683428000068, 6.960345915000062 ], [ 79.877465431000076, 6.960302245000037 ], [ 79.877218292000066, 6.96025792100005 ], [ 79.877203182000073, 6.960253436000073 ], [ 79.877053962000048, 6.960209143000043 ], [ 79.876855938000062, 6.960129467000058 ], [ 79.876711940000064, 6.960047634000034 ], [ 79.876596215000063, 6.959945418000075 ], [ 79.876430040000059, 6.95977294000005 ], [ 79.876295725000034, 6.959593884000071 ], [ 79.876167376000069, 6.959422783000036 ], [ 79.876073862000055, 6.959252703000061 ], [ 79.876021498000057, 6.959142019000069 ], [ 79.875997761000065, 6.959090518000039 ], [ 79.875989506000053, 6.959072605000074 ], [ 79.875953819000074, 6.958995137000045 ], [ 79.875921937000044, 6.958915415000035 ], [ 79.875906133000058, 6.958850554000037 ], [ 79.875894217000052, 6.958788320000053 ], [ 79.875885210000035, 6.958699479000074 ], [ 79.875884891000055, 6.958696345000021 ], [ 79.875866142000064, 6.95872001500004 ], [ 79.875791278000065, 6.958814528000062 ], [ 79.87568793500003, 6.958911957000055 ], [ 79.875649043000067, 6.958948623000026 ], [ 79.875584733000039, 6.959003847000076 ], [ 79.875570787000072, 6.959015823000072 ], [ 79.875559797000051, 6.959025259000043 ], [ 79.875534836000043, 6.959046693000062 ], [ 79.875488979000068, 6.959082502000058 ], [ 79.875269805000073, 6.959274953000033 ], [ 79.875187202000063, 6.959344976000068 ], [ 79.874847070000044, 6.959633300000064 ], [ 79.874796900000035, 6.959677334000048 ], [ 79.874459933000082, 6.959973088000027 ], [ 79.874245565000081, 6.960156335000022 ], [ 79.874201249000066, 6.960194217000037 ], [ 79.873843781000062, 6.960491743000034 ], [ 79.873692443000039, 6.960614143000043 ], [ 79.873591374000057, 6.960695885000064 ], [ 79.873384535000071, 6.960871901000075 ], [ 79.873241502000042, 6.960996138000041 ], [ 79.873084383000048, 6.961123820000068 ], [ 79.872911147000082, 6.96126460000005 ], [ 79.87289667500005, 6.961276098000042 ], [ 79.872706687000061, 6.961427057000037 ], [ 79.872608530000036, 6.961507887000039 ], [ 79.872516423000036, 6.961595510000052 ], [ 79.872536413000034, 6.961708043000044 ], [ 79.872545699000057, 6.961760312000024 ], [ 79.872585502000049, 6.96205063900004 ], [ 79.872593929000061, 6.962106013000039 ], [ 79.872597903000042, 6.962132129000054 ], [ 79.872598151000034, 6.962133759000039 ], [ 79.872620533000031, 6.962280829000065 ], [ 79.87263252300005, 6.96235228300003 ], [ 79.872644018000074, 6.962429452000038 ], [ 79.87265530600007, 6.962505229000044 ], [ 79.872676234000039, 6.962633938000067 ], [ 79.872688098000083, 6.962685327000031 ], [ 79.872717225000031, 6.962782583000035 ], [ 79.872726956000065, 6.962798963000068 ], [ 79.872738352000056, 6.962818478000031 ], [ 79.872762584000043, 6.962859975000072 ], [ 79.872786145000077, 6.962889678000067 ], [ 79.872822799000062, 6.962934958000062 ], [ 79.872853932000055, 6.962979775000065 ], [ 79.872866465000072, 6.963000194000074 ], [ 79.872875493000038, 6.963014901000065 ], [ 79.872889024000074, 6.963037170000064 ], [ 79.872936173000085, 6.963129309000067 ], [ 79.872938862000069, 6.963134006000075 ], [ 79.87298136000004, 6.963208243000054 ], [ 79.873001821000059, 6.963250237000068 ], [ 79.87302621200007, 6.963319908000074 ], [ 79.873042257000066, 6.963352128000054 ], [ 79.873066357000084, 6.963383911000051 ], [ 79.873096507000071, 6.963422941000033 ], [ 79.873118031000047, 6.963477234000038 ], [ 79.873140206000073, 6.963521944000036 ], [ 79.873200379000082, 6.963619263000055 ], [ 79.873252669000067, 6.963673615000062 ], [ 79.87331202300004, 6.963725719000024 ], [ 79.873363506000032, 6.963776816000063 ], [ 79.873403087000042, 6.963805102000038 ], [ 79.873480605000054, 6.963869721000037 ], [ 79.873523789000046, 6.963907147000043 ], [ 79.873833712000078, 6.964150248000067 ], [ 79.873928216000081, 6.964222862000042 ], [ 79.874175362000074, 6.964412760000073 ], [ 79.874223217000065, 6.96444542200004 ], [ 79.874458866000055, 6.96460625900005 ], [ 79.874566248000065, 6.964670843000022 ], [ 79.874606305000043, 6.964686563000043 ], [ 79.874622757000054, 6.964695274000064 ], [ 79.874647904000085, 6.964700747000052 ], [ 79.874731457000053, 6.964708201000064 ], [ 79.874749048000069, 6.964709771000059 ], [ 79.874926483000081, 6.964725601000055 ], [ 79.874972078000042, 6.964732018000063 ], [ 79.874986641000078, 6.964735573000041 ], [ 79.875002279000057, 6.964745005000054 ], [ 79.875017726000067, 6.964758780000068 ], [ 79.875031085000046, 6.964776799000049 ], [ 79.875037332000034, 6.964786537000066 ], [ 79.875068193000061, 6.964834634000056 ], [ 79.875068800000065, 6.964834198000062 ], [ 79.875419214000033, 6.964582863000032 ], [ 79.875581500000067, 6.964471049000053 ], [ 79.875585499000067, 6.964461472000039 ], [ 79.875585570000055, 6.964461301000028 ], [ 79.875585771000033, 6.964461292000067 ], [ 79.875678669000081, 6.964456599000073 ], [ 79.875846121000052, 6.964448139000069 ], [ 79.875848584000039, 6.964448015000073 ], [ 79.875954887000034, 6.964442643000041 ], [ 79.876008320000039, 6.964439943000059 ], [ 79.87615454400003, 6.964438407000046 ], [ 79.876100185000041, 6.964384149000068 ], [ 79.876089706000073, 6.964374759000066 ], [ 79.876081610000085, 6.964367506000031 ], [ 79.876061550000031, 6.964349536000043 ], [ 79.876090236000039, 6.964352520000034 ], [ 79.876225348000048, 6.964312326000027 ], [ 79.876314031000049, 6.964262254000062 ], [ 79.87642192900006, 6.964181119000045 ], [ 79.876575363000029, 6.964076145000035 ], [ 79.876707184000054, 6.96400462500003 ], [ 79.876913260000038, 6.96391649800006 ], [ 79.877152873000057, 6.963818865000064 ], [ 79.877260030000059, 6.963787171000035 ], [ 79.877266291000069, 6.963783557000056 ], [ 79.877528218000066, 6.963705828000059 ], [ 79.877647424000031, 6.963658863000035 ], [ 79.87801367600008, 6.963442672000042 ], [ 79.878518590000056, 6.96327911700007 ] ] ] ] } },
{ "type": "Feature", "properties": { "Shape_Leng": 0.03388947286, "Shape_Area": 4.154482e-05, "ADM4_EN": "Mahawatta", "ADM4_SI": "මහවත්ත", "ADM4_TA": null, "ADM4_PCODE": "LK1103025", "ADM4_REF": null, "ADM3_EN": "Colombo", "ADM3_SI": "කොළඹ", "ADM3_TA": "கொழும்பு", "ADM3_PCODE": "LK1103", "ADM2_EN": "Colombo", "ADM2_SI": "කොළඹ දිස්ත්‍රික්ක", "ADM2_TA": "கொழும்பு மாவட்டம்", "ADM2_PCODE": "LK11", "ADM1_EN": "Western", "ADM1_SI": "බස්නාහිර පළාත", "ADM1_TA": "மேல் மாகாணம் ", "ADM1_PCODE": "LK1", "ADM0_EN": "Sri Lanka", "ADM0_SI": "ශ්‍රී ලංකා", "ADM0_TA": "இலங்கை", "ADM0_PCODE": "LK", "date": "2022-08-02", "validOn": "2022-08-16", "validTo": null, "length_sum": 19628.0, "damage_sco": 2 }, "geometry": { "type": "MultiPolygon", "coordinates": [ [ [ [ 79.872516423000036, 6.961595510000052 ], [ 79.872608530000036, 6.961507887000039 ], [ 79.872706687000061, 6.961427057000037 ], [ 79.87289667500005, 6.961276098000042 ], [ 79.872911147000082, 6.96126460000005 ], [ 79.873084383000048, 6.961123820000068 ], [ 79.873241502000042, 6.960996138000041 ], [ 79.873384535000071, 6.960871901000075 ], [ 79.873591374000057, 6.960695885000064 ], [ 79.873692443000039, 6.960614143000043 ], [ 79.873843781000062, 6.960491743000034 ], [ 79.874201249000066, 6.960194217000037 ], [ 79.874245565000081, 6.960156335000022 ], [ 79.874459933000082, 6.959973088000027 ], [ 79.874796900000035, 6.959677334000048 ], [ 79.874847070000044, 6.959633300000064 ], [ 79.875187202000063, 6.959344976000068 ], [ 79.875269805000073, 6.959274953000033 ], [ 79.875488979000068, 6.959082502000058 ], [ 79.875534836000043, 6.959046693000062 ], [ 79.875559797000051, 6.959025259000043 ], [ 79.875570787000072, 6.959015823000072 ], [ 79.875584733000039, 6.959003847000076 ], [ 79.875649043000067, 6.958948623000026 ], [ 79.87568793500003, 6.958911957000055 ], [ 79.875791278000065, 6.958814528000062 ], [ 79.875866142000064, 6.95872001500004 ], [ 79.875884891000055, 6.958696345000021 ], [ 79.875885210000035, 6.958699479000074 ], [ 79.875894217000052, 6.958788320000053 ], [ 79.875906133000058, 6.958850554000037 ], [ 79.875921937000044, 6.958915415000035 ], [ 79.875953819000074, 6.958995137000045 ], [ 79.875989506000053, 6.959072605000074 ], [ 79.875997761000065, 6.959090518000039 ], [ 79.876021498000057, 6.959142019000069 ], [ 79.876073862000055, 6.959252703000061 ], [ 79.876167376000069, 6.959422783000036 ], [ 79.876295725000034, 6.959593884000071 ], [ 79.876430040000059, 6.95977294000005 ], [ 79.876596215000063, 6.959945418000075 ], [ 79.876711940000064, 6.960047634000034 ], [ 79.876855938000062, 6.960129467000058 ], [ 79.877053962000048, 6.960209143000043 ], [ 79.877203182000073, 6.960253436000073 ], [ 79.877218292000066, 6.96025792100005 ], [ 79.877465431000076, 6.960302245000037 ], [ 79.877683428000068, 6.960345915000062 ], [ 79.877720822000072, 6.960353407000071 ], [ 79.877761003000046, 6.960361457000033 ], [ 79.87779686500005, 6.960368641000059 ], [ 79.87783896600007, 6.960377074000064 ], [ 79.878083342000082, 6.960426030000065 ], [ 79.878142129000082, 6.960437173000059 ], [ 79.878185201000065, 6.960445337000067 ], [ 79.878333351000038, 6.960473419000039 ], [ 79.878496590000054, 6.960504359000026 ], [ 79.878497547000052, 6.960504542000024 ], [ 79.878518835000079, 6.960422374000075 ], [ 79.878616900000054, 6.96004384500003 ], [ 79.878697809000073, 6.959731544000022 ], [ 79.878727369000046, 6.959617440000045 ], [ 79.878837720000035, 6.959319804000074 ], [ 79.879021303000059, 6.958824642000025 ], [ 79.879029712000033, 6.958801964000031 ], [ 79.879051035000032, 6.958759197000063 ], [ 79.879129083000066, 6.958602666000047 ], [ 79.879234205000046, 6.958391835000043 ], [ 79.879230933000031, 6.958387795000021 ], [ 79.878951554000082, 6.958132558000045 ], [ 79.878801036000084, 6.957964806000064 ], [ 79.878779171000076, 6.957918733000042 ], [ 79.878651819000083, 6.957650379000029 ], [ 79.878646657000047, 6.957643504000032 ], [ 79.878316448000078, 6.957282371000076 ], [ 79.878175465000083, 6.957136167000044 ], [ 79.878016942000045, 6.956907196000031 ], [ 79.878001320000067, 6.956882525000026 ], [ 79.877984190000063, 6.956855474000065 ], [ 79.877838847000078, 6.956625948000067 ], [ 79.877692663000062, 6.956336931000067 ], [ 79.877651406000041, 6.956270447000065 ], [ 79.877613967000059, 6.95620806200003 ], [ 79.877486736000037, 6.956079812000041 ], [ 79.877417972000046, 6.955980159000035 ], [ 79.877372167000033, 6.955893945000071 ], [ 79.877320618000056, 6.955805807000047 ], [ 79.877272978000065, 6.955677485000024 ], [ 79.877245851000055, 6.955486857000039 ], [ 79.877181509000081, 6.955289417000074 ], [ 79.877150184000072, 6.955240359000072 ], [ 79.877076622000061, 6.955108707000022 ], [ 79.87707202200005, 6.955100474000062 ], [ 79.877051895000079, 6.955066717000022 ], [ 79.877038649000042, 6.955044503000067 ], [ 79.87702732200006, 6.955025508000062 ], [ 79.876934358000085, 6.954869597000027 ], [ 79.876906385000041, 6.954832205000059 ], [ 79.876753691000033, 6.95474117200007 ], [ 79.876738964000083, 6.95473239100005 ], [ 79.876692495000043, 6.954704688000049 ], [ 79.876505892000068, 6.954540196000039 ], [ 79.87637092600005, 6.95433680800005 ], [ 79.87623168500005, 6.954117851000035 ], [ 79.876184488000035, 6.954014169000061 ], [ 79.87618410500005, 6.954013372000077 ], [ 79.876032234000036, 6.953697673000022 ], [ 79.87589274000004, 6.953399554000043 ], [ 79.875767522000046, 6.953148114000044 ], [ 79.875717676000079, 6.953079136000042 ], [ 79.875688282000056, 6.953097004000028 ], [ 79.875664284000038, 6.953111591000038 ], [ 79.875648303000048, 6.953121306000071 ], [ 79.875585735000072, 6.953162815000042 ], [ 79.875562814000034, 6.953129756000067 ], [ 79.875526859000047, 6.953151219000063 ], [ 79.875508232000072, 6.95312606400006 ], [ 79.875315506000049, 6.953246991000071 ], [ 79.875221028000055, 6.953302510000071 ], [ 79.875221359000079, 6.953303023000046 ], [ 79.875128476000043, 6.953365359000031 ], [ 79.875104477000036, 6.953381466000053 ], [ 79.874982321000061, 6.953473463000023 ], [ 79.874898696000059, 6.953527104000045 ], [ 79.874788719000037, 6.953591003000042 ], [ 79.87481314200005, 6.953690965000021 ], [ 79.874876284000038, 6.953938839000045 ], [ 79.874938163000081, 6.954103498000052 ], [ 79.874950652000052, 6.954136731000062 ], [ 79.875063045000047, 6.954466801000024 ], [ 79.875094340000032, 6.95456912700007 ], [ 79.875072127000067, 6.954686633000051 ], [ 79.875071699000046, 6.954689732000077 ], [ 79.875064266000038, 6.954737958000067 ], [ 79.875062798000044, 6.954748896000069 ], [ 79.87506456300008, 6.954785178000066 ], [ 79.875064589000033, 6.954785715000071 ], [ 79.875065236000069, 6.954798994000043 ], [ 79.875067005000062, 6.954819703000055 ], [ 79.875074580000046, 6.954863727000031 ], [ 79.87507783500007, 6.954882657000041 ], [ 79.875100050000071, 6.955001604000074 ], [ 79.875128596000081, 6.955169931000057 ], [ 79.875184560000037, 6.955432801000029 ], [ 79.875233169000069, 6.955661750000047 ], [ 79.875303681000048, 6.956031254000038 ], [ 79.875317903000052, 6.956096444000025 ], [ 79.87530156400004, 6.956097619000047 ], [ 79.875208180000072, 6.956096265000042 ], [ 79.874631075000082, 6.956120393000049 ], [ 79.874246403000029, 6.956118305000075 ], [ 79.873835923000058, 6.956126745000063 ], [ 79.873379907000071, 6.956144050000034 ], [ 79.872903734000033, 6.956150194000031 ], [ 79.872528548000048, 6.956156892000024 ], [ 79.872393986000077, 6.956157630000064 ], [ 79.872352814000067, 6.956157552000036 ], [ 79.872306929000047, 6.956160991000047 ], [ 79.872093009000082, 6.956161033000058 ], [ 79.872085137000056, 6.956160295000075 ], [ 79.872084767000047, 6.956160314000044 ], [ 79.872041155000034, 6.956162563000021 ], [ 79.872027037000066, 6.956163169000035 ], [ 79.87197825700008, 6.95616596800005 ], [ 79.871847583000033, 6.956168974000036 ], [ 79.871818723000047, 6.956169457000044 ], [ 79.871814426000071, 6.956169529000022 ], [ 79.871367515000031, 6.956177008000054 ], [ 79.870819034000078, 6.956186177000063 ], [ 79.870518061000041, 6.956190107000054 ], [ 79.870396342000049, 6.956191697000065 ], [ 79.870317102000058, 6.956193117000055 ], [ 79.86998099300007, 6.95619914100007 ], [ 79.869980061000035, 6.956199157000071 ], [ 79.869981403000054, 6.956203237000068 ], [ 79.869998102000068, 6.956369966000068 ], [ 79.87000209200005, 6.956409808000046 ], [ 79.869985037000049, 6.956535547000044 ], [ 79.869855013000063, 6.95680909500004 ], [ 79.869901987000048, 6.957168674000059 ], [ 79.86988412900007, 6.95766085300005 ], [ 79.869629719000045, 6.958408465000048 ], [ 79.869636921000051, 6.958450373000062 ], [ 79.869593602000066, 6.958454841000048 ], [ 79.869510874000071, 6.958464630000037 ], [ 79.869486427000083, 6.958471727000074 ], [ 79.869464871000048, 6.958482082000046 ], [ 79.869457785000066, 6.958496628000034 ], [ 79.869455677000076, 6.958510728000022 ], [ 79.869459661000064, 6.95855603800004 ], [ 79.869468847000064, 6.958626403000039 ], [ 79.869486133000066, 6.958719660000042 ], [ 79.869519945000036, 6.958830399000021 ], [ 79.869568667000067, 6.958951928000033 ], [ 79.869594179000046, 6.959002614000042 ], [ 79.869632251000041, 6.959062635000066 ], [ 79.869708303000039, 6.959183402000065 ], [ 79.869784357000071, 6.959303356000021 ], [ 79.869837220000079, 6.959389086000044 ], [ 79.869914904000041, 6.959508952000022 ], [ 79.869999273000076, 6.959633894000035 ], [ 79.870108383000058, 6.959787186000028 ], [ 79.87012403500006, 6.959809594000035 ], [ 79.870157204000066, 6.959857084000021 ], [ 79.870270460000029, 6.960018612000056 ], [ 79.870354705000068, 6.960161819000064 ], [ 79.870382814000038, 6.960226796000029 ], [ 79.870400091000079, 6.960277555000062 ], [ 79.870401065000067, 6.960281718000033 ], [ 79.870407012000044, 6.960307155000066 ], [ 79.870770932000084, 6.960271839000029 ], [ 79.870810272000085, 6.960358040000074 ], [ 79.870949977000066, 6.960544915000071 ], [ 79.871075463000068, 6.960656401000051 ], [ 79.871279315000038, 6.960756735000075 ], [ 79.871340452000084, 6.961093413000071 ], [ 79.871373750000032, 6.961233546000074 ], [ 79.871381616000065, 6.961266651000074 ], [ 79.87138991300003, 6.961301568000067 ], [ 79.871423461000063, 6.961503632000074 ], [ 79.871444856000039, 6.96165762000004 ], [ 79.871449948000077, 6.961706316000061 ], [ 79.871453118000034, 6.961751713000069 ], [ 79.87145316200008, 6.96176044300006 ], [ 79.871453184000075, 6.96176491500006 ], [ 79.871451339000032, 6.96178353800002 ], [ 79.87145040300004, 6.961786647000054 ], [ 79.871441321000077, 6.961816794000072 ], [ 79.871431231000031, 6.961843481000074 ], [ 79.871430439000051, 6.961845577000076 ], [ 79.871770199000082, 6.961775849000048 ], [ 79.87219361800004, 6.961489851000067 ], [ 79.872262307000085, 6.961444983000035 ], [ 79.872450717000049, 6.961346655000057 ], [ 79.872464500000035, 6.961396666000041 ], [ 79.872486662000085, 6.961480401000074 ], [ 79.872494956000082, 6.961511739000059 ], [ 79.872516423000036, 6.961595510000052 ] ] ] ] } },
{ "type": "Feature", "properties": { "Shape_Leng": 0.04174903139, "Shape_Area": 5.363333e-05, "ADM4_EN": "Aluthmawatha", "ADM4_SI": "අලුත් මාවත", "ADM4_TA": null, "ADM4_PCODE": "LK1103030", "ADM4_REF": null, "ADM3_EN": "Colombo", "ADM3_SI": "කොළඹ", "ADM3_TA": "கொழும்பு", "ADM3_PCODE": "LK1103", "ADM2_EN": "Colombo", "ADM2_SI": "කොළඹ දිස්ත්‍රික්ක", "ADM2_TA": "கொழும்பு மாவட்டம்", "ADM2_PCODE": "LK11", "ADM1_EN": "Western", "ADM1_SI": "බස්නාහිර පළාත", "ADM1_TA": "மேல் மாகாணம் ", "ADM1_PCODE": "LK1", "ADM0_EN": "Sri Lanka", "ADM0_SI": "ශ්‍රී ලංකා", "ADM0_TA": "இலங்கை", "ADM0_PCODE": "LK", "date": "2022-08-02", "validOn": "2022-08-16", "validTo": null, "length_sum": 15771.0, "damage_sco": 1 }, "geometry": { "type": "MultiPolygon", "coordinates": [ [ [ [ 79.869855013000063, 6.95680909500004 ], [ 79.869985037000049, 6.956535547000044 ], [ 79.87000209200005, 6.956409808000046 ], [ 79.869998102000068, 6.956369966000068 ], [ 79.869981403000054, 6.956203237000068 ], [ 79.869980061000035, 6.956199157000071 ], [ 79.869881253000074, 6.956200928000044 ], [ 79.869279114000051, 6.956208546000028 ], [ 79.868774615000063, 6.956216439000059 ], [ 79.868755702000044, 6.956216761000064 ], [ 79.868276810000054, 6.956224889000055 ], [ 79.868029761000059, 6.95622965900003 ], [ 79.867492773000038, 6.956238664000068 ], [ 79.867188355000053, 6.956243235000045 ], [ 79.866737513000032, 6.956253129000061 ], [ 79.866391562000047, 6.956256351000036 ], [ 79.86609917800007, 6.956261214000051 ], [ 79.866064145000053, 6.956261931000029 ], [ 79.866026420000082, 6.95626270200006 ], [ 79.865936289000047, 6.956263976000059 ], [ 79.86560232800008, 6.956269322000026 ], [ 79.865568164000081, 6.956269869000039 ], [ 79.864878062000059, 6.956281380000064 ], [ 79.864866162000055, 6.956281663000027 ], [ 79.86486400900003, 6.956281715000046 ], [ 79.864821429000074, 6.95628272600004 ], [ 79.864821259000053, 6.956282731000044 ], [ 79.864798651000058, 6.956283269000039 ], [ 79.864794257000085, 6.956283373000076 ], [ 79.864784670000063, 6.956323373000032 ], [ 79.864777857000036, 6.956351798000071 ], [ 79.864744226000084, 6.95640915000007 ], [ 79.864727863000041, 6.956452182000021 ], [ 79.864706738000052, 6.956480850000048 ], [ 79.864680815000042, 6.95650858700003 ], [ 79.864678365000032, 6.956507747000046 ], [ 79.864607652000075, 6.956569676000072 ], [ 79.864491121000071, 6.956658448000042 ], [ 79.86429406600007, 6.956787258000077 ], [ 79.864142961000084, 6.956879072000049 ], [ 79.864079770000046, 6.956917468000029 ], [ 79.863379974000054, 6.957359190000034 ], [ 79.862659025000085, 6.957768442000031 ], [ 79.862619948000031, 6.95779062500003 ], [ 79.862624076000031, 6.957791927000073 ], [ 79.862614184000051, 6.957811819000028 ], [ 79.862608910000063, 6.957817098000021 ], [ 79.862618416000032, 6.957826629000067 ], [ 79.86274450500008, 6.957953033000024 ], [ 79.863031617000047, 6.958241759000032 ], [ 79.863049592000039, 6.958258431000047 ], [ 79.863211979000084, 6.958421231000045 ], [ 79.863322113000038, 6.958534918000055 ], [ 79.863323784000045, 6.95853664200007 ], [ 79.863363751000065, 6.95857673200004 ], [ 79.863445800000079, 6.958659037000075 ], [ 79.863593662000085, 6.958800198000063 ], [ 79.86372037600006, 6.958926399000063 ], [ 79.863757871000075, 6.958962523000025 ], [ 79.863887293000062, 6.959087216000057 ], [ 79.863923155000066, 6.95911983700006 ], [ 79.86400614400003, 6.959208971000066 ], [ 79.864083548000053, 6.959284621000052 ], [ 79.864123200000051, 6.959322404000034 ], [ 79.86412832700006, 6.959327289000043 ], [ 79.864130560000035, 6.95932941600006 ], [ 79.864284524000084, 6.959476119000044 ], [ 79.86429924600003, 6.959489208000036 ], [ 79.864331228000083, 6.959516034000046 ], [ 79.864380648000065, 6.959556276000058 ], [ 79.864439720000064, 6.959613174000026 ], [ 79.864415137000037, 6.959644322000031 ], [ 79.864395003000084, 6.959667340000067 ], [ 79.864349268000069, 6.959733892000031 ], [ 79.864291641000079, 6.959819500000037 ], [ 79.86424435400005, 6.959892106000041 ], [ 79.864193525000076, 6.959972303000029 ], [ 79.864165308000054, 6.960010316000023 ], [ 79.864104878000035, 6.960095013000057 ], [ 79.864055252000071, 6.960160653000059 ], [ 79.864014245000078, 6.960215189000053 ], [ 79.863954816000046, 6.96029681400006 ], [ 79.863923599000032, 6.960341964000065 ], [ 79.863873889000047, 6.960404531000052 ], [ 79.863824628000032, 6.960469087000035 ], [ 79.863787240000079, 6.960523810000041 ], [ 79.863760017000061, 6.960562727000024 ], [ 79.863746939000066, 6.960587206000071 ], [ 79.863731230000042, 6.960615117000032 ], [ 79.863726340000085, 6.960625482000069 ], [ 79.863699519000079, 6.960682329000065 ], [ 79.863690419000079, 6.960701616000051 ], [ 79.863665082000068, 6.960755321000022 ], [ 79.863634342000069, 6.960835194000026 ], [ 79.86362024400006, 6.960872330000029 ], [ 79.863606142000037, 6.960911364000026 ], [ 79.863596923000046, 6.960952127000041 ], [ 79.863579845000061, 6.960985640000047 ], [ 79.863527025000053, 6.961065922000046 ], [ 79.863446372000055, 6.96117291500002 ], [ 79.863410428000066, 6.961219950000043 ], [ 79.863405457000056, 6.96122645500003 ], [ 79.863371440000037, 6.961268978000021 ], [ 79.863333709000074, 6.961313663000055 ], [ 79.86328855000005, 6.961362856000051 ], [ 79.863204779000057, 6.961443348000046 ], [ 79.863072958000032, 6.961571402000061 ], [ 79.86293162700008, 6.961703324000041 ], [ 79.862892186000067, 6.961743214000023 ], [ 79.862866165000071, 6.961769114000049 ], [ 79.862840058000074, 6.961792573000025 ], [ 79.862817225000072, 6.961807720000024 ], [ 79.862854807000076, 6.961839711000039 ], [ 79.862798524000084, 6.961884993000069 ], [ 79.862671273000046, 6.961989093000057 ], [ 79.862268616000051, 6.962299936000022 ], [ 79.861797511000077, 6.96263637800007 ], [ 79.861762485000042, 6.96266139200003 ], [ 79.861633594000068, 6.962712001000057 ], [ 79.861496571000032, 6.963304555000036 ], [ 79.861502739000059, 6.963306161000048 ], [ 79.861587125000085, 6.963328207000075 ], [ 79.861660967000034, 6.963405781000063 ], [ 79.861676890000069, 6.963422509000054 ], [ 79.86168284200005, 6.963434317000065 ], [ 79.861682947000077, 6.963434524000036 ], [ 79.861691855000061, 6.963452196000048 ], [ 79.861711247000073, 6.963484694000044 ], [ 79.861730377000072, 6.963512491000074 ], [ 79.861741192000068, 6.963535658000069 ], [ 79.861755883000058, 6.963566611000033 ], [ 79.861775005000084, 6.963598567000076 ], [ 79.861783737000053, 6.963622003000069 ], [ 79.86178489100007, 6.963634905000049 ], [ 79.861785597000051, 6.963642803000027 ], [ 79.861783098000046, 6.963671010000041 ], [ 79.861771391000048, 6.963688258000047 ], [ 79.861747811000043, 6.963715971000056 ], [ 79.861719162000043, 6.963743946000022 ], [ 79.861707377000073, 6.963754412000071 ], [ 79.861695320000081, 6.963765149000039 ], [ 79.86166170000007, 6.963789949000045 ], [ 79.861631600000067, 6.963818734000029 ], [ 79.861604032000059, 6.963849334000031 ], [ 79.861575197000036, 6.963879660000032 ], [ 79.861550265000062, 6.963904025000033 ], [ 79.861525055000072, 6.963931463000051 ], [ 79.861501480000072, 6.963955832000067 ], [ 79.861413129000084, 6.964018232000058 ], [ 79.861336985000037, 6.964086082000051 ], [ 79.861268719000066, 6.964150872000062 ], [ 79.861201976000075, 6.964223621000031 ], [ 79.861148338000078, 6.964305077000063 ], [ 79.861236461000033, 6.964359772000023 ], [ 79.861309105000032, 6.964277085000049 ], [ 79.861385528000085, 6.964205711000034 ], [ 79.861456018000069, 6.964165101000049 ], [ 79.861501124000085, 6.964139115000023 ], [ 79.861502848000043, 6.964137399000037 ], [ 79.861530142000049, 6.964108065000062 ], [ 79.861555269000064, 6.964076739000063 ], [ 79.861580755000034, 6.964046949000021 ], [ 79.861606236000057, 6.964019510000071 ], [ 79.861632713000063, 6.963992254000061 ], [ 79.861658738000074, 6.963964545000067 ], [ 79.861685214000033, 6.963937651000037 ], [ 79.861713230000078, 6.963909132000026 ], [ 79.861742882000044, 6.963877995000075 ], [ 79.861770906000061, 6.963846130000036 ], [ 79.861799018000056, 6.963815261000036 ], [ 79.86182649400007, 6.963785747000031 ], [ 79.861853064000059, 6.963756954000075 ], [ 79.86185542100003, 6.963754698000059 ], [ 79.861879264000038, 6.963731597000049 ], [ 79.861902111000063, 6.963709669000025 ], [ 79.861931755000057, 6.963682689000052 ], [ 79.861963019000029, 6.963659421000045 ], [ 79.861993187000053, 6.963642119000042 ], [ 79.862019258000032, 6.963637106000022 ], [ 79.862021068000047, 6.963637020000021 ], [ 79.862051577000045, 6.963630206000062 ], [ 79.862070510000081, 6.963619212000026 ], [ 79.862099486000034, 6.963610225000025 ], [ 79.86212137800004, 6.963613523000049 ], [ 79.862136021000083, 6.963622593000025 ], [ 79.862156427000059, 6.963645419000045 ], [ 79.862175016000037, 6.963672490000022 ], [ 79.86219550800007, 6.963697939000042 ], [ 79.862215364000065, 6.963725013000044 ], [ 79.862233131000039, 6.963755429000059 ], [ 79.862236108000047, 6.963760587000024 ], [ 79.862253147000047, 6.963793625000051 ], [ 79.862259527000049, 6.963816242000064 ], [ 79.862255686000083, 6.963837393000063 ], [ 79.862243975000069, 6.963856450000037 ], [ 79.862241704000041, 6.963861419000068 ], [ 79.862240940000049, 6.963882304000037 ], [ 79.862240863000068, 6.963922360000026 ], [ 79.862247493000041, 6.963956461000066 ], [ 79.86225696300005, 6.963972665000028 ], [ 79.862276819000044, 6.96399937700005 ], [ 79.862295765000056, 6.964029072000073 ], [ 79.86230656500004, 6.964059745000043 ], [ 79.862312933000055, 6.96408914400007 ], [ 79.862324735000072, 6.964116204000049 ], [ 79.862338097000077, 6.964132324000047 ], [ 79.86236212600005, 6.964153619000058 ], [ 79.86238750800004, 6.964177720000066 ], [ 79.862411074000079, 6.964205072000027 ], [ 79.86242947900007, 6.964233411000066 ], [ 79.862442636000083, 6.964261466000039 ], [ 79.862447647000067, 6.964290590000076 ], [ 79.862447497000062, 6.964321605000066 ], [ 79.862446066000075, 6.964359397000067 ], [ 79.862434434000079, 6.964385235000066 ], [ 79.862418638000065, 6.96441115600004 ], [ 79.862403562000054, 6.964439068000047 ], [ 79.86238749000006, 6.964467248000062 ], [ 79.862369339000054, 6.964494158000036 ], [ 79.862348571000041, 6.964518168000041 ], [ 79.862320284000077, 6.96454596500007 ], [ 79.862305493000065, 6.964566552000065 ], [ 79.862305493000065, 6.964567094000074 ], [ 79.862269748000074, 6.964566663000028 ], [ 79.862265319000073, 6.964564123000059 ], [ 79.86225223200006, 6.964546918000053 ], [ 79.862234913000066, 6.964518041000076 ], [ 79.862212066000041, 6.964493402000073 ], [ 79.86220501400004, 6.964490314000045 ], [ 79.862179767000043, 6.964490174000048 ], [ 79.862155045000065, 6.96449934900005 ], [ 79.862132934000044, 6.964515311000071 ], [ 79.862104291000037, 6.964539941000055 ], [ 79.862096297000051, 6.964556111000036 ], [ 79.862094524000042, 6.964582961000076 ], [ 79.862094909000064, 6.96461813600007 ], [ 79.862095570000065, 6.964650960000029 ], [ 79.862099856000043, 6.964680626000074 ], [ 79.86210380700004, 6.964696276000041 ], [ 79.862106017000031, 6.964723589000073 ], [ 79.862116750000041, 6.964741784000068 ], [ 79.862132132000056, 6.964742537000063 ], [ 79.862165795000067, 6.964742149000074 ], [ 79.862201265000067, 6.964744118000056 ], [ 79.862226313000065, 6.964753389000066 ], [ 79.862243031000048, 6.964765357000033 ], [ 79.862268146000076, 6.964786654000022 ], [ 79.86230185900007, 6.964807878000045 ], [ 79.862328808000029, 6.964816610000071 ], [ 79.862358214000039, 6.964818836000063 ], [ 79.862397128000055, 6.964817195000023 ], [ 79.86242474800008, 6.964807392000068 ], [ 79.862458527000058, 6.964794527000038 ], [ 79.862490841000067, 6.964789706000033 ], [ 79.862522967000075, 6.964789588000031 ], [ 79.862550113000054, 6.964789549000045 ], [ 79.862584495000078, 6.96479223800003 ], [ 79.862613259000057, 6.96479871400004 ], [ 79.862640856000041, 6.964800123000032 ], [ 79.862681026000075, 6.964804722000054 ], [ 79.862710059000051, 6.964812916000028 ], [ 79.862736183000038, 6.964827162000063 ], [ 79.862758948000078, 6.964847461000033 ], [ 79.862782978000041, 6.964868666000029 ], [ 79.862815142000045, 6.96489495000003 ], [ 79.86284758000005, 6.964919788000032 ], [ 79.86287920400008, 6.964944987000024 ], [ 79.862909287000036, 6.964971447000039 ], [ 79.862941997000064, 6.964996376000045 ], [ 79.862970462000078, 6.965016865000052 ], [ 79.862984294000057, 6.965023584000051 ], [ 79.862998141000048, 6.96502270700006 ], [ 79.863011100000051, 6.965013056000032 ], [ 79.863023076000047, 6.964997074000053 ], [ 79.863046938000082, 6.964964659000032 ], [ 79.863063552000085, 6.964937024000051 ], [ 79.863073560000032, 6.964917525000033 ], [ 79.863074196000071, 6.964916286000062 ], [ 79.863079084000049, 6.964906763000045 ], [ 79.863094617000058, 6.964876502000038 ], [ 79.863114309000082, 6.964846972000032 ], [ 79.863132520000079, 6.964836698000056 ], [ 79.863157054000055, 6.964830870000071 ], [ 79.863163024000073, 6.964832147000038 ], [ 79.86318263000004, 6.964848008000047 ], [ 79.863202855000054, 6.964871648000042 ], [ 79.863230854000051, 6.96489918900005 ], [ 79.863252544000034, 6.964913698000032 ], [ 79.863283649000039, 6.964926327000057 ], [ 79.86330862300008, 6.964926737000042 ], [ 79.863330267000038, 6.964918369000031 ], [ 79.863350019000052, 6.96490529600004 ], [ 79.863375825000048, 6.964897661000066 ], [ 79.863399075000075, 6.964900960000023 ], [ 79.86342439200007, 6.964911769000025 ], [ 79.863447892000067, 6.964926282000022 ], [ 79.863472139000066, 6.964935481000055 ], [ 79.863472726000055, 6.964935704000027 ], [ 79.863479993000055, 6.964938461000031 ], [ 79.863495924000063, 6.964936322000028 ], [ 79.86349797400004, 6.964934853000045 ], [ 79.863498331000073, 6.96493459800007 ], [ 79.863514681000083, 6.964922885000021 ], [ 79.863519776000032, 6.964908880000053 ], [ 79.863528526000039, 6.964876797000045 ], [ 79.863538909000056, 6.964841281000076 ], [ 79.863553683000077, 6.964829737000059 ], [ 79.863560895000035, 6.964826771000048 ], [ 79.863583659000085, 6.964817406000066 ], [ 79.863616252000043, 6.964809513000034 ], [ 79.863648021000074, 6.964806228000043 ], [ 79.863682679000078, 6.964806115000044 ], [ 79.863718967000068, 6.964806003000035 ], [ 79.863756521000084, 6.96480607500007 ], [ 79.863793254000029, 6.964809674000037 ], [ 79.863800120000064, 6.964811022000049 ], [ 79.863829528000053, 6.964816796000036 ], [ 79.863865076000081, 6.964823737000074 ], [ 79.863899268000068, 6.964831399000047 ], [ 79.863933193000037, 6.964836527000045 ], [ 79.863969198000063, 6.964841841000066 ], [ 79.86400438000004, 6.964852127000029 ], [ 79.864039104000085, 6.964865304000057 ], [ 79.864074642000048, 6.964878213000077 ], [ 79.864103082000042, 6.964889947000074 ], [ 79.864104206000036, 6.964890159000049 ], [ 79.864110659000062, 6.964893106000034 ], [ 79.864178848000051, 6.964924234000023 ], [ 79.864202664000061, 6.964937957000075 ], [ 79.864232400000049, 6.964956370000039 ], [ 79.864264580000054, 6.964974515000051 ], [ 79.864297211000064, 6.964993116000073 ], [ 79.864327848000073, 6.965013881000061 ], [ 79.864356042000054, 6.965034641000045 ], [ 79.864369984000064, 6.965046350000023 ], [ 79.864383778000047, 6.965057933000026 ], [ 79.864411239000049, 6.965082852000023 ], [ 79.864439790000063, 6.965106235000064 ], [ 79.864469521000046, 6.965126999000063 ], [ 79.864498800000035, 6.965148484000053 ], [ 79.864528160000077, 6.965173950000064 ], [ 79.864556616000073, 6.965199142000074 ], [ 79.864584082000079, 6.965221167000038 ], [ 79.864610741000035, 6.965240839000046 ], [ 79.864637212000048, 6.965262683000049 ], [ 79.864664400000038, 6.965289136000024 ], [ 79.864672835000079, 6.965297274000022 ], [ 79.864681475000054, 6.965305608000051 ], [ 79.864692671000057, 6.965316409000025 ], [ 79.864721215000031, 6.965342865000025 ], [ 79.864748674000055, 6.965369323000061 ], [ 79.864775861000055, 6.965395597000054 ], [ 79.864804678000041, 6.965420970000025 ], [ 79.864832680000063, 6.96544751700003 ], [ 79.864856250000059, 6.965472429000044 ], [ 79.864884969000059, 6.965502594000043 ], [ 79.864914595000073, 6.965531586000054 ], [ 79.864936809000085, 6.96555550000005 ], [ 79.864959342000077, 6.96557905700007 ], [ 79.864960351000036, 6.965580111000065 ], [ 79.864962458000036, 6.965582314000073 ], [ 79.864990186000057, 6.965609312000026 ], [ 79.865018733000056, 6.965634956000031 ], [ 79.865046462000066, 6.965661684000054 ], [ 79.865071381000064, 6.965691301000049 ], [ 79.865094394000039, 6.965722992000053 ], [ 79.865115870000068, 6.965755041000023 ], [ 79.865134268000077, 6.965787538000029 ], [ 79.865149771000063, 6.965819487000033 ], [ 79.86516608800008, 6.965851799000063 ], [ 79.865182042000072, 6.965884562000042 ], [ 79.865197092000074, 6.965916510000056 ], [ 79.865214320000064, 6.965945658000066 ], [ 79.865233269000043, 6.965973726000072 ], [ 79.865250857000035, 6.966003417000024 ], [ 79.865269714000078, 6.966032750000068 ], [ 79.865289657000062, 6.966061632000049 ], [ 79.86531005300003, 6.966089974000056 ], [ 79.865329723000059, 6.966120122000063 ], [ 79.865346223000074, 6.966151077000063 ], [ 79.86536380900003, 6.96618221500006 ], [ 79.865384018000043, 6.966213721000031 ], [ 79.865401062000046, 6.966244678000066 ], [ 79.865415294000059, 6.966278523000028 ], [ 79.865427900000043, 6.966311279000024 ], [ 79.86543851600004, 6.966343579000068 ], [ 79.865448771000047, 6.966375066000069 ], [ 79.865461921000076, 6.966406287000041 ], [ 79.865479784000058, 6.966435164000075 ], [ 79.865498624000054, 6.966473087000054 ], [ 79.865507609000076, 6.966506380000055 ], [ 79.865510616000051, 6.966542373000038 ], [ 79.865511181000045, 6.966548007000029 ], [ 79.865514167000072, 6.966577824000069 ], [ 79.865523698000061, 6.966610033000052 ], [ 79.865528022000035, 6.966622741000037 ], [ 79.865535215000079, 6.96664387200002 ], [ 79.865545282000085, 6.96667906600004 ], [ 79.865553994000038, 6.966713171000038 ], [ 79.865563252000072, 6.966744927000036 ], [ 79.865577405000067, 6.966773526000054 ], [ 79.865593184000033, 6.966803668000068 ], [ 79.86560660400005, 6.966836245000025 ], [ 79.865619759000083, 6.966865838000047 ], [ 79.865636273000064, 6.966889832000049 ], [ 79.865657493000072, 6.966913200000022 ], [ 79.865682606000064, 6.966936307000026 ], [ 79.865712612000038, 6.966955714000051 ], [ 79.865743253000062, 6.966974400000026 ], [ 79.865774080000051, 6.966990373000044 ], [ 79.865805175000048, 6.96700725200003 ], [ 79.865836270000045, 6.967026119000025 ], [ 79.865866, 6.967047425000032 ], [ 79.865892742000085, 6.967070805000048 ], [ 79.86591603800008, 6.967096439000045 ], [ 79.865937792000068, 6.967125054000064 ], [ 79.865958732000081, 6.967153395000025 ], [ 79.865978679000079, 6.96718019900004 ], [ 79.866000079000059, 6.96720429100003 ], [ 79.866025194000031, 6.967226132000064 ], [ 79.866050851000068, 6.96724815400006 ], [ 79.866076236000083, 6.967271259000029 ], [ 79.866102162000061, 6.967294095000057 ], [ 79.866129364000074, 6.967313045000026 ], [ 79.866157018000081, 6.967332268000064 ], [ 79.866182137000067, 6.967351667000059 ], [ 79.866196049000052, 6.967364624000027 ], [ 79.866226066000081, 6.967378065000048 ], [ 79.866261062000035, 6.967390791000071 ], [ 79.866279146000068, 6.967392375000031 ], [ 79.866276177000032, 6.967385948000071 ], [ 79.86629655400003, 6.967359893000037 ], [ 79.866440504000082, 6.967252923000046 ], [ 79.866452141000082, 6.967224242000043 ], [ 79.866481594000049, 6.967155307000041 ], [ 79.866495773000054, 6.967126157000052 ], [ 79.86651112100003, 6.967094601000042 ], [ 79.866534626000032, 6.967055481000045 ], [ 79.866549704000079, 6.967030387000023 ], [ 79.866587560000085, 6.966967797000052 ], [ 79.866621604000045, 6.966910898000037 ], [ 79.866686394000055, 6.96681852200004 ], [ 79.866800066000053, 6.966671084000041 ], [ 79.866875470000082, 6.966564442000049 ], [ 79.866914111000085, 6.966517588000045 ], [ 79.866961005000064, 6.966460623000046 ], [ 79.867124955000065, 6.966284346000066 ], [ 79.86715815000008, 6.966245439000033 ], [ 79.867239679000079, 6.966153998000038 ], [ 79.867260908000048, 6.966125739000063 ], [ 79.867350775000034, 6.966027895000025 ], [ 79.867423323000082, 6.965947922000055 ], [ 79.867473186000041, 6.965899913000044 ], [ 79.867496749000054, 6.965881784000032 ], [ 79.867528020000066, 6.965855171000044 ], [ 79.867598008000073, 6.965788845000077 ], [ 79.867697738000061, 6.965690930000051 ], [ 79.86774870000005, 6.965645940000059 ], [ 79.867869331000065, 6.965539444000058 ], [ 79.867957256000068, 6.96546311700007 ], [ 79.868001713000069, 6.965426425000032 ], [ 79.868038775000059, 6.965385581000021 ], [ 79.868663448000063, 6.964883100000065 ], [ 79.868664121000052, 6.964882526000054 ], [ 79.868739165000079, 6.96482209800007 ], [ 79.868764271000032, 6.964801882000074 ], [ 79.868932151000081, 6.96465147300006 ], [ 79.86908233500003, 6.96452761300003 ], [ 79.869132913000044, 6.96448394500004 ], [ 79.869151956000053, 6.964465375000032 ], [ 79.869159748000072, 6.964457775000028 ], [ 79.869179699000085, 6.964435843000047 ], [ 79.869134817000031, 6.964387741000053 ], [ 79.869076110000037, 6.964328676000036 ], [ 79.868901449000077, 6.96414668400007 ], [ 79.868777813000065, 6.96401714600006 ], [ 79.868740788000082, 6.963977684000042 ], [ 79.868650753000054, 6.963881723000043 ], [ 79.868630229000075, 6.963858999000024 ], [ 79.86862874500008, 6.963857355000073 ], [ 79.868602894000048, 6.96382873400006 ], [ 79.868572829000072, 6.96379250800004 ], [ 79.868554237000069, 6.963767607000023 ], [ 79.868538354000066, 6.963744790000021 ], [ 79.868407156000046, 6.963595524000027 ], [ 79.868293559000051, 6.963469802000077 ], [ 79.868234822000034, 6.963406433000046 ], [ 79.868180046000077, 6.963347336000027 ], [ 79.868098947000078, 6.963262365000048 ], [ 79.868043042000068, 6.963204504000032 ], [ 79.867909240000074, 6.963066026000035 ], [ 79.867851854000037, 6.96300663300002 ], [ 79.867759824000075, 6.962912870000025 ], [ 79.867699447000064, 6.962851206000039 ], [ 79.867689565000035, 6.962841113000025 ], [ 79.867816831000084, 6.962686229000042 ], [ 79.867963728000063, 6.962507454000047 ], [ 79.868176755000036, 6.962248198000054 ], [ 79.868183171000055, 6.962240320000035 ], [ 79.868350796000072, 6.962034482000035 ], [ 79.868402856000046, 6.961962766000056 ], [ 79.868474553000055, 6.961864005000052 ], [ 79.868474586000048, 6.961863958000038 ], [ 79.868407517000037, 6.961807905000057 ], [ 79.86837192400003, 6.961775828000043 ], [ 79.868320447000031, 6.961722652000049 ], [ 79.868230910000079, 6.96160276300003 ], [ 79.868212239000059, 6.961570899000037 ], [ 79.868199453000045, 6.961554540000066 ], [ 79.868186582000078, 6.961538071000064 ], [ 79.868175860000065, 6.961524353000073 ], [ 79.868150747000072, 6.961502242000051 ], [ 79.868121278000046, 6.961485637000067 ], [ 79.868122458000073, 6.961436813000034 ], [ 79.868120238000074, 6.961414746000059 ], [ 79.868115660000058, 6.961348459000021 ], [ 79.868117281000082, 6.961258584000063 ], [ 79.868125347000046, 6.961157869000033 ], [ 79.86812881000003, 6.961130073000049 ], [ 79.868307141000059, 6.961118790000057 ], [ 79.868422070000065, 6.961116618000062 ], [ 79.868639873000063, 6.961155315000042 ], [ 79.868707021000034, 6.961150959000065 ], [ 79.868736054000067, 6.96126176100006 ], [ 79.868746012000031, 6.961260506000031 ], [ 79.868862503000059, 6.961245818000066 ], [ 79.868912177000084, 6.961238316000049 ], [ 79.868915754000056, 6.961237776000075 ], [ 79.868992576000039, 6.961226175000036 ], [ 79.86906330100004, 6.961212829000033 ], [ 79.869066873000065, 6.961202585000024 ], [ 79.869021112000041, 6.961127537000039 ], [ 79.868959353000037, 6.960871433000023 ], [ 79.868886084000053, 6.960376068000073 ], [ 79.86878912800006, 6.959746683000049 ], [ 79.868756068000039, 6.959601231000022 ], [ 79.868762765000042, 6.959600303000059 ], [ 79.868769021000048, 6.959599436000076 ], [ 79.868818635000082, 6.959586511000055 ], [ 79.868862727000078, 6.959574570000029 ], [ 79.868887306000033, 6.959565936000047 ], [ 79.868898243000046, 6.959562095000024 ], [ 79.868907278000052, 6.959558922000042 ], [ 79.868945397000061, 6.959548054000038 ], [ 79.868979595000042, 6.959551013000066 ], [ 79.868995422000069, 6.959556467000027 ], [ 79.869002591000083, 6.95956334400006 ], [ 79.869012898000051, 6.959493419000069 ], [ 79.869011713000077, 6.959362792000036 ], [ 79.868954095000049, 6.959074987000065 ], [ 79.868751032000034, 6.958647755000072 ], [ 79.868716989000063, 6.958576129000051 ], [ 79.868701798000075, 6.958544171000028 ], [ 79.868369076000079, 6.957844142000056 ], [ 79.868368820000057, 6.957843602000025 ], [ 79.868348336000054, 6.957806307000055 ], [ 79.86830935200004, 6.957749448000072 ], [ 79.868335633000072, 6.957729967000034 ], [ 79.868346321000047, 6.957724653000071 ], [ 79.868351031000032, 6.957721949000074 ], [ 79.868359544000043, 6.957718348000071 ], [ 79.868371048000085, 6.957712312000069 ], [ 79.868389892000039, 6.957701135000036 ], [ 79.868418808000058, 6.957675693000056 ], [ 79.868923488000064, 6.957469963000051 ], [ 79.86877349100007, 6.957007838000038 ], [ 79.868846818000065, 6.957012010000028 ], [ 79.869577068000069, 6.956978310000068 ], [ 79.869845430000055, 6.956829255000059 ], [ 79.869855013000063, 6.95680909500004 ] ] ] ] } },
{ "type": "Feature", "properties": { "Shape_Leng": 0.09583026303, "Shape_Area": 0.00011205363, "ADM4_EN": "Lunupokuna", "ADM4_SI": "ලුණුපොකුණ", "ADM4_TA": null, "ADM4_PCODE": "LK1103035", "ADM4_REF": null, "ADM3_EN": "Colombo", "ADM3_SI": "කොළඹ", "ADM3_TA": "கொழும்பு", "ADM3_PCODE": "LK1103", "ADM2_EN": "Colombo", "ADM2_SI": "කොළඹ දිස්ත්‍රික්ක", "ADM2_TA": "கொழும்பு மாவட்டம்", "ADM2_PCODE": "LK11", "ADM1_EN": "Western", "ADM1_SI": "බස්නාහිර පළාත", "ADM1_TA": "மேல் மாகாணம் ", "ADM1_PCODE": "LK1", "ADM0_EN": "Sri Lanka", "ADM0_SI": "ශ්‍රී ලංකා", "ADM0_TA": "இலங்கை", "ADM0_PCODE": "LK", "date": "2022-08-02", "validOn": "2022-08-16", "validTo": null, "length_sum": 33208.0, "damage_sco": 3 }, "geometry": { "type": "MultiPolygon", "coordinates": [ [ [ [ 79.861496571000032, 6.963304555000036 ], [ 79.861633594000068, 6.962712001000057 ], [ 79.861762485000042, 6.96266139200003 ], [ 79.861797511000077, 6.96263637800007 ], [ 79.862268616000051, 6.962299936000022 ], [ 79.862671273000046, 6.961989093000057 ], [ 79.862798524000084, 6.961884993000069 ], [ 79.862854807000076, 6.961839711000039 ], [ 79.862817225000072, 6.961807720000024 ], [ 79.862840058000074, 6.961792573000025 ], [ 79.862866165000071, 6.961769114000049 ], [ 79.862892186000067, 6.961743214000023 ], [ 79.86293162700008, 6.961703324000041 ], [ 79.863072958000032, 6.961571402000061 ], [ 79.863204779000057, 6.961443348000046 ], [ 79.86328855000005, 6.961362856000051 ], [ 79.863333709000074, 6.961313663000055 ], [ 79.863371440000037, 6.961268978000021 ], [ 79.863405457000056, 6.96122645500003 ], [ 79.863410428000066, 6.961219950000043 ], [ 79.863446372000055, 6.96117291500002 ], [ 79.863527025000053, 6.961065922000046 ], [ 79.863579845000061, 6.960985640000047 ], [ 79.863596923000046, 6.960952127000041 ], [ 79.863606142000037, 6.960911364000026 ], [ 79.86362024400006, 6.960872330000029 ], [ 79.863634342000069, 6.960835194000026 ], [ 79.863665082000068, 6.960755321000022 ], [ 79.863690419000079, 6.960701616000051 ], [ 79.863699519000079, 6.960682329000065 ], [ 79.863726340000085, 6.960625482000069 ], [ 79.863731230000042, 6.960615117000032 ], [ 79.863746939000066, 6.960587206000071 ], [ 79.863760017000061, 6.960562727000024 ], [ 79.863787240000079, 6.960523810000041 ], [ 79.863824628000032, 6.960469087000035 ], [ 79.863873889000047, 6.960404531000052 ], [ 79.863923599000032, 6.960341964000065 ], [ 79.863954816000046, 6.96029681400006 ], [ 79.864014245000078, 6.960215189000053 ], [ 79.864055252000071, 6.960160653000059 ], [ 79.864104878000035, 6.960095013000057 ], [ 79.864165308000054, 6.960010316000023 ], [ 79.864193525000076, 6.959972303000029 ], [ 79.86424435400005, 6.959892106000041 ], [ 79.864291641000079, 6.959819500000037 ], [ 79.864349268000069, 6.959733892000031 ], [ 79.864395003000084, 6.959667340000067 ], [ 79.864415137000037, 6.959644322000031 ], [ 79.864439720000064, 6.959613174000026 ], [ 79.864380648000065, 6.959556276000058 ], [ 79.864331228000083, 6.959516034000046 ], [ 79.86429924600003, 6.959489208000036 ], [ 79.864284524000084, 6.959476119000044 ], [ 79.864130560000035, 6.95932941600006 ], [ 79.86412832700006, 6.959327289000043 ], [ 79.864123200000051, 6.959322404000034 ], [ 79.864083548000053, 6.959284621000052 ], [ 79.86400614400003, 6.959208971000066 ], [ 79.863923155000066, 6.95911983700006 ], [ 79.863887293000062, 6.959087216000057 ], [ 79.863757871000075, 6.958962523000025 ], [ 79.86372037600006, 6.958926399000063 ], [ 79.863593662000085, 6.958800198000063 ], [ 79.863445800000079, 6.958659037000075 ], [ 79.863363751000065, 6.95857673200004 ], [ 79.863323784000045, 6.95853664200007 ], [ 79.863322113000038, 6.958534918000055 ], [ 79.863211979000084, 6.958421231000045 ], [ 79.863049592000039, 6.958258431000047 ], [ 79.863031617000047, 6.958241759000032 ], [ 79.86274450500008, 6.957953033000024 ], [ 79.862618416000032, 6.957826629000067 ], [ 79.862608910000063, 6.957817098000021 ], [ 79.862614184000051, 6.957811819000028 ], [ 79.862624076000031, 6.957791927000073 ], [ 79.862619948000031, 6.95779062500003 ], [ 79.862659025000085, 6.957768442000031 ], [ 79.863379974000054, 6.957359190000034 ], [ 79.864079770000046, 6.956917468000029 ], [ 79.864142961000084, 6.956879072000049 ], [ 79.86429406600007, 6.956787258000077 ], [ 79.864491121000071, 6.956658448000042 ], [ 79.864607652000075, 6.956569676000072 ], [ 79.864678365000032, 6.956507747000046 ], [ 79.864680815000042, 6.95650858700003 ], [ 79.864706738000052, 6.956480850000048 ], [ 79.864727863000041, 6.956452182000021 ], [ 79.864744226000084, 6.95640915000007 ], [ 79.864777857000036, 6.956351798000071 ], [ 79.864784670000063, 6.956323373000032 ], [ 79.864794257000085, 6.956283373000076 ], [ 79.864777351000043, 6.956283774000042 ], [ 79.864733903000058, 6.956284809000067 ], [ 79.864640837000081, 6.956287845000077 ], [ 79.86460304600007, 6.956289078000054 ], [ 79.864449198000045, 6.956296558000076 ], [ 79.864334188000043, 6.956295251000029 ], [ 79.864033387000063, 6.956299916000035 ], [ 79.863998933000062, 6.956300104000036 ], [ 79.863920627000084, 6.956300531000068 ], [ 79.86383162900006, 6.956301017000044 ], [ 79.863828038000065, 6.95630103600007 ], [ 79.863715040000045, 6.956301653000025 ], [ 79.863420215000076, 6.956305425000039 ], [ 79.863148742000078, 6.956306439000059 ], [ 79.863087285000063, 6.956307354000046 ], [ 79.862944680000055, 6.956309480000073 ], [ 79.862734106000062, 6.956311245000052 ], [ 79.862524978000067, 6.956313101000035 ], [ 79.862328860000048, 6.956326194000042 ], [ 79.862189688000058, 6.95635186800007 ], [ 79.862093181000034, 6.956037066000022 ], [ 79.862054169000032, 6.955908346000058 ], [ 79.861980320000043, 6.955514600000072 ], [ 79.86201746100005, 6.955505788000039 ], [ 79.862208302000056, 6.955490572000031 ], [ 79.862391827000067, 6.955472978000046 ], [ 79.862643726000044, 6.955458828000076 ], [ 79.862855258000081, 6.955427697000061 ], [ 79.862930712000036, 6.955425025000068 ], [ 79.862997064000069, 6.95541399800004 ], [ 79.863062280000065, 6.955393387000072 ], [ 79.863135416000034, 6.955338730000051 ], [ 79.863148920000071, 6.955330580000066 ], [ 79.863152375000084, 6.95532849500006 ], [ 79.863194179000061, 6.955303267000033 ], [ 79.863297278000061, 6.955221255000026 ], [ 79.863310599000044, 6.955215704000068 ], [ 79.863328693000085, 6.955215237000061 ], [ 79.863346045000071, 6.955219285000055 ], [ 79.863357691000033, 6.955224666000049 ], [ 79.863388247000046, 6.955251366000027 ], [ 79.863397965000047, 6.955257497000048 ], [ 79.863400591000072, 6.955259153000043 ], [ 79.863412616000062, 6.955266655000059 ], [ 79.863425709000069, 6.955274823000025 ], [ 79.863459873000068, 6.955301757000029 ], [ 79.863478070000042, 6.955318027000033 ], [ 79.86372510800004, 6.955146440000021 ], [ 79.863736623000079, 6.955134978000046 ], [ 79.863660266000068, 6.955051249000064 ], [ 79.863656267000067, 6.955046864000053 ], [ 79.863534145000074, 6.954923259000054 ], [ 79.863210305000052, 6.954594610000072 ], [ 79.863041121000037, 6.954084279000028 ], [ 79.862978016000056, 6.953827481000076 ], [ 79.862961123000048, 6.953831098000023 ], [ 79.86294302500005, 6.953831696000066 ], [ 79.86293168800006, 6.953751200000056 ], [ 79.862922821000041, 6.953656873000057 ], [ 79.862913181000067, 6.953541569000038 ], [ 79.862907766000035, 6.953440196000031 ], [ 79.86290028500008, 6.953331134000052 ], [ 79.862898908000034, 6.953294150000033 ], [ 79.862899024000058, 6.953234021000071 ], [ 79.862898625000071, 6.953087519000064 ], [ 79.862898548000032, 6.953059236000058 ], [ 79.862898666000035, 6.952997660000051 ], [ 79.862901524000051, 6.95292352000007 ], [ 79.862901727000065, 6.952919260000044 ], [ 79.862901935000082, 6.952914880000037 ], [ 79.862902151000071, 6.952910297000074 ], [ 79.862902391000034, 6.952905229000066 ], [ 79.86291010900004, 6.952742153000031 ], [ 79.862915904000033, 6.952647042000024 ], [ 79.862929598000051, 6.95249091200003 ], [ 79.862933145000056, 6.952434947000029 ], [ 79.862936870000055, 6.952333503000034 ], [ 79.862936925000042, 6.952210982000054 ], [ 79.862936617000059, 6.952183043000048 ], [ 79.862935446000051, 6.952161508000074 ], [ 79.862931287000038, 6.952085016000069 ], [ 79.862922766000054, 6.951999280000052 ], [ 79.862913582000033, 6.951945688000023 ], [ 79.862904601000082, 6.951893272000063 ], [ 79.862898973000085, 6.95185546600004 ], [ 79.862888576000046, 6.951803634000044 ], [ 79.862867225000059, 6.951707567000028 ], [ 79.862859506000063, 6.951674819000061 ], [ 79.862839442000052, 6.951615826000022 ], [ 79.862828575000037, 6.951572945000066 ], [ 79.862791005000076, 6.951628301000028 ], [ 79.862777254000036, 6.951648970000065 ], [ 79.862760966000053, 6.951673454000058 ], [ 79.862758529000075, 6.951676028000065 ], [ 79.862734695000086, 6.951701195000055 ], [ 79.862732676000064, 6.951703328000065 ], [ 79.862677124000072, 6.951745899000059 ], [ 79.862633544000062, 6.951773936000052 ], [ 79.862539441000081, 6.951817338000069 ], [ 79.862464175000071, 6.951853090000043 ], [ 79.862313568000047, 6.951924338000026 ], [ 79.862310746000048, 6.951925672000073 ], [ 79.86225984500004, 6.951949355000067 ], [ 79.862097179000045, 6.952025267000067 ], [ 79.86190797900008, 6.95211224600007 ], [ 79.861804825000036, 6.952156897000066 ], [ 79.861766690000081, 6.95217698700003 ], [ 79.861684537000031, 6.952217788000041 ], [ 79.861646011000062, 6.952237747000027 ], [ 79.861623848000079, 6.952249228000028 ], [ 79.861566537000044, 6.952265304000036 ], [ 79.861526083000058, 6.952267665000022 ], [ 79.861490336000031, 6.952269676000071 ], [ 79.861407825000072, 6.952261470000053 ], [ 79.861328849000074, 6.952250919000051 ], [ 79.861280543000078, 6.952242597000065 ], [ 79.861213970000051, 6.952228815000069 ], [ 79.861161063000054, 6.952213341000061 ], [ 79.861108976000082, 6.952195337000035 ], [ 79.861078707000047, 6.952180142000032 ], [ 79.861059436000062, 6.952170466000041 ], [ 79.861004395000066, 6.952136091000057 ], [ 79.860963542000036, 6.952110965000031 ], [ 79.860878496000055, 6.952056729000049 ], [ 79.860831871000073, 6.952022189000047 ], [ 79.860807713000042, 6.95199807900002 ], [ 79.860803282000063, 6.95199365700006 ], [ 79.860761063000041, 6.951951523000048 ], [ 79.860723867000047, 6.951907326000025 ], [ 79.860706913000058, 6.951877273000036 ], [ 79.860674380000034, 6.951808673000073 ], [ 79.86066190400004, 6.951755571000035 ], [ 79.860620038000036, 6.951506561000031 ], [ 79.860585902000082, 6.951330989000041 ], [ 79.860521807000055, 6.951064847000055 ], [ 79.860466999000039, 6.950816175000057 ], [ 79.860442396000053, 6.950718111000072 ], [ 79.860431836000032, 6.950666080000076 ], [ 79.860429021000073, 6.950652215000048 ], [ 79.860424110000054, 6.950628017000042 ], [ 79.860345807000044, 6.950269799000068 ], [ 79.860315189000062, 6.950146407000034 ], [ 79.860298919000059, 6.950090586000044 ], [ 79.860022882000067, 6.950113561000023 ], [ 79.859952827000029, 6.950121925000076 ], [ 79.859822039000051, 6.950138490000029 ], [ 79.859766544000081, 6.950150862000044 ], [ 79.859736471000076, 6.95016707800005 ], [ 79.859604704000049, 6.950138975000073 ], [ 79.859595317000071, 6.950040868000031 ], [ 79.859312790000047, 6.95004749900005 ], [ 79.859316328000034, 6.949951332000069 ], [ 79.859250243000076, 6.949954075000051 ], [ 79.859083862000034, 6.949980295000046 ], [ 79.859080402000075, 6.949981725000043 ], [ 79.859028028000068, 6.950003378000076 ], [ 79.858993631000033, 6.94994157800005 ], [ 79.858983009000042, 6.949870222000072 ], [ 79.858979696000063, 6.94984796600005 ], [ 79.858967244000041, 6.949745691000032 ], [ 79.858957696000061, 6.949667262000048 ], [ 79.858953374000066, 6.949652306000075 ], [ 79.858934913000041, 6.949656910000044 ], [ 79.858884398000043, 6.949668477000046 ], [ 79.858776430000034, 6.94969504900007 ], [ 79.858772720000047, 6.949695905000056 ], [ 79.858170569000038, 6.949835005000068 ], [ 79.85756794200006, 6.949912593000022 ], [ 79.857504179000045, 6.949940367000067 ], [ 79.857489741000052, 6.949948594000034 ], [ 79.857481174000043, 6.949953476000076 ], [ 79.85729255900003, 6.950045610000075 ], [ 79.857165520000081, 6.950107665000075 ], [ 79.857120942000051, 6.949904403000062 ], [ 79.857083988000056, 6.949732616000063 ], [ 79.857058616000074, 6.949614664000023 ], [ 79.856895536000081, 6.948925704000033 ], [ 79.856782580000072, 6.948566515000039 ], [ 79.856681952000031, 6.948243337000065 ], [ 79.856657273000053, 6.948137408000036 ], [ 79.856579436000061, 6.94772692600003 ], [ 79.856550121000055, 6.947544975000028 ], [ 79.856542270000034, 6.94749624800005 ], [ 79.856521946000043, 6.947370106000051 ], [ 79.856496638000067, 6.947128509000038 ], [ 79.856492540000033, 6.947089383000048 ], [ 79.856499915000029, 6.946973026000023 ], [ 79.856500786000083, 6.946894855000039 ], [ 79.856502216000081, 6.946766511000021 ], [ 79.856498081000041, 6.946753031000071 ], [ 79.856499756000062, 6.946752768000067 ], [ 79.856493190000037, 6.946737092000035 ], [ 79.856489099000044, 6.94672732500004 ], [ 79.856457246000048, 6.946667263000052 ], [ 79.856405144000064, 6.946569023000052 ], [ 79.856396339000071, 6.946543470000051 ], [ 79.856119982000052, 6.946627014000057 ], [ 79.85610317700008, 6.94665090500007 ], [ 79.855895972000042, 6.946706723000034 ], [ 79.855852441000081, 6.946718560000022 ], [ 79.855767352000044, 6.946744287000058 ], [ 79.855562389000056, 6.946806256000059 ], [ 79.85511185200005, 6.946935179000036 ], [ 79.85510950500003, 6.946914389000028 ], [ 79.852548173000059, 6.947885732000032 ], [ 79.852707386000077, 6.948631559000034 ], [ 79.852902740000047, 6.949564537000072 ], [ 79.853208393000045, 6.951010866000047 ], [ 79.853721237000059, 6.953448066000021 ], [ 79.85540123100003, 6.953280532000065 ], [ 79.85548274100006, 6.953291451000041 ], [ 79.855708008000079, 6.953270458000077 ], [ 79.855813806000072, 6.953261296000051 ], [ 79.856036815000039, 6.953241983000055 ], [ 79.856074488000047, 6.953644969000038 ], [ 79.855865391000066, 6.953665354000066 ], [ 79.85456582900008, 6.953792044000068 ], [ 79.85457871400007, 6.953960159000076 ], [ 79.854586023000081, 6.953970665000043 ], [ 79.854594150000082, 6.953979180000033 ], [ 79.854643747000068, 6.953974120000055 ], [ 79.854679493000049, 6.954344282000022 ], [ 79.853835574000072, 6.954443456000035 ], [ 79.853837783000074, 6.954520350000053 ], [ 79.853838010000061, 6.954527959000075 ], [ 79.853838759000041, 6.954573397000047 ], [ 79.853846889000067, 6.95462658100007 ], [ 79.855929705000051, 6.954406078000034 ], [ 79.856178388000046, 6.954379749000054 ], [ 79.856200699000055, 6.954679537000061 ], [ 79.856127481000044, 6.954685362000021 ], [ 79.856128100000035, 6.954692777000048 ], [ 79.855954568000072, 6.954692440000031 ], [ 79.85595532800005, 6.954701193000062 ], [ 79.856126110000048, 6.954701526000065 ], [ 79.856144766000057, 6.954926347000026 ], [ 79.856230354000047, 6.954980495000029 ], [ 79.856239941000069, 6.954983407000043 ], [ 79.856236937000062, 6.955139019000057 ], [ 79.85623621700006, 6.955176266000024 ], [ 79.856010830000059, 6.955187810000041 ], [ 79.855921491000061, 6.955192387000068 ], [ 79.855918227000075, 6.955192554000064 ], [ 79.855864901000075, 6.955195285000059 ], [ 79.85572598400006, 6.955202401000065 ], [ 79.855722912000033, 6.955292906000068 ], [ 79.855850602000032, 6.955289065000045 ], [ 79.855908629000055, 6.955287318000046 ], [ 79.855926188000069, 6.955286790000059 ], [ 79.855931505000058, 6.955286630000046 ], [ 79.85593478100003, 6.955286532000059 ], [ 79.856024985000033, 6.955283818000055 ], [ 79.856021406000082, 6.95535596700006 ], [ 79.856038640000065, 6.955356561000031 ], [ 79.856124287000057, 6.955359514000065 ], [ 79.85614191500008, 6.955507565000062 ], [ 79.85606475700007, 6.955515035000076 ], [ 79.855968351000058, 6.955524369000045 ], [ 79.855965108000078, 6.955524683000021 ], [ 79.855959724000058, 6.955525204000025 ], [ 79.855536469000072, 6.955559726000047 ], [ 79.85550928300006, 6.955561944000067 ], [ 79.855504030000077, 6.955565098000022 ], [ 79.855503014000078, 6.955621428000029 ], [ 79.855622479000033, 6.955621548000067 ], [ 79.855978333000053, 6.955621905000044 ], [ 79.855983970000068, 6.955621910000048 ], [ 79.855987002000063, 6.955621913000073 ], [ 79.856127968000067, 6.95562205400006 ], [ 79.856184234000068, 6.955655273000048 ], [ 79.85618369000008, 6.95569497300005 ], [ 79.856183118000047, 6.95573678300002 ], [ 79.856183093000084, 6.955738541000073 ], [ 79.856183091000048, 6.955738762000067 ], [ 79.856249054000045, 6.95583410200004 ], [ 79.856378609000046, 6.955893850000052 ], [ 79.856479840000077, 6.955912353000031 ], [ 79.856484242000079, 6.955913158000044 ], [ 79.856682383000077, 6.955949375000046 ], [ 79.856969120000031, 6.956001784000023 ], [ 79.857173884000076, 6.956033492000074 ], [ 79.857305007000036, 6.956053796000049 ], [ 79.857307672000047, 6.956219270000076 ], [ 79.85719789400008, 6.956226381000022 ], [ 79.857163871000068, 6.956227033000062 ], [ 79.85707629500007, 6.956228712000041 ], [ 79.857073645000071, 6.95622876300007 ], [ 79.857071918000031, 6.956232918000069 ], [ 79.857071891000032, 6.956239680000067 ], [ 79.857071820000044, 6.956257317000052 ], [ 79.857071812000072, 6.956259085000056 ], [ 79.857071571000063, 6.956318274000068 ], [ 79.857098810000082, 6.956317785000067 ], [ 79.857172241000058, 6.956320417000029 ], [ 79.857175366000035, 6.956320529000038 ], [ 79.857176801000037, 6.956320580000067 ], [ 79.857180026000037, 6.956320696000034 ], [ 79.857233373000042, 6.95632260800005 ], [ 79.857339375000038, 6.956326406000073 ], [ 79.857372041000076, 6.956327577000025 ], [ 79.857424281000078, 6.956329448000076 ], [ 79.857423508000068, 6.956447355000023 ], [ 79.857424293000065, 6.956462909000038 ], [ 79.85743224600003, 6.956467806000035 ], [ 79.857482097000059, 6.956472786000063 ], [ 79.857477755000048, 6.956704436000052 ], [ 79.857410791000063, 6.956705119000048 ], [ 79.85739694800003, 6.956751388000043 ], [ 79.857257203000074, 6.956743431000064 ], [ 79.856691652000052, 6.956711227000028 ], [ 79.855515832000037, 6.95663386800004 ], [ 79.85551348100006, 6.956633713000031 ], [ 79.855433763000065, 6.956628468000076 ], [ 79.855426004000037, 6.956627957000023 ], [ 79.855180569000083, 6.956611810000027 ], [ 79.854138972000044, 6.956546668000044 ], [ 79.854092785000034, 6.956566561000045 ], [ 79.854057023000053, 6.956697292000058 ], [ 79.854056692000086, 6.956698505000077 ], [ 79.854069883000079, 6.956755767000061 ], [ 79.85430524800006, 6.956814961000021 ], [ 79.854310468000051, 6.956816274000062 ], [ 79.854312286000038, 6.95681666400003 ], [ 79.854314696000074, 6.956817179000041 ], [ 79.854315602000042, 6.956817373000035 ], [ 79.854398761000084, 6.956835167000065 ], [ 79.855167516000051, 6.95699965700004 ], [ 79.855370663000031, 6.957043125000041 ], [ 79.856108791000054, 6.957211098000073 ], [ 79.856351134000079, 6.957266248000053 ], [ 79.856463934000033, 6.957291918000067 ], [ 79.856511032000071, 6.957316966000064 ], [ 79.856523863000064, 6.957465643000035 ], [ 79.856536539000047, 6.957741180000028 ], [ 79.856539210000051, 6.957785065000053 ], [ 79.856540352000081, 6.957803807000062 ], [ 79.856540409000047, 6.957804741000075 ], [ 79.856541953000033, 6.957830096000066 ], [ 79.856542059000049, 6.957831833000057 ], [ 79.856559601000072, 6.958119905000046 ], [ 79.856563210000047, 6.958202657000072 ], [ 79.856565034000084, 6.958244499000045 ], [ 79.856565046000071, 6.958244771000068 ], [ 79.856572073000052, 6.958405929000037 ], [ 79.856131127000083, 6.958306151000045 ], [ 79.854881888000079, 6.958035895000023 ], [ 79.854776036000032, 6.958013304000076 ], [ 79.85477280300006, 6.95801261400004 ], [ 79.854141899000069, 6.957877960000076 ], [ 79.85331018100004, 6.957700446000047 ], [ 79.853274660000068, 6.957679128000052 ], [ 79.853230341000085, 6.957699780000041 ], [ 79.853228286000046, 6.957700738000028 ], [ 79.853205156000058, 6.95772908500004 ], [ 79.853193807000082, 6.957748323000033 ], [ 79.853210471000068, 6.957788050000033 ], [ 79.853202153000041, 6.958820814000035 ], [ 79.854979811000078, 6.959192487000053 ], [ 79.855036245000065, 6.959008493000056 ], [ 79.85540777500006, 6.959088698000073 ], [ 79.855417782000075, 6.959156257000075 ], [ 79.855502263000062, 6.95915979800003 ], [ 79.855515874000048, 6.959112548000064 ], [ 79.856519381000055, 6.959324051000067 ], [ 79.856574788000046, 6.959335729000031 ], [ 79.856578844000069, 6.959669209000026 ], [ 79.856497882000042, 6.959668522000072 ], [ 79.856274528000085, 6.959666626000057 ], [ 79.856268443000033, 6.959678551000025 ], [ 79.856074177000039, 6.959669041000041 ], [ 79.856057990000068, 6.959663403000036 ], [ 79.856035069000029, 6.959677012000043 ], [ 79.855952091000063, 6.959676397000067 ], [ 79.855953402000068, 6.959654248000049 ], [ 79.855865795000057, 6.959659503000069 ], [ 79.855860634000067, 6.959707777000062 ], [ 79.855938274000039, 6.959708290000037 ], [ 79.855938475000073, 6.959698073000027 ], [ 79.856269649000069, 6.95970920600007 ], [ 79.856270805000065, 6.959719968000059 ], [ 79.856493862000036, 6.959732922000057 ], [ 79.856607483000062, 6.959739521000074 ], [ 79.85660282300006, 6.959809225000072 ], [ 79.856527981000056, 6.959812697000075 ], [ 79.85652568200004, 6.959862728000076 ], [ 79.856525645000033, 6.959863540000072 ], [ 79.856524862000072, 6.959880597000051 ], [ 79.856553979000068, 6.959922172000063 ], [ 79.856547939000052, 6.959923366000055 ], [ 79.856547615000068, 6.960090833000038 ], [ 79.856570537000039, 6.960120400000051 ], [ 79.856513886000073, 6.960144231000072 ], [ 79.856510974000059, 6.960145455000031 ], [ 79.856476629000042, 6.960159903000033 ], [ 79.856473531000063, 6.960159910000073 ], [ 79.856339896000065, 6.960160180000059 ], [ 79.856331131000047, 6.960247238000022 ], [ 79.856474829000035, 6.960249472000044 ], [ 79.856530476000046, 6.960250337000048 ], [ 79.856542870000055, 6.960255389000054 ], [ 79.856546575000039, 6.960256899000058 ], [ 79.856581744000039, 6.960271234000061 ], [ 79.856558016000065, 6.96029633400002 ], [ 79.856557171000077, 6.960297228000059 ], [ 79.856557020000082, 6.960304157000053 ], [ 79.85655319500006, 6.960479960000043 ], [ 79.856559612000069, 6.960556220000058 ], [ 79.856559925000056, 6.960559942000032 ], [ 79.856564356000035, 6.960612619000074 ], [ 79.856579728000042, 6.960795308000058 ], [ 79.856461029000059, 6.960782599000026 ], [ 79.856169773000033, 6.960755171000073 ], [ 79.855159943000046, 6.960660071000063 ], [ 79.85483258000005, 6.960629242000039 ], [ 79.85409876500006, 6.960556220000058 ], [ 79.85409846400006, 6.960556191000023 ], [ 79.853746684000043, 6.960521185000061 ], [ 79.853386724000075, 6.960485366000057 ], [ 79.853264841000055, 6.960481511000069 ], [ 79.85312422700008, 6.960477077000064 ], [ 79.853117636000036, 6.960561698000049 ], [ 79.853197127000044, 6.960634281000068 ], [ 79.853183892000061, 6.960738238000033 ], [ 79.853212663000079, 6.960868692000076 ], [ 79.853228023000042, 6.960938334000048 ], [ 79.853302781000082, 6.961116609000044 ], [ 79.853406801000062, 6.961140049000051 ], [ 79.853491414000075, 6.961159118000069 ], [ 79.853696594000041, 6.961212137000075 ], [ 79.85431781300008, 6.961259735000056 ], [ 79.854919101000064, 6.961318685000037 ], [ 79.855190600000071, 6.961352218000059 ], [ 79.855276594000031, 6.961431232000052 ], [ 79.855337098000064, 6.96144871000007 ], [ 79.855423798000061, 6.961443182000039 ], [ 79.855472723000048, 6.961412806000055 ], [ 79.855542213000035, 6.961370715000044 ], [ 79.855822887000045, 6.961401085000034 ], [ 79.856223829000044, 6.961444468000025 ], [ 79.856377998000085, 6.961458783000069 ], [ 79.856453847000068, 6.961542661000067 ], [ 79.856455339000036, 6.961637503000077 ], [ 79.85645586000004, 6.961670609000066 ], [ 79.856447219000074, 6.961786331000042 ], [ 79.856482552000045, 6.961811356000055 ], [ 79.856507772000043, 6.961871986000062 ], [ 79.856604437000044, 6.961954277000075 ], [ 79.856856957000048, 6.962022583000021 ], [ 79.857321966000029, 6.962127742000064 ], [ 79.857705704000068, 6.962196476000031 ], [ 79.857709272000079, 6.962197115000038 ], [ 79.857736364000061, 6.962201968000045 ], [ 79.857767952000074, 6.962235300000032 ], [ 79.857793798000046, 6.962262571000053 ], [ 79.857773126000041, 6.962337733000027 ], [ 79.857742944000051, 6.962447473000054 ], [ 79.857720206000067, 6.962510015000021 ], [ 79.857647508000071, 6.962709959000051 ], [ 79.857500194000067, 6.963032023000039 ], [ 79.857469905000073, 6.96310009900003 ], [ 79.857461563000072, 6.963118850000058 ], [ 79.85739058200005, 6.963278385000024 ], [ 79.857344491000049, 6.963434272000029 ], [ 79.857296843000086, 6.963598383000033 ], [ 79.85728963400004, 6.96364052000007 ], [ 79.857278904000054, 6.963703238000051 ], [ 79.85727855600004, 6.963705266000034 ], [ 79.85728514300007, 6.963704966000023 ], [ 79.857305544000042, 6.963704041000028 ], [ 79.857308928000066, 6.963703887000065 ], [ 79.857335939000052, 6.963702660000024 ], [ 79.857350950000068, 6.963701979000064 ], [ 79.857363426000063, 6.963701411000045 ], [ 79.857403488000045, 6.963654561000055 ], [ 79.857430814000054, 6.963622604000022 ], [ 79.857471172000032, 6.963640163000036 ], [ 79.857519331000049, 6.963661115000036 ], [ 79.857522372000062, 6.963664883000035 ], [ 79.857538198000043, 6.96368448100003 ], [ 79.857579090000058, 6.963736191000066 ], [ 79.857587969000065, 6.963746425000068 ], [ 79.857600347000073, 6.96376069300004 ], [ 79.857643918000065, 6.963810914000021 ], [ 79.85770202100008, 6.963899729000048 ], [ 79.857759527000042, 6.963970459000052 ], [ 79.857772209000075, 6.963984684000025 ], [ 79.857795321000083, 6.964010610000059 ], [ 79.857829054000035, 6.964048446000049 ], [ 79.857911553000065, 6.964110002000041 ], [ 79.85792347000006, 6.96409982800003 ], [ 79.857930469000053, 6.964093853000065 ], [ 79.857986426000082, 6.964046077000035 ], [ 79.857987421000075, 6.964045227000042 ], [ 79.857982158000084, 6.964037488000031 ], [ 79.857933371000058, 6.963965734000055 ], [ 79.857879221000076, 6.963891212000021 ], [ 79.857812476000049, 6.963825166000049 ], [ 79.857785119000084, 6.963746808000053 ], [ 79.857776318000049, 6.963729198000067 ], [ 79.85774807100006, 6.963672681000048 ], [ 79.857697199000029, 6.963608100000044 ], [ 79.857689577000031, 6.963598424000054 ], [ 79.857689233000031, 6.963589652000053 ], [ 79.857686528000045, 6.963584131000061 ], [ 79.85767351700008, 6.963573979000046 ], [ 79.857664763000059, 6.963561574000039 ], [ 79.857682407000084, 6.963513030000058 ], [ 79.85776220200006, 6.963293485000065 ], [ 79.857921279000038, 6.962859648000062 ], [ 79.858059324000067, 6.962483171000031 ], [ 79.858410531000061, 6.962631847000068 ], [ 79.858522168000036, 6.962679106000053 ], [ 79.858726, 6.962786624000046 ], [ 79.858858361000046, 6.962856441000042 ], [ 79.85887775100008, 6.962900083000022 ], [ 79.858877822000068, 6.962900242000046 ], [ 79.858825016000083, 6.962903804000064 ], [ 79.858790810000073, 6.962906112000042 ], [ 79.858788015000073, 6.962906301000032 ], [ 79.858772295000051, 6.962907362000067 ], [ 79.858697469000049, 6.96294844800002 ], [ 79.858735295000031, 6.962994817000038 ], [ 79.858788768000068, 6.963003221000065 ], [ 79.858812072000035, 6.963006884000038 ], [ 79.858813742000052, 6.963007146000052 ], [ 79.858817110000075, 6.963007676000075 ], [ 79.858820630000082, 6.963008229000025 ], [ 79.858840144000055, 6.963011296000047 ], [ 79.858831031000079, 6.96309026800003 ], [ 79.858829699000069, 6.963101812000048 ], [ 79.858809256000029, 6.963278983000066 ], [ 79.858808297000053, 6.96328728800006 ], [ 79.858771773000058, 6.963548442000047 ], [ 79.858805248000067, 6.963738141000022 ], [ 79.85880712800008, 6.963748793000036 ], [ 79.858811468000056, 6.963796996000042 ], [ 79.85883743200003, 6.96389388700004 ], [ 79.858845737000081, 6.96399797600003 ], [ 79.85886344100004, 6.964107511000066 ], [ 79.858884777000071, 6.964210722000075 ], [ 79.858907124000041, 6.964306339000075 ], [ 79.858929556000078, 6.96440448900006 ], [ 79.858964935000074, 6.964498776000028 ], [ 79.858999875000052, 6.964587093000034 ], [ 79.859046822000039, 6.964689723000049 ], [ 79.859091455000055, 6.964772273000051 ], [ 79.859108627000069, 6.964818183000034 ], [ 79.859128005000059, 6.964869997000051 ], [ 79.859206640000082, 6.964917712000045 ], [ 79.859262340000043, 6.964856611000073 ], [ 79.859271480000075, 6.964846585000032 ], [ 79.85925228800005, 6.96480396100003 ], [ 79.859200225000052, 6.964679713000066 ], [ 79.859226012000079, 6.964587985000037 ], [ 79.85923850000006, 6.96454144300003 ], [ 79.859313239000073, 6.964539051000031 ], [ 79.859329088000038, 6.96453854400005 ], [ 79.859337518000075, 6.964530966000041 ], [ 79.859322787000053, 6.964479179000023 ], [ 79.859319670000048, 6.96446822300004 ], [ 79.859319466000045, 6.964467505000073 ], [ 79.859308848000069, 6.964430181000068 ], [ 79.859279530000038, 6.964335996000045 ], [ 79.859256716000061, 6.964247973000056 ], [ 79.859238333000064, 6.964182097000048 ], [ 79.859230386000036, 6.964153614000054 ], [ 79.859203881000042, 6.964055727000073 ], [ 79.859183937000068, 6.963968742000077 ], [ 79.85918216500005, 6.963961013000073 ], [ 79.859158734000061, 6.963864942000043 ], [ 79.859142173000066, 6.963772500000061 ], [ 79.859151700000041, 6.96374946100002 ], [ 79.859151811000061, 6.963749191000034 ], [ 79.859153418000062, 6.963745304000042 ], [ 79.85911492200006, 6.96340669500006 ], [ 79.859088266000072, 6.963381433000052 ], [ 79.859083849000058, 6.963377249000075 ], [ 79.859051580000084, 6.963359192000041 ], [ 79.859107757000061, 6.963275301000067 ], [ 79.859114093000073, 6.963272404000065 ], [ 79.859318155000039, 6.963179140000022 ], [ 79.859528281000053, 6.963130358000058 ], [ 79.859687636000046, 6.963088611000046 ], [ 79.859771194000075, 6.963066722000065 ], [ 79.859894806000057, 6.963058140000044 ], [ 79.860001797000052, 6.963050711000051 ], [ 79.860120100000074, 6.963055181000072 ], [ 79.860123399000031, 6.963055306000058 ], [ 79.860405360000073, 6.963065959000062 ], [ 79.86083276200003, 6.963201063000042 ], [ 79.860940170000049, 6.963253160000022 ], [ 79.861005890000058, 6.963285037000048 ], [ 79.861042558000065, 6.963323670000023 ], [ 79.861047161000045, 6.963328520000061 ], [ 79.861056172000076, 6.963366718000032 ], [ 79.861056240000039, 6.963367005000066 ], [ 79.861065772000075, 6.963407409000069 ], [ 79.86107202200003, 6.963433907000024 ], [ 79.861116846000073, 6.963511846000074 ], [ 79.861226599000076, 6.963471911000056 ], [ 79.861227307000036, 6.963433484000063 ], [ 79.861238741000079, 6.963393241000063 ], [ 79.861238953000054, 6.963392494000061 ], [ 79.861239822000073, 6.963389434000021 ], [ 79.86123987600007, 6.963389243000051 ], [ 79.861252019000062, 6.963346502000036 ], [ 79.861255369000048, 6.963334708000048 ], [ 79.861308441000062, 6.963312206000069 ], [ 79.861327225000082, 6.963310238000076 ], [ 79.861463576000062, 6.96329595900005 ], [ 79.861496571000032, 6.963304555000036 ] ] ] ] } },
{ "type": "Feature", "properties": { "Shape_Leng": 0.04535894113, "Shape_Area": 8.416586e-05, "ADM4_EN": "Bloemendhal", "ADM4_SI": "බ්ලූමැන්ඩල්", "ADM4_TA": null, "ADM4_PCODE": "LK1103040", "ADM4_REF": null, "ADM3_EN": "Colombo", "ADM3_SI": "කොළඹ", "ADM3_TA": "கொழும்பு", "ADM3_PCODE": "LK1103", "ADM2_EN": "Colombo", "ADM2_SI": "කොළඹ දිස්ත්‍රික්ක", "ADM2_TA": "கொழும்பு மாவட்டம்", "ADM2_PCODE": "LK11", "ADM1_EN": "Western", "ADM1_SI": "බස්නාහිර පළාත", "ADM1_TA": "மேல் மாகாணம் ", "ADM1_PCODE": "LK1", "ADM0_EN": "Sri Lanka", "ADM0_SI": "ශ්‍රී ලංකා", "ADM0_TA": "இலங்கை", "ADM0_PCODE": "LK", "date": "2022-08-02", "validOn": "2022-08-16", "validTo": null, "length_sum": 43582.0, "damage_sco": 4 }, "geometry": { "type": "MultiPolygon", "coordinates": [ [ [ [ 79.864794257000085, 6.956283373000076 ], [ 79.864798651000058, 6.956283269000039 ], [ 79.864821259000053, 6.956282731000044 ], [ 79.864821429000074, 6.95628272600004 ], [ 79.86486400900003, 6.956281715000046 ], [ 79.864866162000055, 6.956281663000027 ], [ 79.864878062000059, 6.956281380000064 ], [ 79.865568164000081, 6.956269869000039 ], [ 79.86560232800008, 6.956269322000026 ], [ 79.865936289000047, 6.956263976000059 ], [ 79.866026420000082, 6.95626270200006 ], [ 79.866064145000053, 6.956261931000029 ], [ 79.86609917800007, 6.956261214000051 ], [ 79.866391562000047, 6.956256351000036 ], [ 79.866737513000032, 6.956253129000061 ], [ 79.867188355000053, 6.956243235000045 ], [ 79.867492773000038, 6.956238664000068 ], [ 79.868029761000059, 6.95622965900003 ], [ 79.868276810000054, 6.956224889000055 ], [ 79.868755702000044, 6.956216761000064 ], [ 79.868774615000063, 6.956216439000059 ], [ 79.869279114000051, 6.956208546000028 ], [ 79.869881253000074, 6.956200928000044 ], [ 79.869980061000035, 6.956199157000071 ], [ 79.86998099300007, 6.95619914100007 ], [ 79.870317102000058, 6.956193117000055 ], [ 79.870396342000049, 6.956191697000065 ], [ 79.870518061000041, 6.956190107000054 ], [ 79.870819034000078, 6.956186177000063 ], [ 79.871367515000031, 6.956177008000054 ], [ 79.871814426000071, 6.956169529000022 ], [ 79.871818723000047, 6.956169457000044 ], [ 79.871847583000033, 6.956168974000036 ], [ 79.87197825700008, 6.95616596800005 ], [ 79.872027037000066, 6.956163169000035 ], [ 79.872041155000034, 6.956162563000021 ], [ 79.872084767000047, 6.956160314000044 ], [ 79.872085137000056, 6.956160295000075 ], [ 79.872093009000082, 6.956161033000058 ], [ 79.872306929000047, 6.956160991000047 ], [ 79.872352814000067, 6.956157552000036 ], [ 79.872393986000077, 6.956157630000064 ], [ 79.872528548000048, 6.956156892000024 ], [ 79.872903734000033, 6.956150194000031 ], [ 79.873379907000071, 6.956144050000034 ], [ 79.873835923000058, 6.956126745000063 ], [ 79.874246403000029, 6.956118305000075 ], [ 79.874631075000082, 6.956120393000049 ], [ 79.875208180000072, 6.956096265000042 ], [ 79.87530156400004, 6.956097619000047 ], [ 79.875317903000052, 6.956096444000025 ], [ 79.875303681000048, 6.956031254000038 ], [ 79.875233169000069, 6.955661750000047 ], [ 79.875184560000037, 6.955432801000029 ], [ 79.875128596000081, 6.955169931000057 ], [ 79.875100050000071, 6.955001604000074 ], [ 79.87507783500007, 6.954882657000041 ], [ 79.875074580000046, 6.954863727000031 ], [ 79.875067005000062, 6.954819703000055 ], [ 79.875065236000069, 6.954798994000043 ], [ 79.875064589000033, 6.954785715000071 ], [ 79.87506456300008, 6.954785178000066 ], [ 79.875062798000044, 6.954748896000069 ], [ 79.875064266000038, 6.954737958000067 ], [ 79.875071699000046, 6.954689732000077 ], [ 79.875072127000067, 6.954686633000051 ], [ 79.875094340000032, 6.95456912700007 ], [ 79.875063045000047, 6.954466801000024 ], [ 79.874950652000052, 6.954136731000062 ], [ 79.874938163000081, 6.954103498000052 ], [ 79.874876284000038, 6.953938839000045 ], [ 79.87481314200005, 6.953690965000021 ], [ 79.874788719000037, 6.953591003000042 ], [ 79.874898696000059, 6.953527104000045 ], [ 79.874982321000061, 6.953473463000023 ], [ 79.875104477000036, 6.953381466000053 ], [ 79.875128476000043, 6.953365359000031 ], [ 79.875221359000079, 6.953303023000046 ], [ 79.875221028000055, 6.953302510000071 ], [ 79.875315506000049, 6.953246991000071 ], [ 79.875508232000072, 6.95312606400006 ], [ 79.875526859000047, 6.953151219000063 ], [ 79.875562814000034, 6.953129756000067 ], [ 79.875585735000072, 6.953162815000042 ], [ 79.875648303000048, 6.953121306000071 ], [ 79.875664284000038, 6.953111591000038 ], [ 79.875688282000056, 6.953097004000028 ], [ 79.875717676000079, 6.953079136000042 ], [ 79.875663648000057, 6.953004373000056 ], [ 79.875513690000048, 6.952818962000038 ], [ 79.875446072000045, 6.952764896000076 ], [ 79.875147373000061, 6.952544051000075 ], [ 79.874928713000031, 6.952328320000049 ], [ 79.874835621000045, 6.952181010000061 ], [ 79.874782051000068, 6.952023009000072 ], [ 79.874768172000074, 6.951768193000021 ], [ 79.874721854000029, 6.95157432000002 ], [ 79.874679333000074, 6.951272799000037 ], [ 79.874690491000081, 6.951071858000034 ], [ 79.874701956000081, 6.951000861000068 ], [ 79.874635325000042, 6.951024869000037 ], [ 79.874563704000082, 6.951050676000023 ], [ 79.874253601000078, 6.95100388000003 ], [ 79.87416313600005, 6.951042381000036 ], [ 79.874161783000034, 6.951040659000057 ], [ 79.874107257000048, 6.950970582000025 ], [ 79.87405517600007, 6.950903649000054 ], [ 79.874019901000054, 6.950847973000066 ], [ 79.873980463000066, 6.950792379000063 ], [ 79.873919302000047, 6.95073972800003 ], [ 79.873833556000079, 6.95067202000007 ], [ 79.87338608400006, 6.95029429300007 ], [ 79.873323029000062, 6.950237840000057 ], [ 79.873202785000046, 6.950134351000031 ], [ 79.873097814000062, 6.950042030000077 ], [ 79.872960138000053, 6.94992094600002 ], [ 79.872854441000072, 6.949829419000025 ], [ 79.872674663000055, 6.949674185000049 ], [ 79.872323060000042, 6.949370514000066 ], [ 79.872347884000078, 6.949354466000045 ], [ 79.872365806000062, 6.949336626000047 ], [ 79.872370096000054, 6.94933235600007 ], [ 79.872389425000051, 6.949303549000035 ], [ 79.872395372000085, 6.949269560000062 ], [ 79.872392459000082, 6.949231126000029 ], [ 79.872384468000064, 6.949198650000028 ], [ 79.87237323100004, 6.949159838000071 ], [ 79.872321086000056, 6.949077275000036 ], [ 79.87217275200004, 6.948851753000042 ], [ 79.87206513600006, 6.948675588000071 ], [ 79.871938284000066, 6.948478861000069 ], [ 79.87184118700003, 6.948338071000023 ], [ 79.871789328000034, 6.948248093000075 ], [ 79.871693890000074, 6.948091121000061 ], [ 79.871661950000032, 6.948042686000065 ], [ 79.871577623000064, 6.947896133000029 ], [ 79.871408230000043, 6.947611435000056 ], [ 79.87123722900003, 6.94731525100002 ], [ 79.871122626000044, 6.947133310000027 ], [ 79.871090450000054, 6.947082228000056 ], [ 79.871050100000048, 6.947030430000041 ], [ 79.871040108000045, 6.94701807000007 ], [ 79.871001713000055, 6.94697056900003 ], [ 79.870938666000029, 6.946910589000026 ], [ 79.870755092000081, 6.946754534000036 ], [ 79.870672158000048, 6.946683847000031 ], [ 79.870592995000038, 6.94662881000005 ], [ 79.870478181000067, 6.946573615000034 ], [ 79.870343100000071, 6.946516572000064 ], [ 79.869862157000057, 6.946325136000041 ], [ 79.869711789000064, 6.946265080000046 ], [ 79.869679135000069, 6.946252593000054 ], [ 79.869627425000033, 6.946232820000034 ], [ 79.869554452000045, 6.946204151000074 ], [ 79.86944956800005, 6.946162945000026 ], [ 79.869333719000053, 6.946119053000075 ], [ 79.869330512000033, 6.946117839000067 ], [ 79.86919602200004, 6.94606688500005 ], [ 79.868777458000068, 6.945906663000073 ], [ 79.868615331000058, 6.945844604000058 ], [ 79.868548144000044, 6.945821147000061 ], [ 79.868477336000069, 6.945797231000029 ], [ 79.868389063000052, 6.945774909000022 ], [ 79.86832767900006, 6.94576206000005 ], [ 79.868311455000082, 6.945758666000074 ], [ 79.868191783000043, 6.945735740000032 ], [ 79.86815839500008, 6.945733958000062 ], [ 79.868122371000084, 6.945739042000071 ], [ 79.868099824000069, 6.94574695700004 ], [ 79.868497252000054, 6.946076037000068 ], [ 79.868776685000057, 6.946309874000065 ], [ 79.868792586000041, 6.946323179000046 ], [ 79.868819160000044, 6.94634697500004 ], [ 79.868883409000034, 6.946404507000068 ], [ 79.868806941000059, 6.946434424000074 ], [ 79.868801882000071, 6.946436405000043 ], [ 79.86877796300007, 6.946445762000053 ], [ 79.868776423000043, 6.946446534000074 ], [ 79.868749703000049, 6.946459904000051 ], [ 79.868698434000066, 6.946487565000041 ], [ 79.868524884000067, 6.946578106000061 ], [ 79.868366453000078, 6.946664697000074 ], [ 79.868254758000035, 6.946728320000034 ], [ 79.868097520000049, 6.946806414000037 ], [ 79.867812468000068, 6.946954520000077 ], [ 79.867453263000073, 6.947138791000043 ], [ 79.867354143000057, 6.947189640000033 ], [ 79.867129750000061, 6.947321043000045 ], [ 79.867075930000055, 6.947357560000057 ], [ 79.867027261000032, 6.947397251000041 ], [ 79.866951836000055, 6.947469443000045 ], [ 79.866959077000047, 6.947482189000027 ], [ 79.866954607000082, 6.947484703000043 ], [ 79.866830350000043, 6.947465408000028 ], [ 79.866672188000052, 6.947540465000031 ], [ 79.866607388000034, 6.947622878000061 ], [ 79.866593377000072, 6.947680556000023 ], [ 79.866581554000049, 6.947686944000054 ], [ 79.866280500000073, 6.947665314000062 ], [ 79.866100867000057, 6.947700854000061 ], [ 79.865824160000045, 6.947793625000031 ], [ 79.865827995000075, 6.947863754000025 ], [ 79.865616660000057, 6.947929264000038 ], [ 79.86563878000004, 6.948016361000043 ], [ 79.865580044000069, 6.94805691800002 ], [ 79.865568043000053, 6.948072445000037 ], [ 79.865612218000081, 6.948244797000029 ], [ 79.865656001000048, 6.948397980000038 ], [ 79.865655803000038, 6.948500851000063 ], [ 79.865380358000039, 6.948560132000068 ], [ 79.865011712000069, 6.948660550000056 ], [ 79.865028284000061, 6.94869847700005 ], [ 79.86508641100005, 6.948831485000028 ], [ 79.865109031000031, 6.948879815000055 ], [ 79.865120254000033, 6.948925408000036 ], [ 79.865188563000061, 6.94921262500003 ], [ 79.865279346000079, 6.949576563000051 ], [ 79.865287899000066, 6.949646565000023 ], [ 79.865324496000085, 6.949719968000068 ], [ 79.865372268000044, 6.949864099000024 ], [ 79.865542058000074, 6.950270415000034 ], [ 79.86558986600005, 6.95039610200007 ], [ 79.865630300000078, 6.95054428800006 ], [ 79.865635269000052, 6.950563847000069 ], [ 79.865724151000052, 6.950913749000051 ], [ 79.865729909000038, 6.950935087000062 ], [ 79.865770243000043, 6.951084551000065 ], [ 79.865839594000079, 6.951347627000075 ], [ 79.865855422000038, 6.951398384000072 ], [ 79.865912539000078, 6.951624004000053 ], [ 79.865915950000044, 6.951638659000025 ], [ 79.865925379000032, 6.951676382000073 ], [ 79.865927275000047, 6.951725845000055 ], [ 79.865921136000054, 6.951765257000034 ], [ 79.865865606000057, 6.951748966000025 ], [ 79.865812080000069, 6.951731342000073 ], [ 79.865810081000063, 6.95173068400004 ], [ 79.865776702000062, 6.951724561000049 ], [ 79.865746382000054, 6.951727488000074 ], [ 79.86571877800003, 6.951730147000035 ], [ 79.865719227000056, 6.951731866000046 ], [ 79.865722325000036, 6.951741895000055 ], [ 79.865722136000045, 6.951741917000049 ], [ 79.865734867000072, 6.95178641900003 ], [ 79.865768551000031, 6.951868768000054 ], [ 79.865793032000056, 6.951937807000036 ], [ 79.865804881000031, 6.952034217000062 ], [ 79.865813899000045, 6.952144819000068 ], [ 79.865846587000078, 6.952368765000074 ], [ 79.865849240000045, 6.952400416000046 ], [ 79.865849221000076, 6.952400623000074 ], [ 79.865846375000046, 6.952431335000028 ], [ 79.865840717000083, 6.95245673200003 ], [ 79.865823007000074, 6.952489702000037 ], [ 79.865798901000062, 6.95251545800005 ], [ 79.86579335700003, 6.952521383000033 ], [ 79.865763728000047, 6.95254103700006 ], [ 79.865747595000073, 6.95255502200007 ], [ 79.865678476000085, 6.95259358800007 ], [ 79.865596682000046, 6.952636382000037 ], [ 79.86539940800003, 6.952733746000035 ], [ 79.865196344000083, 6.952829654000027 ], [ 79.865050016000055, 6.952902693000055 ], [ 79.865032129000042, 6.952911620000066 ], [ 79.864974243000063, 6.952943880000021 ], [ 79.864930561000051, 6.952978338000037 ], [ 79.864886776000048, 6.953019032000043 ], [ 79.864850059000048, 6.953054859000076 ], [ 79.864819867000051, 6.953085093000027 ], [ 79.864752875000079, 6.953147624000053 ], [ 79.86464482000008, 6.953246608000029 ], [ 79.864511568000069, 6.953366611000035 ], [ 79.864432602000079, 6.953443950000064 ], [ 79.864396613000054, 6.953477697000039 ], [ 79.864374680000083, 6.953495920000023 ], [ 79.864333802000033, 6.953530654000076 ], [ 79.864297435000083, 6.953572267000027 ], [ 79.864235048000069, 6.953639329000055 ], [ 79.864214741000069, 6.953658913000027 ], [ 79.864177332000054, 6.953694074000055 ], [ 79.864114943000061, 6.953769754000064 ], [ 79.864083338000057, 6.953810087000022 ], [ 79.864055999000072, 6.953851512000028 ], [ 79.864018849000047, 6.953907257000026 ], [ 79.863984965000043, 6.953967175000059 ], [ 79.863867535000054, 6.954122348000055 ], [ 79.863862991000076, 6.954135133000023 ], [ 79.86386243700008, 6.95415090900002 ], [ 79.863868141000069, 6.954171860000031 ], [ 79.863906867000082, 6.954231984000046 ], [ 79.863942578000035, 6.954287429000033 ], [ 79.863964061000047, 6.954327068000055 ], [ 79.86396949400006, 6.954347837000057 ], [ 79.86397166200004, 6.954364160000068 ], [ 79.863966203000075, 6.95438709900003 ], [ 79.863951940000049, 6.95441429300007 ], [ 79.863908636000076, 6.954465934000041 ], [ 79.863856405000035, 6.954528220000043 ], [ 79.863786656000059, 6.954618677000042 ], [ 79.86375356800005, 6.954660572000023 ], [ 79.863734206000061, 6.95468508700003 ], [ 79.863729292000073, 6.954691309000054 ], [ 79.863534145000074, 6.954923259000054 ], [ 79.863656267000067, 6.955046864000053 ], [ 79.863660266000068, 6.955051249000064 ], [ 79.863736623000079, 6.955134978000046 ], [ 79.86372510800004, 6.955146440000021 ], [ 79.863478070000042, 6.955318027000033 ], [ 79.863459873000068, 6.955301757000029 ], [ 79.863425709000069, 6.955274823000025 ], [ 79.863412616000062, 6.955266655000059 ], [ 79.863400591000072, 6.955259153000043 ], [ 79.863397965000047, 6.955257497000048 ], [ 79.863388247000046, 6.955251366000027 ], [ 79.863357691000033, 6.955224666000049 ], [ 79.863346045000071, 6.955219285000055 ], [ 79.863328693000085, 6.955215237000061 ], [ 79.863310599000044, 6.955215704000068 ], [ 79.863297278000061, 6.955221255000026 ], [ 79.863194179000061, 6.955303267000033 ], [ 79.863152375000084, 6.95532849500006 ], [ 79.863148920000071, 6.955330580000066 ], [ 79.863135416000034, 6.955338730000051 ], [ 79.863062280000065, 6.955393387000072 ], [ 79.862997064000069, 6.95541399800004 ], [ 79.862930712000036, 6.955425025000068 ], [ 79.862855258000081, 6.955427697000061 ], [ 79.862643726000044, 6.955458828000076 ], [ 79.862391827000067, 6.955472978000046 ], [ 79.862208302000056, 6.955490572000031 ], [ 79.86201746100005, 6.955505788000039 ], [ 79.861980320000043, 6.955514600000072 ], [ 79.862054169000032, 6.955908346000058 ], [ 79.862093181000034, 6.956037066000022 ], [ 79.862189688000058, 6.95635186800007 ], [ 79.862328860000048, 6.956326194000042 ], [ 79.862524978000067, 6.956313101000035 ], [ 79.862734106000062, 6.956311245000052 ], [ 79.862944680000055, 6.956309480000073 ], [ 79.863087285000063, 6.956307354000046 ], [ 79.863148742000078, 6.956306439000059 ], [ 79.863420215000076, 6.956305425000039 ], [ 79.863715040000045, 6.956301653000025 ], [ 79.863828038000065, 6.95630103600007 ], [ 79.86383162900006, 6.956301017000044 ], [ 79.863920627000084, 6.956300531000068 ], [ 79.863998933000062, 6.956300104000036 ], [ 79.864033387000063, 6.956299916000035 ], [ 79.864334188000043, 6.956295251000029 ], [ 79.864449198000045, 6.956296558000076 ], [ 79.86460304600007, 6.956289078000054 ], [ 79.864640837000081, 6.956287845000077 ], [ 79.864733903000058, 6.956284809000067 ], [ 79.864777351000043, 6.956283774000042 ], [ 79.864794257000085, 6.956283373000076 ] ] ] ] } },
{ "type": "Feature", "properties": { "Shape_Leng": 0.02893492937, "Shape_Area": 2.643021e-05, "ADM4_EN": "Kotahena East", "ADM4_SI": "කොට‍හේන නැගෙනහිර", "ADM4_TA": null, "ADM4_PCODE": "LK1103045", "ADM4_REF": null, "ADM3_EN": "Colombo", "ADM3_SI": "කොළඹ", "ADM3_TA": "கொழும்பு", "ADM3_PCODE": "LK1103", "ADM2_EN": "Colombo", "ADM2_SI": "කොළඹ දිස්ත්‍රික්ක", "ADM2_TA": "கொழும்பு மாவட்டம்", "ADM2_PCODE": "LK11", "ADM1_EN": "Western", "ADM1_SI": "බස්නාහිර පළාත", "ADM1_TA": "மேல் மாகாணம் ", "ADM1_PCODE": "LK1", "ADM0_EN": "Sri Lanka", "ADM0_SI": "ශ්‍රී ලංකා", "ADM0_TA": "இலங்கை", "ADM0_PCODE": "LK", "date": "2022-08-02", "validOn": "2022-08-16", "validTo": null, "length_sum": 16929.0, "damage_sco": 1 }, "geometry": { "type": "MultiPolygon", "coordinates": [ [ [ [ 79.866951836000055, 6.947469443000045 ], [ 79.86677108300006, 6.947352545000058 ], [ 79.866568673000074, 6.947207427000023 ], [ 79.866420289000075, 6.947101044000021 ], [ 79.866243096000062, 6.946968327000036 ], [ 79.866191597000068, 6.946927267000035 ], [ 79.866138117000048, 6.946880868000051 ], [ 79.865866713000059, 6.946660082000051 ], [ 79.865746845000047, 6.946553277000021 ], [ 79.865414051000073, 6.946256750000032 ], [ 79.865216254000075, 6.946063774000038 ], [ 79.865109517000064, 6.945948914000041 ], [ 79.865071415000045, 6.945905169000071 ], [ 79.865025560000049, 6.94584612500006 ], [ 79.864958243000046, 6.945749427000067 ], [ 79.864907455000036, 6.945667679000053 ], [ 79.864901773000042, 6.945658561000073 ], [ 79.864889233000042, 6.945638437000071 ], [ 79.864843782000037, 6.945557785000062 ], [ 79.864813690000062, 6.945489731000066 ], [ 79.86479164900004, 6.945423049000055 ], [ 79.864704367000058, 6.945120694000025 ], [ 79.864684262000083, 6.945037037000077 ], [ 79.864609212000062, 6.944724739000037 ], [ 79.86454023400006, 6.944456239000033 ], [ 79.864526109000053, 6.94441362200007 ], [ 79.864513325000075, 6.944379871000024 ], [ 79.864495022000085, 6.944345928000075 ], [ 79.86437421800008, 6.944158705000063 ], [ 79.864321761000042, 6.944098475000033 ], [ 79.864277413000082, 6.94405607300007 ], [ 79.864241998000068, 6.944026980000046 ], [ 79.864201202000061, 6.944004629000062 ], [ 79.864185684000063, 6.943996128000038 ], [ 79.86412166100007, 6.943973670000048 ], [ 79.864091809000058, 6.943969160000051 ], [ 79.864070731000083, 6.943965977000062 ], [ 79.86402101200008, 6.944128096000043 ], [ 79.863966316000074, 6.944343586000059 ], [ 79.863926823000043, 6.944499182000072 ], [ 79.863908658000071, 6.944580708000046 ], [ 79.863874275000057, 6.944720432000054 ], [ 79.863728834000085, 6.945297218000064 ], [ 79.863673504000076, 6.94550670600006 ], [ 79.863647725000078, 6.945595180000055 ], [ 79.863629469000045, 6.945630407000067 ], [ 79.863599179000062, 6.945665161000022 ], [ 79.863540721000049, 6.945760263000068 ], [ 79.863460424000039, 6.945730901000047 ], [ 79.863423253000065, 6.945721064000054 ], [ 79.863421449000043, 6.945720695000034 ], [ 79.863379021000071, 6.945712028000059 ], [ 79.863324287000069, 6.945706226000027 ], [ 79.863274254000032, 6.945702512000025 ], [ 79.863202769000054, 6.945702465000068 ], [ 79.863136255000029, 6.945704778000049 ], [ 79.863060506000068, 6.945710149000035 ], [ 79.862835886000084, 6.945724454000072 ], [ 79.86253481500006, 6.945732735000036 ], [ 79.862397176000059, 6.945736448000048 ], [ 79.862069582000061, 6.94574946900002 ], [ 79.861973116000058, 6.945752811000034 ], [ 79.861829318000048, 6.945758953000052 ], [ 79.861665161000076, 6.945764784000062 ], [ 79.861571588000061, 6.945768764000036 ], [ 79.861577270000055, 6.945825287000048 ], [ 79.861579792000043, 6.945840911000062 ], [ 79.861587999000051, 6.945891755000048 ], [ 79.861589521000042, 6.945901173000038 ], [ 79.861619732000065, 6.946047532000023 ], [ 79.861640893000072, 6.946164813000053 ], [ 79.86165178300007, 6.946225181000045 ], [ 79.861679437000078, 6.946384555000066 ], [ 79.86173976300006, 6.946774204000064 ], [ 79.86175630300005, 6.946878130000073 ], [ 79.861767420000035, 6.946931590000077 ], [ 79.861774773000036, 6.946966416000066 ], [ 79.861791594000067, 6.947018079000031 ], [ 79.86182760500003, 6.94706661400005 ], [ 79.86188037800008, 6.947104060000072 ], [ 79.86201541500003, 6.947183257000063 ], [ 79.862042166000037, 6.947200760000044 ], [ 79.862051471000029, 6.947208916000022 ], [ 79.862089793000052, 6.947232138000061 ], [ 79.862110038000083, 6.947244383000054 ], [ 79.862111576000075, 6.947244749000049 ], [ 79.862179366000078, 6.947342186000071 ], [ 79.862208100000032, 6.947539978000066 ], [ 79.862242732000084, 6.947647192000034 ], [ 79.862276791000056, 6.947769236000056 ], [ 79.862315287000058, 6.947889750000058 ], [ 79.862341119000064, 6.948007982000036 ], [ 79.862365225000076, 6.948108712000021 ], [ 79.862373614000035, 6.948143765000054 ], [ 79.862377825000067, 6.94816574500004 ], [ 79.862382045000061, 6.94818284400003 ], [ 79.862401515000045, 6.948268418000055 ], [ 79.862422822000042, 6.948387543000024 ], [ 79.862438155000063, 6.94846 ], [ 79.862475376000077, 6.948631962000036 ], [ 79.862491354000042, 6.948698633000049 ], [ 79.862521174000051, 6.948860453000066 ], [ 79.862539669000057, 6.948936352000032 ], [ 79.86257229000006, 6.94905360000007 ], [ 79.862587689000065, 6.949138625000046 ], [ 79.86259104100003, 6.949183752000067 ], [ 79.862605285000029, 6.949211087000037 ], [ 79.862613929000076, 6.949233076000041 ], [ 79.862624910000079, 6.949263659000053 ], [ 79.862675935000084, 6.949456715000053 ], [ 79.862712768000051, 6.949595040000077 ], [ 79.862738713000056, 6.949702147000039 ], [ 79.862770567000041, 6.949794980000036 ], [ 79.862785701000064, 6.949830364000036 ], [ 79.862809044000073, 6.949972731000059 ], [ 79.862840754000047, 6.950139801000034 ], [ 79.862846352000076, 6.950174827000069 ], [ 79.862859083000046, 6.950254489000031 ], [ 79.86286294000007, 6.950271857000075 ], [ 79.862881455000036, 6.950383834000036 ], [ 79.862890204000053, 6.950445788000025 ], [ 79.862894722000078, 6.95049589000007 ], [ 79.862898849000032, 6.950560910000036 ], [ 79.862899583000058, 6.950602687000071 ], [ 79.862902980000058, 6.950671323000051 ], [ 79.86290537800005, 6.950741404000041 ], [ 79.86290183300008, 6.950796283000045 ], [ 79.862897469000075, 6.950854324000034 ], [ 79.862894659000062, 6.950903055000026 ], [ 79.862884139000073, 6.951009008000028 ], [ 79.862864677000061, 6.951246867000066 ], [ 79.862816164000037, 6.951486028000033 ], [ 79.862812746000031, 6.951522732000058 ], [ 79.862816950000081, 6.951548419000062 ], [ 79.862828575000037, 6.951572945000066 ], [ 79.862839442000052, 6.951615826000022 ], [ 79.862859506000063, 6.951674819000061 ], [ 79.862867225000059, 6.951707567000028 ], [ 79.862888576000046, 6.951803634000044 ], [ 79.862898973000085, 6.95185546600004 ], [ 79.862904601000082, 6.951893272000063 ], [ 79.862913582000033, 6.951945688000023 ], [ 79.862922766000054, 6.951999280000052 ], [ 79.862931287000038, 6.952085016000069 ], [ 79.862935446000051, 6.952161508000074 ], [ 79.862936617000059, 6.952183043000048 ], [ 79.862936925000042, 6.952210982000054 ], [ 79.862936870000055, 6.952333503000034 ], [ 79.862933145000056, 6.952434947000029 ], [ 79.862929598000051, 6.95249091200003 ], [ 79.862915904000033, 6.952647042000024 ], [ 79.86291010900004, 6.952742153000031 ], [ 79.862902391000034, 6.952905229000066 ], [ 79.862902151000071, 6.952910297000074 ], [ 79.862901935000082, 6.952914880000037 ], [ 79.862901727000065, 6.952919260000044 ], [ 79.862901524000051, 6.95292352000007 ], [ 79.862898666000035, 6.952997660000051 ], [ 79.862898548000032, 6.953059236000058 ], [ 79.862898625000071, 6.953087519000064 ], [ 79.862899024000058, 6.953234021000071 ], [ 79.862898908000034, 6.953294150000033 ], [ 79.86290028500008, 6.953331134000052 ], [ 79.862907766000035, 6.953440196000031 ], [ 79.862913181000067, 6.953541569000038 ], [ 79.862922821000041, 6.953656873000057 ], [ 79.86293168800006, 6.953751200000056 ], [ 79.86294302500005, 6.953831696000066 ], [ 79.862961123000048, 6.953831098000023 ], [ 79.862978016000056, 6.953827481000076 ], [ 79.863041121000037, 6.954084279000028 ], [ 79.863210305000052, 6.954594610000072 ], [ 79.863534145000074, 6.954923259000054 ], [ 79.863729292000073, 6.954691309000054 ], [ 79.863734206000061, 6.95468508700003 ], [ 79.86375356800005, 6.954660572000023 ], [ 79.863786656000059, 6.954618677000042 ], [ 79.863856405000035, 6.954528220000043 ], [ 79.863908636000076, 6.954465934000041 ], [ 79.863951940000049, 6.95441429300007 ], [ 79.863966203000075, 6.95438709900003 ], [ 79.86397166200004, 6.954364160000068 ], [ 79.86396949400006, 6.954347837000057 ], [ 79.863964061000047, 6.954327068000055 ], [ 79.863942578000035, 6.954287429000033 ], [ 79.863906867000082, 6.954231984000046 ], [ 79.863868141000069, 6.954171860000031 ], [ 79.86386243700008, 6.95415090900002 ], [ 79.863862991000076, 6.954135133000023 ], [ 79.863867535000054, 6.954122348000055 ], [ 79.863984965000043, 6.953967175000059 ], [ 79.864018849000047, 6.953907257000026 ], [ 79.864055999000072, 6.953851512000028 ], [ 79.864083338000057, 6.953810087000022 ], [ 79.864114943000061, 6.953769754000064 ], [ 79.864177332000054, 6.953694074000055 ], [ 79.864214741000069, 6.953658913000027 ], [ 79.864235048000069, 6.953639329000055 ], [ 79.864297435000083, 6.953572267000027 ], [ 79.864333802000033, 6.953530654000076 ], [ 79.864374680000083, 6.953495920000023 ], [ 79.864396613000054, 6.953477697000039 ], [ 79.864432602000079, 6.953443950000064 ], [ 79.864511568000069, 6.953366611000035 ], [ 79.86464482000008, 6.953246608000029 ], [ 79.864752875000079, 6.953147624000053 ], [ 79.864819867000051, 6.953085093000027 ], [ 79.864850059000048, 6.953054859000076 ], [ 79.864886776000048, 6.953019032000043 ], [ 79.864930561000051, 6.952978338000037 ], [ 79.864974243000063, 6.952943880000021 ], [ 79.865032129000042, 6.952911620000066 ], [ 79.865050016000055, 6.952902693000055 ], [ 79.865196344000083, 6.952829654000027 ], [ 79.86539940800003, 6.952733746000035 ], [ 79.865596682000046, 6.952636382000037 ], [ 79.865678476000085, 6.95259358800007 ], [ 79.865747595000073, 6.95255502200007 ], [ 79.865763728000047, 6.95254103700006 ], [ 79.86579335700003, 6.952521383000033 ], [ 79.865798901000062, 6.95251545800005 ], [ 79.865823007000074, 6.952489702000037 ], [ 79.865840717000083, 6.95245673200003 ], [ 79.865846375000046, 6.952431335000028 ], [ 79.865849221000076, 6.952400623000074 ], [ 79.865849240000045, 6.952400416000046 ], [ 79.865846587000078, 6.952368765000074 ], [ 79.865813899000045, 6.952144819000068 ], [ 79.865804881000031, 6.952034217000062 ], [ 79.865793032000056, 6.951937807000036 ], [ 79.865768551000031, 6.951868768000054 ], [ 79.865734867000072, 6.95178641900003 ], [ 79.865722136000045, 6.951741917000049 ], [ 79.865722325000036, 6.951741895000055 ], [ 79.865719227000056, 6.951731866000046 ], [ 79.86571877800003, 6.951730147000035 ], [ 79.865746382000054, 6.951727488000074 ], [ 79.865776702000062, 6.951724561000049 ], [ 79.865810081000063, 6.95173068400004 ], [ 79.865812080000069, 6.951731342000073 ], [ 79.865865606000057, 6.951748966000025 ], [ 79.865921136000054, 6.951765257000034 ], [ 79.865927275000047, 6.951725845000055 ], [ 79.865925379000032, 6.951676382000073 ], [ 79.865915950000044, 6.951638659000025 ], [ 79.865912539000078, 6.951624004000053 ], [ 79.865855422000038, 6.951398384000072 ], [ 79.865839594000079, 6.951347627000075 ], [ 79.865770243000043, 6.951084551000065 ], [ 79.865729909000038, 6.950935087000062 ], [ 79.865724151000052, 6.950913749000051 ], [ 79.865635269000052, 6.950563847000069 ], [ 79.865630300000078, 6.95054428800006 ], [ 79.86558986600005, 6.95039610200007 ], [ 79.865542058000074, 6.950270415000034 ], [ 79.865372268000044, 6.949864099000024 ], [ 79.865324496000085, 6.949719968000068 ], [ 79.865287899000066, 6.949646565000023 ], [ 79.865279346000079, 6.949576563000051 ], [ 79.865188563000061, 6.94921262500003 ], [ 79.865120254000033, 6.948925408000036 ], [ 79.865109031000031, 6.948879815000055 ], [ 79.86508641100005, 6.948831485000028 ], [ 79.865028284000061, 6.94869847700005 ], [ 79.865011712000069, 6.948660550000056 ], [ 79.865380358000039, 6.948560132000068 ], [ 79.865655803000038, 6.948500851000063 ], [ 79.865656001000048, 6.948397980000038 ], [ 79.865612218000081, 6.948244797000029 ], [ 79.865568043000053, 6.948072445000037 ], [ 79.865580044000069, 6.94805691800002 ], [ 79.86563878000004, 6.948016361000043 ], [ 79.865616660000057, 6.947929264000038 ], [ 79.865827995000075, 6.947863754000025 ], [ 79.865824160000045, 6.947793625000031 ], [ 79.866100867000057, 6.947700854000061 ], [ 79.866280500000073, 6.947665314000062 ], [ 79.866581554000049, 6.947686944000054 ], [ 79.866593377000072, 6.947680556000023 ], [ 79.866607388000034, 6.947622878000061 ], [ 79.866672188000052, 6.947540465000031 ], [ 79.866830350000043, 6.947465408000028 ], [ 79.866954607000082, 6.947484703000043 ], [ 79.866959077000047, 6.947482189000027 ], [ 79.866951836000055, 6.947469443000045 ] ] ] ] } },
{ "type": "Feature", "properties": { "Shape_Leng": 0.02272188521, "Shape_Area": 2.577652e-05, "ADM4_EN": "Kotahena West", "ADM4_SI": "කොටහේන බටහිර", "ADM4_TA": null, "ADM4_PCODE": "LK1103050", "ADM4_REF": null, "ADM3_EN": "Colombo", "ADM3_SI": "කොළඹ", "ADM3_TA": "கொழும்பு", "ADM3_PCODE": "LK1103", "ADM2_EN": "Colombo", "ADM2_SI": "කොළඹ දිස්ත්‍රික්ක", "ADM2_TA": "கொழும்பு மாவட்டம்", "ADM2_PCODE": "LK11", "ADM1_EN": "Western", "ADM1_SI": "බස්නාහිර පළාත", "ADM1_TA": "மேல் மாகாணம் ", "ADM1_PCODE": "LK1", "ADM0_EN": "Sri Lanka", "ADM0_SI": "ශ්‍රී ලංකා", "ADM0_TA": "இலங்கை", "ADM0_PCODE": "LK", "date": "2022-08-02", "validOn": "2022-08-16", "validTo": null, "length_sum": 18441.0, "damage_sco": 1 }, "geometry": { "type": "MultiPolygon", "coordinates": [ [ [ [ 79.862828575000037, 6.951572945000066 ], [ 79.862816950000081, 6.951548419000062 ], [ 79.862812746000031, 6.951522732000058 ], [ 79.862816164000037, 6.951486028000033 ], [ 79.862864677000061, 6.951246867000066 ], [ 79.862884139000073, 6.951009008000028 ], [ 79.862894659000062, 6.950903055000026 ], [ 79.862897469000075, 6.950854324000034 ], [ 79.86290183300008, 6.950796283000045 ], [ 79.86290537800005, 6.950741404000041 ], [ 79.862902980000058, 6.950671323000051 ], [ 79.862899583000058, 6.950602687000071 ], [ 79.862898849000032, 6.950560910000036 ], [ 79.862894722000078, 6.95049589000007 ], [ 79.862890204000053, 6.950445788000025 ], [ 79.862881455000036, 6.950383834000036 ], [ 79.86286294000007, 6.950271857000075 ], [ 79.862859083000046, 6.950254489000031 ], [ 79.862846352000076, 6.950174827000069 ], [ 79.862840754000047, 6.950139801000034 ], [ 79.862809044000073, 6.949972731000059 ], [ 79.862785701000064, 6.949830364000036 ], [ 79.862770567000041, 6.949794980000036 ], [ 79.862738713000056, 6.949702147000039 ], [ 79.862712768000051, 6.949595040000077 ], [ 79.862675935000084, 6.949456715000053 ], [ 79.862624910000079, 6.949263659000053 ], [ 79.862613929000076, 6.949233076000041 ], [ 79.862605285000029, 6.949211087000037 ], [ 79.86259104100003, 6.949183752000067 ], [ 79.862587689000065, 6.949138625000046 ], [ 79.86257229000006, 6.94905360000007 ], [ 79.862539669000057, 6.948936352000032 ], [ 79.862521174000051, 6.948860453000066 ], [ 79.862491354000042, 6.948698633000049 ], [ 79.862475376000077, 6.948631962000036 ], [ 79.862438155000063, 6.94846 ], [ 79.862422822000042, 6.948387543000024 ], [ 79.862401515000045, 6.948268418000055 ], [ 79.862382045000061, 6.94818284400003 ], [ 79.862377825000067, 6.94816574500004 ], [ 79.862373614000035, 6.948143765000054 ], [ 79.862365225000076, 6.948108712000021 ], [ 79.862341119000064, 6.948007982000036 ], [ 79.862315287000058, 6.947889750000058 ], [ 79.862276791000056, 6.947769236000056 ], [ 79.862242732000084, 6.947647192000034 ], [ 79.862208100000032, 6.947539978000066 ], [ 79.862179366000078, 6.947342186000071 ], [ 79.862111576000075, 6.947244749000049 ], [ 79.862110038000083, 6.947244383000054 ], [ 79.862089793000052, 6.947232138000061 ], [ 79.862051471000029, 6.947208916000022 ], [ 79.862042166000037, 6.947200760000044 ], [ 79.86201541500003, 6.947183257000063 ], [ 79.86188037800008, 6.947104060000072 ], [ 79.86182760500003, 6.94706661400005 ], [ 79.861791594000067, 6.947018079000031 ], [ 79.861774773000036, 6.946966416000066 ], [ 79.861767420000035, 6.946931590000077 ], [ 79.86175630300005, 6.946878130000073 ], [ 79.86173976300006, 6.946774204000064 ], [ 79.861679437000078, 6.946384555000066 ], [ 79.86165178300007, 6.946225181000045 ], [ 79.861640893000072, 6.946164813000053 ], [ 79.861619732000065, 6.946047532000023 ], [ 79.861589521000042, 6.945901173000038 ], [ 79.861587999000051, 6.945891755000048 ], [ 79.861579792000043, 6.945840911000062 ], [ 79.861577270000055, 6.945825287000048 ], [ 79.861571588000061, 6.945768764000036 ], [ 79.861538648000078, 6.945770056000072 ], [ 79.861296030000062, 6.945779533000064 ], [ 79.861267434000069, 6.945780744000047 ], [ 79.861074968000082, 6.945766560000038 ], [ 79.861063321000074, 6.945765702000074 ], [ 79.86095573800003, 6.945785446000059 ], [ 79.860949718000029, 6.945786551000026 ], [ 79.860911890000068, 6.945788920000041 ], [ 79.860778545000073, 6.945817144000046 ], [ 79.860532781000074, 6.945860473000039 ], [ 79.860505785000043, 6.945865233000063 ], [ 79.860501557000077, 6.945865979000075 ], [ 79.86029228700005, 6.945897402000071 ], [ 79.860150524000062, 6.945927148000067 ], [ 79.859729161000075, 6.946000208000044 ], [ 79.859725825000055, 6.946001081000077 ], [ 79.859628034000082, 6.946026686000039 ], [ 79.85958649500003, 6.946029228000043 ], [ 79.859562158000074, 6.946026740000036 ], [ 79.859551113000066, 6.946046290000027 ], [ 79.859543037000037, 6.946050648000039 ], [ 79.859533858000077, 6.946055601000069 ], [ 79.859532762000072, 6.946055380000075 ], [ 79.859531317000062, 6.946056045000034 ], [ 79.859482790000072, 6.946078397000065 ], [ 79.859402939000063, 6.946099220000065 ], [ 79.859251220000033, 6.946130122000056 ], [ 79.85861695300008, 6.946288306000042 ], [ 79.858234192000054, 6.946378980000077 ], [ 79.858116969000037, 6.946400001000029 ], [ 79.857980836000081, 6.946431742000073 ], [ 79.857855430000029, 6.94646098000004 ], [ 79.85777095900005, 6.946484418000068 ], [ 79.857639365000068, 6.946496911000054 ], [ 79.85735285100003, 6.946557479000035 ], [ 79.857051718000037, 6.946630703000039 ], [ 79.857048123000084, 6.946631577000062 ], [ 79.85679536300006, 6.946692210000037 ], [ 79.856679304000068, 6.94671874900007 ], [ 79.856627649000075, 6.946730907000074 ], [ 79.856604617000073, 6.946736328000043 ], [ 79.856523153000069, 6.946749099000044 ], [ 79.856499756000062, 6.946752768000067 ], [ 79.856498081000041, 6.946753031000071 ], [ 79.856502216000081, 6.946766511000021 ], [ 79.856500786000083, 6.946894855000039 ], [ 79.856499915000029, 6.946973026000023 ], [ 79.856492540000033, 6.947089383000048 ], [ 79.856496638000067, 6.947128509000038 ], [ 79.856521946000043, 6.947370106000051 ], [ 79.856542270000034, 6.94749624800005 ], [ 79.856550121000055, 6.947544975000028 ], [ 79.856579436000061, 6.94772692600003 ], [ 79.856657273000053, 6.948137408000036 ], [ 79.856681952000031, 6.948243337000065 ], [ 79.856782580000072, 6.948566515000039 ], [ 79.856895536000081, 6.948925704000033 ], [ 79.857058616000074, 6.949614664000023 ], [ 79.857083988000056, 6.949732616000063 ], [ 79.857120942000051, 6.949904403000062 ], [ 79.857165520000081, 6.950107665000075 ], [ 79.85729255900003, 6.950045610000075 ], [ 79.857481174000043, 6.949953476000076 ], [ 79.857489741000052, 6.949948594000034 ], [ 79.857504179000045, 6.949940367000067 ], [ 79.85756794200006, 6.949912593000022 ], [ 79.858170569000038, 6.949835005000068 ], [ 79.858772720000047, 6.949695905000056 ], [ 79.858776430000034, 6.94969504900007 ], [ 79.858884398000043, 6.949668477000046 ], [ 79.858934913000041, 6.949656910000044 ], [ 79.858953374000066, 6.949652306000075 ], [ 79.858957696000061, 6.949667262000048 ], [ 79.858967244000041, 6.949745691000032 ], [ 79.858979696000063, 6.94984796600005 ], [ 79.858983009000042, 6.949870222000072 ], [ 79.858993631000033, 6.94994157800005 ], [ 79.859028028000068, 6.950003378000076 ], [ 79.859080402000075, 6.949981725000043 ], [ 79.859083862000034, 6.949980295000046 ], [ 79.859250243000076, 6.949954075000051 ], [ 79.859316328000034, 6.949951332000069 ], [ 79.859312790000047, 6.95004749900005 ], [ 79.859595317000071, 6.950040868000031 ], [ 79.859604704000049, 6.950138975000073 ], [ 79.859736471000076, 6.95016707800005 ], [ 79.859766544000081, 6.950150862000044 ], [ 79.859822039000051, 6.950138490000029 ], [ 79.859952827000029, 6.950121925000076 ], [ 79.860022882000067, 6.950113561000023 ], [ 79.860298919000059, 6.950090586000044 ], [ 79.860315189000062, 6.950146407000034 ], [ 79.860345807000044, 6.950269799000068 ], [ 79.860424110000054, 6.950628017000042 ], [ 79.860429021000073, 6.950652215000048 ], [ 79.860431836000032, 6.950666080000076 ], [ 79.860442396000053, 6.950718111000072 ], [ 79.860466999000039, 6.950816175000057 ], [ 79.860521807000055, 6.951064847000055 ], [ 79.860585902000082, 6.951330989000041 ], [ 79.860620038000036, 6.951506561000031 ], [ 79.86066190400004, 6.951755571000035 ], [ 79.860674380000034, 6.951808673000073 ], [ 79.860706913000058, 6.951877273000036 ], [ 79.860723867000047, 6.951907326000025 ], [ 79.860761063000041, 6.951951523000048 ], [ 79.860803282000063, 6.95199365700006 ], [ 79.860807713000042, 6.95199807900002 ], [ 79.860831871000073, 6.952022189000047 ], [ 79.860878496000055, 6.952056729000049 ], [ 79.860963542000036, 6.952110965000031 ], [ 79.861004395000066, 6.952136091000057 ], [ 79.861059436000062, 6.952170466000041 ], [ 79.861078707000047, 6.952180142000032 ], [ 79.861108976000082, 6.952195337000035 ], [ 79.861161063000054, 6.952213341000061 ], [ 79.861213970000051, 6.952228815000069 ], [ 79.861280543000078, 6.952242597000065 ], [ 79.861328849000074, 6.952250919000051 ], [ 79.861407825000072, 6.952261470000053 ], [ 79.861490336000031, 6.952269676000071 ], [ 79.861526083000058, 6.952267665000022 ], [ 79.861566537000044, 6.952265304000036 ], [ 79.861623848000079, 6.952249228000028 ], [ 79.861646011000062, 6.952237747000027 ], [ 79.861684537000031, 6.952217788000041 ], [ 79.861766690000081, 6.95217698700003 ], [ 79.861804825000036, 6.952156897000066 ], [ 79.86190797900008, 6.95211224600007 ], [ 79.862097179000045, 6.952025267000067 ], [ 79.86225984500004, 6.951949355000067 ], [ 79.862310746000048, 6.951925672000073 ], [ 79.862313568000047, 6.951924338000026 ], [ 79.862464175000071, 6.951853090000043 ], [ 79.862539441000081, 6.951817338000069 ], [ 79.862633544000062, 6.951773936000052 ], [ 79.862677124000072, 6.951745899000059 ], [ 79.862732676000064, 6.951703328000065 ], [ 79.862734695000086, 6.951701195000055 ], [ 79.862758529000075, 6.951676028000065 ], [ 79.862760966000053, 6.951673454000058 ], [ 79.862777254000036, 6.951648970000065 ], [ 79.862791005000076, 6.951628301000028 ], [ 79.862828575000037, 6.951572945000066 ] ] ] ] } },
{ "type": "Feature", "properties": { "Shape_Leng": 0.02404692978, "Shape_Area": 1.749905e-05, "ADM4_EN": "Kochchikade North", "ADM4_SI": "කොච්චිකඩේ උතුර", "ADM4_TA": null, "ADM4_PCODE": "LK1103055", "ADM4_REF": null, "ADM3_EN": "Colombo", "ADM3_SI": "කොළඹ", "ADM3_TA": "கொழும்பு", "ADM3_PCODE": "LK1103", "ADM2_EN": "Colombo", "ADM2_SI": "කොළඹ දිස්ත්‍රික්ක", "ADM2_TA": "கொழும்பு மாவட்டம்", "ADM2_PCODE": "LK11", "ADM1_EN": "Western", "ADM1_SI": "බස්නාහිර පළාත", "ADM1_TA": "மேல் மாகாணம் ", "ADM1_PCODE": "LK1", "ADM0_EN": "Sri Lanka", "ADM0_SI": "ශ්‍රී ලංකා", "ADM0_TA": "இலங்கை", "ADM0_PCODE": "LK", "date": "2022-08-02", "validOn": "2022-08-16", "validTo": null, "length_sum": 12191.0, "damage_sco": 1 }, "geometry": { "type": "MultiPolygon", "coordinates": [ [ [ [ 79.858116969000037, 6.946400001000029 ], [ 79.858130877000065, 6.94632081900005 ], [ 79.858132457000067, 6.946308011000042 ], [ 79.858152573000041, 6.946144994000065 ], [ 79.858172413000034, 6.946086259000026 ], [ 79.858209876000046, 6.945945908000056 ], [ 79.85826318200003, 6.945755314000053 ], [ 79.858296315000075, 6.945654921000028 ], [ 79.858329993000041, 6.945552901000042 ], [ 79.858355545000052, 6.94548866100007 ], [ 79.858374728000058, 6.945442404000062 ], [ 79.858499025000071, 6.945086207000031 ], [ 79.858590711000033, 6.944841795000059 ], [ 79.858673779000071, 6.944608039000059 ], [ 79.858756575000029, 6.944375274000038 ], [ 79.858804853000038, 6.944210531000067 ], [ 79.858886148000067, 6.94400452900004 ], [ 79.858928312000046, 6.943866538000066 ], [ 79.859001268000043, 6.943667573000027 ], [ 79.859084205000045, 6.94340876900003 ], [ 79.859130356000037, 6.94322051100005 ], [ 79.859132407000061, 6.943140939000045 ], [ 79.859133193000048, 6.943110474000036 ], [ 79.85904342300006, 6.94305507100006 ], [ 79.859037249000039, 6.943049113000029 ], [ 79.85903436600006, 6.94304948100006 ], [ 79.859016061000034, 6.943038183000056 ], [ 79.858910269000035, 6.943043855000042 ], [ 79.858414276000076, 6.943106190000037 ], [ 79.858075524000071, 6.943135734000066 ], [ 79.857916872000033, 6.943149534000042 ], [ 79.857787289000044, 6.943151995000051 ], [ 79.857682084000032, 6.943144098000062 ], [ 79.857590687000084, 6.943137238000077 ], [ 79.857514335000076, 6.943135368000071 ], [ 79.857474325000055, 6.943134389000022 ], [ 79.857319582000059, 6.943139244000065 ], [ 79.857231970000043, 6.943149562000031 ], [ 79.857127957000046, 6.943171514000028 ], [ 79.856944712000029, 6.943221975000029 ], [ 79.856629225000063, 6.943339091000041 ], [ 79.856476385000065, 6.943400355000051 ], [ 79.856361677000052, 6.943123521000075 ], [ 79.856308401000035, 6.942989627000031 ], [ 79.856175552000082, 6.942624069000033 ], [ 79.856119848000048, 6.942520398000056 ], [ 79.856110185000034, 6.942502417000071 ], [ 79.856054376000031, 6.942397872000072 ], [ 79.85579763800007, 6.941852499000049 ], [ 79.855881612000076, 6.941805011000042 ], [ 79.856088209000063, 6.941703960000041 ], [ 79.856111523000038, 6.941673714000046 ], [ 79.856122701000061, 6.941649142000074 ], [ 79.856129549000059, 6.941617688000065 ], [ 79.856145060000074, 6.941498037000031 ], [ 79.856151424000075, 6.941429798000058 ], [ 79.85615381100007, 6.941430536000041 ], [ 79.856158027000049, 6.941398021000055 ], [ 79.856173507000051, 6.941348140000059 ], [ 79.855985373000067, 6.941307265000034 ], [ 79.855798948000086, 6.941271639000036 ], [ 79.855329593000079, 6.941130486000077 ], [ 79.855233291000047, 6.941095940000025 ], [ 79.855151566000075, 6.941056901000024 ], [ 79.855084053000041, 6.941015356000037 ], [ 79.85501434400004, 6.940939719000028 ], [ 79.854955627000038, 6.940842132000057 ], [ 79.854860414000029, 6.94062023500004 ], [ 79.854855787000076, 6.940607948000036 ], [ 79.854700265000076, 6.94019485900003 ], [ 79.854641792000052, 6.940018243000054 ], [ 79.854616238000062, 6.93991541500003 ], [ 79.854613510000036, 6.939904439000031 ], [ 79.854567731000031, 6.939889024000024 ], [ 79.854531673000054, 6.939876883000068 ], [ 79.854508611000085, 6.939871981000067 ], [ 79.854307086000063, 6.939829157000077 ], [ 79.854318912000053, 6.939753654000071 ], [ 79.854323213000043, 6.939726198000074 ], [ 79.854267849000053, 6.939671928000053 ], [ 79.854221065000047, 6.939487470000074 ], [ 79.854217439000081, 6.939424175000056 ], [ 79.854216794000081, 6.939394004000064 ], [ 79.854222250000078, 6.939325421000035 ], [ 79.854226182000048, 6.939275986000041 ], [ 79.854227620000074, 6.939270738000062 ], [ 79.854239305000078, 6.939228089000039 ], [ 79.854244682000058, 6.93920865900003 ], [ 79.854244855000047, 6.939207891000024 ], [ 79.854244865000055, 6.939207846000045 ], [ 79.854258835000053, 6.939187265000044 ], [ 79.854263377000052, 6.939180575000023 ], [ 79.854271474000029, 6.939158256000042 ], [ 79.854273472000045, 6.939138248000063 ], [ 79.854273596000041, 6.93913701200006 ], [ 79.854273663000072, 6.939102742000046 ], [ 79.854270614000029, 6.939088269000024 ], [ 79.854263600000081, 6.939065922000054 ], [ 79.854254488000038, 6.939051708000022 ], [ 79.854237245000036, 6.939031420000049 ], [ 79.854214918000082, 6.939019261000055 ], [ 79.854169776000049, 6.939013838000051 ], [ 79.854153036000071, 6.93901398600002 ], [ 79.854129680000085, 6.939019096000038 ], [ 79.854113385000062, 6.939023041000041 ], [ 79.854081886000074, 6.939028044000054 ], [ 79.853980275000083, 6.938978476000045 ], [ 79.853667457000086, 6.938841333000028 ], [ 79.853620892000038, 6.938823024000044 ], [ 79.853620614000079, 6.938822992000041 ], [ 79.853521469000043, 6.938812115000076 ], [ 79.853507924000041, 6.93885986500004 ], [ 79.853496322000069, 6.938900768000053 ], [ 79.853350982000052, 6.939395753000042 ], [ 79.853302115000076, 6.939562178000074 ], [ 79.853283039000075, 6.939646685000071 ], [ 79.853381717000048, 6.939675979000071 ], [ 79.853527393000036, 6.939719225000033 ], [ 79.853534944000046, 6.939930643000025 ], [ 79.853483729000061, 6.940255787000069 ], [ 79.853426766000041, 6.940650904000051 ], [ 79.853418360000035, 6.940692752000075 ], [ 79.853406190000044, 6.940715606000026 ], [ 79.853388705000043, 6.94072660300003 ], [ 79.853385621000029, 6.940727055000025 ], [ 79.853363180000031, 6.94073035100007 ], [ 79.853250887000058, 6.94072931900007 ], [ 79.853163110000082, 6.940731860000028 ], [ 79.853079211000079, 6.94074064800003 ], [ 79.853115948000038, 6.940790065000044 ], [ 79.853148884000063, 6.940834369000072 ], [ 79.853247129000067, 6.940986557000031 ], [ 79.853363529000035, 6.941201352000064 ], [ 79.853484963000085, 6.941433156000073 ], [ 79.853560775000062, 6.941580689000034 ], [ 79.853620910000075, 6.941693651000037 ], [ 79.853681924000057, 6.941820268000072 ], [ 79.853761340000062, 6.941975946000071 ], [ 79.853811552000082, 6.94207315500006 ], [ 79.853881766000029, 6.942214799000055 ], [ 79.853954691000069, 6.942358348000027 ], [ 79.854042119000042, 6.942535290000023 ], [ 79.854106946000059, 6.942661299000065 ], [ 79.854158859000052, 6.94276220200004 ], [ 79.85420311300004, 6.942852347000041 ], [ 79.854296703000045, 6.943024599000069 ], [ 79.854366246000041, 6.943139208000048 ], [ 79.854439625000055, 6.94323492500007 ], [ 79.854523657000072, 6.943343954000056 ], [ 79.854569640000079, 6.943405126000073 ], [ 79.854605066000033, 6.943452256000057 ], [ 79.854685647000053, 6.943567789000042 ], [ 79.854751306000082, 6.943678682000041 ], [ 79.854798250000044, 6.94376778700007 ], [ 79.854826315000082, 6.943821058000026 ], [ 79.854957034000051, 6.944071958000052 ], [ 79.855042862000062, 6.944234793000021 ], [ 79.855095983000069, 6.944325225000057 ], [ 79.855145715000049, 6.944389973000057 ], [ 79.855171115000076, 6.944404769000073 ], [ 79.855203652000057, 6.944423723000057 ], [ 79.855334429000038, 6.944459059000053 ], [ 79.855430457000068, 6.944448847000046 ], [ 79.855440866000038, 6.94444769200004 ], [ 79.855445017000079, 6.944453306000071 ], [ 79.855606747000081, 6.944671896000045 ], [ 79.855626593000068, 6.94470399000005 ], [ 79.855643953000083, 6.944723847000034 ], [ 79.855688542000053, 6.944809469000063 ], [ 79.855818674000034, 6.945041223000032 ], [ 79.855884962000061, 6.945155011000054 ], [ 79.856018396000081, 6.945452664000072 ], [ 79.856083344000069, 6.945650629000056 ], [ 79.856128141000056, 6.945787162000045 ], [ 79.856166816000041, 6.945908039000074 ], [ 79.856211236000036, 6.946006322000073 ], [ 79.856396339000071, 6.946543470000051 ], [ 79.856405144000064, 6.946569023000052 ], [ 79.856457246000048, 6.946667263000052 ], [ 79.856489099000044, 6.94672732500004 ], [ 79.856493190000037, 6.946737092000035 ], [ 79.856499756000062, 6.946752768000067 ], [ 79.856523153000069, 6.946749099000044 ], [ 79.856604617000073, 6.946736328000043 ], [ 79.856627649000075, 6.946730907000074 ], [ 79.856679304000068, 6.94671874900007 ], [ 79.85679536300006, 6.946692210000037 ], [ 79.857048123000084, 6.946631577000062 ], [ 79.857051718000037, 6.946630703000039 ], [ 79.85735285100003, 6.946557479000035 ], [ 79.857639365000068, 6.946496911000054 ], [ 79.85777095900005, 6.946484418000068 ], [ 79.857855430000029, 6.94646098000004 ], [ 79.857980836000081, 6.946431742000073 ], [ 79.858116969000037, 6.946400001000029 ] ] ] ] } },
{ "type": "Feature", "properties": { "Shape_Leng": 0.02136355659, "Shape_Area": 1.601622e-05, "ADM4_EN": "Jinthupitiya", "ADM4_SI": "ජින්තුපිටිය", "ADM4_TA": null, "ADM4_PCODE": "LK1103060", "ADM4_REF": null, "ADM3_EN": "Colombo", "ADM3_SI": "කොළඹ", "ADM3_TA": "கொழும்பு", "ADM3_PCODE": "LK1103", "ADM2_EN": "Colombo", "ADM2_SI": "කොළඹ දිස්ත්‍රික්ක", "ADM2_TA": "கொழும்பு மாவட்டம்", "ADM2_PCODE": "LK11", "ADM1_EN": "Western", "ADM1_SI": "බස්නාහිර පළාත", "ADM1_TA": "மேல் மாகாணம் ", "ADM1_PCODE": "LK1", "ADM0_EN": "Sri Lanka", "ADM0_SI": "ශ්‍රී ලංකා", "ADM0_TA": "இலங்கை", "ADM0_PCODE": "LK", "date": "2022-08-02", "validOn": "2022-08-16", "validTo": null, "length_sum": 8221.0, "damage_sco": 0 }, "geometry": { "type": "MultiPolygon", "coordinates": [ [ [ [ 79.861063321000074, 6.945765702000074 ], [ 79.861092862000078, 6.945693941000059 ], [ 79.861106688000064, 6.94566035500003 ], [ 79.861120647000064, 6.945629347000022 ], [ 79.861121369000045, 6.945627255000034 ], [ 79.861136790000046, 6.945582561000037 ], [ 79.861185146000082, 6.94542414700004 ], [ 79.861281480000059, 6.94511446100006 ], [ 79.861329160000082, 6.944955 ], [ 79.861329387000069, 6.944954237000047 ], [ 79.861330287000044, 6.944951224000022 ], [ 79.861437133000038, 6.944593034000036 ], [ 79.861541561000081, 6.944262747000039 ], [ 79.861553215000072, 6.944225878000054 ], [ 79.86158997800004, 6.944118800000069 ], [ 79.861660819000065, 6.94393737200005 ], [ 79.861797240000044, 6.943581107000057 ], [ 79.861815246000049, 6.943534574000068 ], [ 79.861839915000076, 6.943471271000021 ], [ 79.861897636000037, 6.943323150000026 ], [ 79.861980838000079, 6.943113081000035 ], [ 79.862042331000055, 6.942945649000023 ], [ 79.862088242000084, 6.942834430000062 ], [ 79.862157294000042, 6.942689076000022 ], [ 79.86220215000003, 6.942608778000022 ], [ 79.862202627000045, 6.942608073000031 ], [ 79.862235, 6.942560286000059 ], [ 79.862204348000034, 6.942548201000022 ], [ 79.861931662000075, 6.942431394000039 ], [ 79.86168617900006, 6.942333267000038 ], [ 79.861589066000079, 6.942296278000072 ], [ 79.861545394000075, 6.942279014000064 ], [ 79.86141907800004, 6.942229129000054 ], [ 79.861229820000062, 6.942161129000056 ], [ 79.860979526000051, 6.942070317000059 ], [ 79.86080058400006, 6.942000979000056 ], [ 79.860677706000047, 6.941952819000051 ], [ 79.860555274000035, 6.941906558000028 ], [ 79.860404991000053, 6.941851202000066 ], [ 79.860184077000042, 6.941775003000032 ], [ 79.860009093000031, 6.941718513000069 ], [ 79.859923104000075, 6.941685163000045 ], [ 79.859786158000077, 6.941658405000055 ], [ 79.859732853000082, 6.941705528000057 ], [ 79.859693793000076, 6.94174005800005 ], [ 79.859602547000065, 6.941804894000029 ], [ 79.85957836700004, 6.941815335000058 ], [ 79.859551112000077, 6.941824687000064 ], [ 79.859508660000074, 6.941831205000028 ], [ 79.859424860000047, 6.941835836000052 ], [ 79.859324229000038, 6.941840433000039 ], [ 79.859259071000054, 6.941844016000061 ], [ 79.859036460000084, 6.941849642000022 ], [ 79.858628587000055, 6.941873448000024 ], [ 79.858583868000039, 6.941883307000069 ], [ 79.85837842400008, 6.941855875000044 ], [ 79.858195709000086, 6.941819443000043 ], [ 79.858170096000038, 6.941814006000072 ], [ 79.858087350000062, 6.941796447000058 ], [ 79.85804063900008, 6.941791337000041 ], [ 79.858000682000068, 6.941786965000063 ], [ 79.857543365000083, 6.941690234000021 ], [ 79.85687542800008, 6.941528804000029 ], [ 79.856666243000063, 6.941470892000041 ], [ 79.856353500000068, 6.941388002000053 ], [ 79.856173507000051, 6.941348140000059 ], [ 79.856158027000049, 6.941398021000055 ], [ 79.85615381100007, 6.941430536000041 ], [ 79.856151424000075, 6.941429798000058 ], [ 79.856145060000074, 6.941498037000031 ], [ 79.856129549000059, 6.941617688000065 ], [ 79.856122701000061, 6.941649142000074 ], [ 79.856111523000038, 6.941673714000046 ], [ 79.856088209000063, 6.941703960000041 ], [ 79.855881612000076, 6.941805011000042 ], [ 79.85579763800007, 6.941852499000049 ], [ 79.856054376000031, 6.942397872000072 ], [ 79.856110185000034, 6.942502417000071 ], [ 79.856119848000048, 6.942520398000056 ], [ 79.856175552000082, 6.942624069000033 ], [ 79.856308401000035, 6.942989627000031 ], [ 79.856361677000052, 6.943123521000075 ], [ 79.856476385000065, 6.943400355000051 ], [ 79.856629225000063, 6.943339091000041 ], [ 79.856944712000029, 6.943221975000029 ], [ 79.857127957000046, 6.943171514000028 ], [ 79.857231970000043, 6.943149562000031 ], [ 79.857319582000059, 6.943139244000065 ], [ 79.857474325000055, 6.943134389000022 ], [ 79.857514335000076, 6.943135368000071 ], [ 79.857590687000084, 6.943137238000077 ], [ 79.857682084000032, 6.943144098000062 ], [ 79.857787289000044, 6.943151995000051 ], [ 79.857916872000033, 6.943149534000042 ], [ 79.858075524000071, 6.943135734000066 ], [ 79.858414276000076, 6.943106190000037 ], [ 79.858910269000035, 6.943043855000042 ], [ 79.859016061000034, 6.943038183000056 ], [ 79.85903436600006, 6.94304948100006 ], [ 79.859037249000039, 6.943049113000029 ], [ 79.85904342300006, 6.94305507100006 ], [ 79.859133193000048, 6.943110474000036 ], [ 79.859132407000061, 6.943140939000045 ], [ 79.859130356000037, 6.94322051100005 ], [ 79.859084205000045, 6.94340876900003 ], [ 79.859001268000043, 6.943667573000027 ], [ 79.858928312000046, 6.943866538000066 ], [ 79.858886148000067, 6.94400452900004 ], [ 79.858804853000038, 6.944210531000067 ], [ 79.858756575000029, 6.944375274000038 ], [ 79.858673779000071, 6.944608039000059 ], [ 79.858590711000033, 6.944841795000059 ], [ 79.858499025000071, 6.945086207000031 ], [ 79.858374728000058, 6.945442404000062 ], [ 79.858355545000052, 6.94548866100007 ], [ 79.858329993000041, 6.945552901000042 ], [ 79.858296315000075, 6.945654921000028 ], [ 79.85826318200003, 6.945755314000053 ], [ 79.858209876000046, 6.945945908000056 ], [ 79.858172413000034, 6.946086259000026 ], [ 79.858152573000041, 6.946144994000065 ], [ 79.858132457000067, 6.946308011000042 ], [ 79.858130877000065, 6.94632081900005 ], [ 79.858116969000037, 6.946400001000029 ], [ 79.858234192000054, 6.946378980000077 ], [ 79.85861695300008, 6.946288306000042 ], [ 79.859251220000033, 6.946130122000056 ], [ 79.859402939000063, 6.946099220000065 ], [ 79.859482790000072, 6.946078397000065 ], [ 79.859531317000062, 6.946056045000034 ], [ 79.859532762000072, 6.946055380000075 ], [ 79.859533858000077, 6.946055601000069 ], [ 79.859543037000037, 6.946050648000039 ], [ 79.859551113000066, 6.946046290000027 ], [ 79.859562158000074, 6.946026740000036 ], [ 79.85958649500003, 6.946029228000043 ], [ 79.859628034000082, 6.946026686000039 ], [ 79.859725825000055, 6.946001081000077 ], [ 79.859729161000075, 6.946000208000044 ], [ 79.860150524000062, 6.945927148000067 ], [ 79.86029228700005, 6.945897402000071 ], [ 79.860501557000077, 6.945865979000075 ], [ 79.860505785000043, 6.945865233000063 ], [ 79.860532781000074, 6.945860473000039 ], [ 79.860778545000073, 6.945817144000046 ], [ 79.860911890000068, 6.945788920000041 ], [ 79.860949718000029, 6.945786551000026 ], [ 79.86095573800003, 6.945785446000059 ], [ 79.861063321000074, 6.945765702000074 ] ] ] ] } },
{ "type": "Feature", "properties": { "Shape_Leng": 0.02488397999, "Shape_Area": 2.279489e-05, "ADM4_EN": "Masangasweediya", "ADM4_SI": "මසංගස්වීදිය", "ADM4_TA": null, "ADM4_PCODE": "LK1103065", "ADM4_REF": null, "ADM3_EN": "Colombo", "ADM3_SI": "කොළඹ", "ADM3_TA": "கொழும்பு", "ADM3_PCODE": "LK1103", "ADM2_EN": "Colombo", "ADM2_SI": "කොළඹ දිස්ත්‍රික්ක", "ADM2_TA": "கொழும்பு மாவட்டம்", "ADM2_PCODE": "LK11", "ADM1_EN": "Western", "ADM1_SI": "බස්නාහිර පළාත", "ADM1_TA": "மேல் மாகாணம் ", "ADM1_PCODE": "LK1", "ADM0_EN": "Sri Lanka", "ADM0_SI": "ශ්‍රී ලංකා", "ADM0_TA": "இலங்கை", "ADM0_PCODE": "LK", "date": "2022-08-02", "validOn": "2022-08-16", "validTo": null, "length_sum": 21192.0, "damage_sco": 2 }, "geometry": { "type": "MultiPolygon", "coordinates": [ [ [ [ 79.861571588000061, 6.945768764000036 ], [ 79.861665161000076, 6.945764784000062 ], [ 79.861829318000048, 6.945758953000052 ], [ 79.861973116000058, 6.945752811000034 ], [ 79.862069582000061, 6.94574946900002 ], [ 79.862397176000059, 6.945736448000048 ], [ 79.86253481500006, 6.945732735000036 ], [ 79.862835886000084, 6.945724454000072 ], [ 79.863060506000068, 6.945710149000035 ], [ 79.863136255000029, 6.945704778000049 ], [ 79.863202769000054, 6.945702465000068 ], [ 79.863274254000032, 6.945702512000025 ], [ 79.863324287000069, 6.945706226000027 ], [ 79.863379021000071, 6.945712028000059 ], [ 79.863421449000043, 6.945720695000034 ], [ 79.863423253000065, 6.945721064000054 ], [ 79.863460424000039, 6.945730901000047 ], [ 79.863540721000049, 6.945760263000068 ], [ 79.863599179000062, 6.945665161000022 ], [ 79.863629469000045, 6.945630407000067 ], [ 79.863647725000078, 6.945595180000055 ], [ 79.863673504000076, 6.94550670600006 ], [ 79.863728834000085, 6.945297218000064 ], [ 79.863874275000057, 6.944720432000054 ], [ 79.863908658000071, 6.944580708000046 ], [ 79.863926823000043, 6.944499182000072 ], [ 79.863966316000074, 6.944343586000059 ], [ 79.86402101200008, 6.944128096000043 ], [ 79.864070731000083, 6.943965977000062 ], [ 79.864090954000062, 6.943848739000032 ], [ 79.864171767000073, 6.943657837000046 ], [ 79.864224040000067, 6.943437943000049 ], [ 79.864238704000059, 6.94338926100005 ], [ 79.864247960000057, 6.943336797000029 ], [ 79.864253820000044, 6.943339080000044 ], [ 79.864332653000076, 6.943094553000037 ], [ 79.864435293000042, 6.942846003000056 ], [ 79.864479574000029, 6.942747396000073 ], [ 79.864879501000075, 6.941856838000035 ], [ 79.864881333000085, 6.941852998000059 ], [ 79.864881573000048, 6.94185249700007 ], [ 79.864982417000078, 6.941641165000021 ], [ 79.865095643000075, 6.941403885000057 ], [ 79.865295189000051, 6.940969704000054 ], [ 79.865263070000083, 6.94095909300006 ], [ 79.865095881000059, 6.940903857000023 ], [ 79.864846073000081, 6.940828237000062 ], [ 79.864384340000072, 6.940688463000072 ], [ 79.863209268000048, 6.940361411000026 ], [ 79.862977218000083, 6.940288718000033 ], [ 79.862773376000064, 6.940228557000069 ], [ 79.862705922000032, 6.94020247800006 ], [ 79.86266424400003, 6.940183499000057 ], [ 79.862501767000083, 6.940116997000075 ], [ 79.862337122000042, 6.940048412000067 ], [ 79.862178363000055, 6.939977578000025 ], [ 79.862014356000032, 6.939906554000061 ], [ 79.861884595000049, 6.93986082300006 ], [ 79.861687464000056, 6.939792897000075 ], [ 79.861550290000082, 6.939743806000024 ], [ 79.861341500000037, 6.939668987000061 ], [ 79.861341150000044, 6.93966886100003 ], [ 79.861223599000084, 6.939626578000059 ], [ 79.861067785000046, 6.939570533000051 ], [ 79.860833808000052, 6.939478729000029 ], [ 79.860745157000053, 6.939438773000063 ], [ 79.860718200000065, 6.939435107000065 ], [ 79.860631958000056, 6.939404856000067 ], [ 79.860572550000029, 6.939383039000063 ], [ 79.860518091000074, 6.93937597200005 ], [ 79.860470769000074, 6.93937425300004 ], [ 79.860239802000081, 6.93935011700006 ], [ 79.859952564000082, 6.939300670000023 ], [ 79.859719013000074, 6.939252229000033 ], [ 79.859621147000041, 6.939243617000045 ], [ 79.859381367000083, 6.93920233800003 ], [ 79.859330623000062, 6.939191661000052 ], [ 79.85928810300004, 6.939187239000034 ], [ 79.859251034000067, 6.93918050000002 ], [ 79.859235067000043, 6.939177597000025 ], [ 79.859012950000078, 6.939137212000048 ], [ 79.858944930000064, 6.939549609000039 ], [ 79.858923600000082, 6.939684498000076 ], [ 79.858866912000053, 6.939921060000074 ], [ 79.858787311000071, 6.939907466000022 ], [ 79.858773891000055, 6.939949008000042 ], [ 79.858771926000031, 6.939955088000033 ], [ 79.858682859000055, 6.940203212000029 ], [ 79.858594928000059, 6.940471952000053 ], [ 79.858547674000079, 6.940575483000032 ], [ 79.858525146000034, 6.940625713000031 ], [ 79.858378273000085, 6.940953204000039 ], [ 79.858326608000084, 6.941044792000071 ], [ 79.858256264000033, 6.941203252000037 ], [ 79.858166058000052, 6.94147822900004 ], [ 79.858141359000058, 6.941578087000039 ], [ 79.858087350000062, 6.941796447000058 ], [ 79.858170096000038, 6.941814006000072 ], [ 79.858195709000086, 6.941819443000043 ], [ 79.85837842400008, 6.941855875000044 ], [ 79.858583868000039, 6.941883307000069 ], [ 79.858628587000055, 6.941873448000024 ], [ 79.859036460000084, 6.941849642000022 ], [ 79.859259071000054, 6.941844016000061 ], [ 79.859324229000038, 6.941840433000039 ], [ 79.859424860000047, 6.941835836000052 ], [ 79.859508660000074, 6.941831205000028 ], [ 79.859551112000077, 6.941824687000064 ], [ 79.85957836700004, 6.941815335000058 ], [ 79.859602547000065, 6.941804894000029 ], [ 79.859693793000076, 6.94174005800005 ], [ 79.859732853000082, 6.941705528000057 ], [ 79.859786158000077, 6.941658405000055 ], [ 79.859923104000075, 6.941685163000045 ], [ 79.860009093000031, 6.941718513000069 ], [ 79.860184077000042, 6.941775003000032 ], [ 79.860404991000053, 6.941851202000066 ], [ 79.860555274000035, 6.941906558000028 ], [ 79.860677706000047, 6.941952819000051 ], [ 79.86080058400006, 6.942000979000056 ], [ 79.860979526000051, 6.942070317000059 ], [ 79.861229820000062, 6.942161129000056 ], [ 79.86141907800004, 6.942229129000054 ], [ 79.861545394000075, 6.942279014000064 ], [ 79.861589066000079, 6.942296278000072 ], [ 79.86168617900006, 6.942333267000038 ], [ 79.861931662000075, 6.942431394000039 ], [ 79.862204348000034, 6.942548201000022 ], [ 79.862235, 6.942560286000059 ], [ 79.862202627000045, 6.942608073000031 ], [ 79.86220215000003, 6.942608778000022 ], [ 79.862157294000042, 6.942689076000022 ], [ 79.862088242000084, 6.942834430000062 ], [ 79.862042331000055, 6.942945649000023 ], [ 79.861980838000079, 6.943113081000035 ], [ 79.861897636000037, 6.943323150000026 ], [ 79.861839915000076, 6.943471271000021 ], [ 79.861815246000049, 6.943534574000068 ], [ 79.861797240000044, 6.943581107000057 ], [ 79.861660819000065, 6.94393737200005 ], [ 79.86158997800004, 6.944118800000069 ], [ 79.861553215000072, 6.944225878000054 ], [ 79.861541561000081, 6.944262747000039 ], [ 79.861437133000038, 6.944593034000036 ], [ 79.861330287000044, 6.944951224000022 ], [ 79.861329387000069, 6.944954237000047 ], [ 79.861329160000082, 6.944955 ], [ 79.861281480000059, 6.94511446100006 ], [ 79.861185146000082, 6.94542414700004 ], [ 79.861136790000046, 6.945582561000037 ], [ 79.861121369000045, 6.945627255000034 ], [ 79.861120647000064, 6.945629347000022 ], [ 79.861106688000064, 6.94566035500003 ], [ 79.861092862000078, 6.945693941000059 ], [ 79.861063321000074, 6.945765702000074 ], [ 79.861074968000082, 6.945766560000038 ], [ 79.861267434000069, 6.945780744000047 ], [ 79.861296030000062, 6.945779533000064 ], [ 79.861538648000078, 6.945770056000072 ], [ 79.861571588000061, 6.945768764000036 ] ] ] ] } },
{ "type": "Feature", "properties": { "Shape_Leng": 0.03262706575, "Shape_Area": 3.920485e-05, "ADM4_EN": "New Bazaar", "ADM4_SI": "නිව් බසාර්", "ADM4_TA": null, "ADM4_PCODE": "LK1103070", "ADM4_REF": null, "ADM3_EN": "Colombo", "ADM3_SI": "කොළඹ", "ADM3_TA": "கொழும்பு", "ADM3_PCODE": "LK1103", "ADM2_EN": "Colombo", "ADM2_SI": "කොළඹ දිස්ත්‍රික්ක", "ADM2_TA": "கொழும்பு மாவட்டம்", "ADM2_PCODE": "LK11", "ADM1_EN": "Western", "ADM1_SI": "බස්නාහිර පළාත", "ADM1_TA": "மேல் மாகாணம் ", "ADM1_PCODE": "LK1", "ADM0_EN": "Sri Lanka", "ADM0_SI": "ශ්‍රී ලංකා", "ADM0_TA": "இலங்கை", "ADM0_PCODE": "LK", "date": "2022-08-02", "validOn": "2022-08-16", "validTo": null, "length_sum": 27678.0, "damage_sco": 2 }, "geometry": { "type": "MultiPolygon", "coordinates": [ [ [ [ 79.869333719000053, 6.946119053000075 ], [ 79.869362679000062, 6.946063296000034 ], [ 79.869426296000086, 6.945974325000066 ], [ 79.869543355000076, 6.945857801000045 ], [ 79.869604822000042, 6.945766050000032 ], [ 79.869730669000035, 6.945571322000035 ], [ 79.869355343000052, 6.945421494000072 ], [ 79.869048885000041, 6.94529738600005 ], [ 79.869105382000043, 6.945137431000035 ], [ 79.869137889000058, 6.945040602000063 ], [ 79.86913802600003, 6.94496883100004 ], [ 79.869123792000039, 6.944900620000055 ], [ 79.868901361000042, 6.944781771000066 ], [ 79.868977052000048, 6.944638372000043 ], [ 79.869142869000029, 6.944315717000052 ], [ 79.869258209000066, 6.944097034000038 ], [ 79.869523720000075, 6.944223142000055 ], [ 79.869746669000051, 6.94388447800003 ], [ 79.869691973000045, 6.943808125000032 ], [ 79.869649915000082, 6.943751168000063 ], [ 79.869604480000078, 6.94370903600003 ], [ 79.869532896000067, 6.943665769000063 ], [ 79.869441135000045, 6.943621559000064 ], [ 79.869344220000073, 6.943575529000043 ], [ 79.869228320000047, 6.943520693000039 ], [ 79.868908775000079, 6.943395030000033 ], [ 79.868782364000083, 6.943347730000028 ], [ 79.868564354000057, 6.943266153000025 ], [ 79.868250854000053, 6.94315044700005 ], [ 79.868245986000034, 6.943148737000058 ], [ 79.868198315000029, 6.94313199100003 ], [ 79.868320403000041, 6.942791880000073 ], [ 79.868408096000053, 6.942527705000032 ], [ 79.868409089000068, 6.942524716000037 ], [ 79.868434898000032, 6.942446963000066 ], [ 79.868477306000045, 6.942321450000065 ], [ 79.868556923000085, 6.942092024000033 ], [ 79.868648988000075, 6.941835133000041 ], [ 79.868738456000074, 6.941564584000048 ], [ 79.868785969000044, 6.94146672100004 ], [ 79.868794508000065, 6.941449134000038 ], [ 79.86880413800003, 6.941429349000032 ], [ 79.868808603000048, 6.941413624000063 ], [ 79.868815595000058, 6.941400437000027 ], [ 79.868826750000039, 6.941387348000035 ], [ 79.868850221000059, 6.941369036000026 ], [ 79.868883554000035, 6.941351920000045 ], [ 79.868895054000063, 6.941347331000031 ], [ 79.868903475000081, 6.941344725000022 ], [ 79.868911991000061, 6.94133931500005 ], [ 79.868922048000059, 6.941332734000071 ], [ 79.868931726000085, 6.941334651000034 ], [ 79.868955526000036, 6.941333883000027 ], [ 79.868975349000038, 6.941331028000036 ], [ 79.868992458000037, 6.941326901000025 ], [ 79.869029309000041, 6.941315398000029 ], [ 79.869047149000039, 6.941308650000053 ], [ 79.869084998000062, 6.94129461700004 ], [ 79.869108093000079, 6.941283992000024 ], [ 79.869128742000044, 6.941274627000041 ], [ 79.869207359000029, 6.941236349000064 ], [ 79.86926279000005, 6.941208967000023 ], [ 79.86944627500003, 6.941135810000048 ], [ 79.869623061000084, 6.941022510000039 ], [ 79.869754939000075, 6.94091809400004 ], [ 79.869944127000053, 6.940814302000035 ], [ 79.870064265000053, 6.940709759000072 ], [ 79.870153024000047, 6.940617788000054 ], [ 79.870230736000053, 6.940544252000052 ], [ 79.87029117000003, 6.940490777000036 ], [ 79.870321004000061, 6.940414277000059 ], [ 79.870333542000083, 6.940368368000065 ], [ 79.870371918000046, 6.940332077000051 ], [ 79.870521753000048, 6.940244939000024 ], [ 79.870521152000038, 6.94024317700007 ], [ 79.870460453000078, 6.940065158000039 ], [ 79.870308271000056, 6.93951940200003 ], [ 79.870234329000084, 6.939314251000042 ], [ 79.869510001000037, 6.938452864000055 ], [ 79.86907403400005, 6.937949628000069 ], [ 79.868841030000056, 6.937727885000072 ], [ 79.868482094000058, 6.937631504000024 ], [ 79.868035300000031, 6.937463242000035 ], [ 79.867538431000071, 6.937116806000063 ], [ 79.867162647000043, 6.936803588000032 ], [ 79.866814625000075, 6.936570448000055 ], [ 79.866602469000043, 6.936439842000027 ], [ 79.866476159000058, 6.93638792400003 ], [ 79.866346491000058, 6.936336517000029 ], [ 79.866330788000084, 6.936330293000026 ], [ 79.866331443000036, 6.936367332000032 ], [ 79.866331561000038, 6.936374120000039 ], [ 79.866331840000043, 6.936389940000026 ], [ 79.866332159000081, 6.936408063000044 ], [ 79.866332928000077, 6.936470907000057 ], [ 79.866333234000081, 6.93649586600003 ], [ 79.866333724000071, 6.93653592000004 ], [ 79.866336397000055, 6.936604917000068 ], [ 79.866336894000085, 6.936628336000069 ], [ 79.866336666000052, 6.936637348000033 ], [ 79.866334252000058, 6.936732316000075 ], [ 79.86633616000006, 6.937010906000069 ], [ 79.866347442000063, 6.93740290300002 ], [ 79.866346038000074, 6.937568731000056 ], [ 79.866348914000071, 6.937673264000068 ], [ 79.866343749000066, 6.93772388900004 ], [ 79.866329696000037, 6.937779698000043 ], [ 79.866330058000074, 6.937785530000042 ], [ 79.866349942000056, 6.937938651000024 ], [ 79.866355158000033, 6.938144640000075 ], [ 79.86635115200005, 6.938188593000064 ], [ 79.866351130000055, 6.938188843000034 ], [ 79.866345543000079, 6.938250142000072 ], [ 79.866340494000042, 6.938429256000063 ], [ 79.866334720000054, 6.938514875000067 ], [ 79.866332426000042, 6.938577802000054 ], [ 79.866323243000068, 6.938647861000049 ], [ 79.866294697000058, 6.938764449000075 ], [ 79.866222659000073, 6.938958264000064 ], [ 79.866115642000068, 6.939225433000047 ], [ 79.866066560000036, 6.939339630000063 ], [ 79.865936356000077, 6.939618419000055 ], [ 79.865603123000085, 6.94030805400007 ], [ 79.865461180000068, 6.940620728000056 ], [ 79.865295189000051, 6.940969704000054 ], [ 79.865095643000075, 6.941403885000057 ], [ 79.864982417000078, 6.941641165000021 ], [ 79.864881573000048, 6.94185249700007 ], [ 79.864881333000085, 6.941852998000059 ], [ 79.864879501000075, 6.941856838000035 ], [ 79.864479574000029, 6.942747396000073 ], [ 79.864435293000042, 6.942846003000056 ], [ 79.864332653000076, 6.943094553000037 ], [ 79.864253820000044, 6.943339080000044 ], [ 79.864247960000057, 6.943336797000029 ], [ 79.864238704000059, 6.94338926100005 ], [ 79.864224040000067, 6.943437943000049 ], [ 79.864171767000073, 6.943657837000046 ], [ 79.864090954000062, 6.943848739000032 ], [ 79.864070731000083, 6.943965977000062 ], [ 79.864091809000058, 6.943969160000051 ], [ 79.86412166100007, 6.943973670000048 ], [ 79.864185684000063, 6.943996128000038 ], [ 79.864201202000061, 6.944004629000062 ], [ 79.864241998000068, 6.944026980000046 ], [ 79.864277413000082, 6.94405607300007 ], [ 79.864321761000042, 6.944098475000033 ], [ 79.86437421800008, 6.944158705000063 ], [ 79.864495022000085, 6.944345928000075 ], [ 79.864513325000075, 6.944379871000024 ], [ 79.864526109000053, 6.94441362200007 ], [ 79.86454023400006, 6.944456239000033 ], [ 79.864609212000062, 6.944724739000037 ], [ 79.864684262000083, 6.945037037000077 ], [ 79.864704367000058, 6.945120694000025 ], [ 79.86479164900004, 6.945423049000055 ], [ 79.864813690000062, 6.945489731000066 ], [ 79.864843782000037, 6.945557785000062 ], [ 79.864889233000042, 6.945638437000071 ], [ 79.864901773000042, 6.945658561000073 ], [ 79.864907455000036, 6.945667679000053 ], [ 79.864958243000046, 6.945749427000067 ], [ 79.865025560000049, 6.94584612500006 ], [ 79.865071415000045, 6.945905169000071 ], [ 79.865109517000064, 6.945948914000041 ], [ 79.865216254000075, 6.946063774000038 ], [ 79.865414051000073, 6.946256750000032 ], [ 79.865746845000047, 6.946553277000021 ], [ 79.865866713000059, 6.946660082000051 ], [ 79.866138117000048, 6.946880868000051 ], [ 79.866191597000068, 6.946927267000035 ], [ 79.866243096000062, 6.946968327000036 ], [ 79.866420289000075, 6.947101044000021 ], [ 79.866568673000074, 6.947207427000023 ], [ 79.86677108300006, 6.947352545000058 ], [ 79.866951836000055, 6.947469443000045 ], [ 79.867027261000032, 6.947397251000041 ], [ 79.867075930000055, 6.947357560000057 ], [ 79.867129750000061, 6.947321043000045 ], [ 79.867354143000057, 6.947189640000033 ], [ 79.867453263000073, 6.947138791000043 ], [ 79.867812468000068, 6.946954520000077 ], [ 79.868097520000049, 6.946806414000037 ], [ 79.868254758000035, 6.946728320000034 ], [ 79.868366453000078, 6.946664697000074 ], [ 79.868524884000067, 6.946578106000061 ], [ 79.868698434000066, 6.946487565000041 ], [ 79.868749703000049, 6.946459904000051 ], [ 79.868776423000043, 6.946446534000074 ], [ 79.86877796300007, 6.946445762000053 ], [ 79.868801882000071, 6.946436405000043 ], [ 79.868806941000059, 6.946434424000074 ], [ 79.868883409000034, 6.946404507000068 ], [ 79.868819160000044, 6.94634697500004 ], [ 79.868792586000041, 6.946323179000046 ], [ 79.868776685000057, 6.946309874000065 ], [ 79.868497252000054, 6.946076037000068 ], [ 79.868099824000069, 6.94574695700004 ], [ 79.868122371000084, 6.945739042000071 ], [ 79.86815839500008, 6.945733958000062 ], [ 79.868191783000043, 6.945735740000032 ], [ 79.868311455000082, 6.945758666000074 ], [ 79.86832767900006, 6.94576206000005 ], [ 79.868389063000052, 6.945774909000022 ], [ 79.868477336000069, 6.945797231000029 ], [ 79.868548144000044, 6.945821147000061 ], [ 79.868615331000058, 6.945844604000058 ], [ 79.868777458000068, 6.945906663000073 ], [ 79.86919602200004, 6.94606688500005 ], [ 79.869330512000033, 6.946117839000067 ], [ 79.869333719000053, 6.946119053000075 ] ] ] ] } },
{ "type": "Feature", "properties": { "Shape_Leng": 0.04401030178, "Shape_Area": 4.259917e-05, "ADM4_EN": "Grandpass South", "ADM4_SI": "ග්‍රෑන්ඩ්පාස් දකු", "ADM4_TA": null, "ADM4_PCODE": "LK1103075", "ADM4_REF": null, "ADM3_EN": "Colombo", "ADM3_SI": "කොළඹ", "ADM3_TA": "கொழும்பு", "ADM3_PCODE": "LK1103", "ADM2_EN": "Colombo", "ADM2_SI": "කොළඹ දිස්ත්‍රික්ක", "ADM2_TA": "கொழும்பு மாவட்டம்", "ADM2_PCODE": "LK11", "ADM1_EN": "Western", "ADM1_SI": "බස්නාහිර පළාත", "ADM1_TA": "மேல் மாகாணம் ", "ADM1_PCODE": "LK1", "ADM0_EN": "Sri Lanka", "ADM0_SI": "ශ්‍රී ලංකා", "ADM0_TA": "இலங்கை", "ADM0_PCODE": "LK", "date": "2022-08-02", "validOn": "2022-08-16", "validTo": null, "length_sum": 28858.0, "damage_sco": 2 }, "geometry": { "type": "MultiPolygon", "coordinates": [ [ [ [ 79.875165023000079, 6.944506759000035 ], [ 79.875235925000084, 6.944468006000022 ], [ 79.87524811600008, 6.944462151000039 ], [ 79.875326072000064, 6.944424707000053 ], [ 79.875329304000047, 6.944423154000049 ], [ 79.875452083000084, 6.944382518000054 ], [ 79.87551763700003, 6.944361393000065 ], [ 79.875727766000068, 6.944306003000065 ], [ 79.875895882000066, 6.944264367000073 ], [ 79.876019721000034, 6.944237656000041 ], [ 79.876031218000037, 6.94423514600004 ], [ 79.876076433000037, 6.94422671500007 ], [ 79.876160843000036, 6.944210979000047 ], [ 79.876243308000085, 6.94419522000004 ], [ 79.876328785000055, 6.944165724000072 ], [ 79.876380678000032, 6.944142856000042 ], [ 79.876426481000067, 6.944124122000062 ], [ 79.876454008000053, 6.944116055000052 ], [ 79.87649695600004, 6.944095553000068 ], [ 79.876496865000036, 6.944095334000053 ], [ 79.876715188000048, 6.943965904000038 ], [ 79.876908310000033, 6.943860388000076 ], [ 79.877066292000052, 6.943770448000066 ], [ 79.877243530000044, 6.943690127000025 ], [ 79.877311714000029, 6.943665753000062 ], [ 79.87739834100006, 6.943650003000073 ], [ 79.877528747000042, 6.94364401100006 ], [ 79.877692893000074, 6.943643870000074 ], [ 79.877763462000075, 6.943650061000028 ], [ 79.877827502000059, 6.943663475000051 ], [ 79.877830577000054, 6.943664306000073 ], [ 79.877832229000035, 6.943664752000075 ], [ 79.877936756000054, 6.943692979000048 ], [ 79.878215055000055, 6.943722427000068 ], [ 79.878239559000065, 6.943725020000045 ], [ 79.878261309000038, 6.943564653000067 ], [ 79.878266, 6.943477746000042 ], [ 79.878268624000043, 6.943429125000023 ], [ 79.878273909000029, 6.943381793000071 ], [ 79.878285075000065, 6.943214599000044 ], [ 79.878286080000066, 6.943199551000021 ], [ 79.87829432500007, 6.943076090000034 ], [ 79.878294829000083, 6.943067038000038 ], [ 79.878300931000069, 6.942951311000058 ], [ 79.878307923000079, 6.942841289000057 ], [ 79.87830832800006, 6.94283491300007 ], [ 79.878310258000056, 6.942804574000036 ], [ 79.878315962000045, 6.942564066000045 ], [ 79.878313696000077, 6.942279686000063 ], [ 79.878313629000047, 6.942124071000023 ], [ 79.878299804000051, 6.941755687000068 ], [ 79.878299687000037, 6.941752583000039 ], [ 79.878299589000051, 6.941749972000025 ], [ 79.878296895000062, 6.941500134000023 ], [ 79.878296770000077, 6.941184293000049 ], [ 79.878287168000043, 6.940903697000067 ], [ 79.878282297000055, 6.940657019000071 ], [ 79.878259609000054, 6.940405334000047 ], [ 79.878241268000068, 6.940138942000033 ], [ 79.878241133000074, 6.940136984000048 ], [ 79.878238739000039, 6.940102203000038 ], [ 79.878239894000046, 6.940065765000043 ], [ 79.878240379000033, 6.940048314000023 ], [ 79.878246360000048, 6.939852655000038 ], [ 79.878255859000035, 6.93951947100004 ], [ 79.878259220000075, 6.939226331000043 ], [ 79.878259479000064, 6.939202098000067 ], [ 79.878262522000057, 6.938916645000063 ], [ 79.878263307000054, 6.938598455000033 ], [ 79.878262791000054, 6.938547776000064 ], [ 79.878259645000071, 6.938238210000065 ], [ 79.878254612000035, 6.937933556000075 ], [ 79.878253314000062, 6.93785499300003 ], [ 79.878250334000029, 6.937731720000045 ], [ 79.878245091000053, 6.937514903000022 ], [ 79.878244714000061, 6.937500945000068 ], [ 79.878239757000074, 6.937317760000042 ], [ 79.878238072000045, 6.937255471000071 ], [ 79.878235312000072, 6.937144982000063 ], [ 79.878232710000077, 6.937040836000051 ], [ 79.878232612000033, 6.937036896000052 ], [ 79.878230786000074, 6.936963813000034 ], [ 79.878211693000083, 6.936965632000067 ], [ 79.87808966700004, 6.936972353000044 ], [ 79.878064170000073, 6.936973758000022 ], [ 79.878040437000038, 6.936975063000034 ], [ 79.877961526000036, 6.936978620000048 ], [ 79.877892204000034, 6.936982740000076 ], [ 79.87784324900008, 6.936984093000035 ], [ 79.877761723000049, 6.936986347000072 ], [ 79.877759175000051, 6.93698641800006 ], [ 79.877666106000049, 6.937013857000068 ], [ 79.877387777000081, 6.937019310000039 ], [ 79.87716933400003, 6.937006935000056 ], [ 79.876917968000043, 6.936997486000053 ], [ 79.87692613400003, 6.937425144000031 ], [ 79.876977021000073, 6.937419259000023 ], [ 79.876964551000071, 6.937682398000049 ], [ 79.876990884000065, 6.937999442000034 ], [ 79.877046841000038, 6.938475037000046 ], [ 79.877067268000076, 6.938750201000062 ], [ 79.877299664000077, 6.939294913000026 ], [ 79.877368530000069, 6.939277100000027 ], [ 79.877425243000062, 6.93935496000006 ], [ 79.877487890000054, 6.939459747000058 ], [ 79.877545673000043, 6.939495254000065 ], [ 79.877795476000074, 6.939997300000073 ], [ 79.877805909000074, 6.940106296000067 ], [ 79.877772897000057, 6.940107830000045 ], [ 79.877620231000037, 6.940115047000063 ], [ 79.877440592000085, 6.940126099000054 ], [ 79.877235546000065, 6.940126976000045 ], [ 79.877128604000063, 6.940119270000025 ], [ 79.877007425000045, 6.940079887000024 ], [ 79.87674959900005, 6.939951180000037 ], [ 79.876465063000069, 6.939783725000041 ], [ 79.876319697000042, 6.939710658000024 ], [ 79.876215283000079, 6.939658378000047 ], [ 79.876146490000053, 6.93962244100004 ], [ 79.876028600000041, 6.939566970000044 ], [ 79.875872032000075, 6.939485294000065 ], [ 79.875612972000056, 6.939339225000026 ], [ 79.875465620000057, 6.939264438000066 ], [ 79.875385968000046, 6.939228750000041 ], [ 79.875282706000064, 6.939189583000029 ], [ 79.875203051000085, 6.939155524000057 ], [ 79.875182644000063, 6.939180803000056 ], [ 79.875128364000034, 6.939221389000068 ], [ 79.875066591000063, 6.939253552000025 ], [ 79.874892430000045, 6.939334420000023 ], [ 79.874795325000036, 6.939381796000021 ], [ 79.874757479000039, 6.93940026100006 ], [ 79.874658299000032, 6.939450798000053 ], [ 79.874499532000073, 6.939525095000022 ], [ 79.874188262000075, 6.939664475000029 ], [ 79.873959939000031, 6.939771371000063 ], [ 79.873779882000065, 6.939859549000062 ], [ 79.873603820000085, 6.939940774000036 ], [ 79.873542597000039, 6.93996850700006 ], [ 79.873509622000086, 6.939989639000032 ], [ 79.873458885000048, 6.940022149000072 ], [ 79.873454244000072, 6.940026278000062 ], [ 79.873402506000048, 6.940072315000066 ], [ 79.873359643000072, 6.94013368100002 ], [ 79.873311680000029, 6.94020234900006 ], [ 79.873232241000039, 6.940316293000024 ], [ 79.873229012000081, 6.940320927000073 ], [ 79.873156431000041, 6.940425033000054 ], [ 79.873122657000067, 6.94048437400005 ], [ 79.873095300000045, 6.940546985000026 ], [ 79.873061749000044, 6.940583902000071 ], [ 79.87301259000003, 6.940644753000072 ], [ 79.872897603000069, 6.940774740000052 ], [ 79.87278880100007, 6.94088864400004 ], [ 79.87278479500003, 6.940893266000046 ], [ 79.872728856000037, 6.940957792000063 ], [ 79.872649720000084, 6.941031787000043 ], [ 79.872592116000078, 6.941106998000066 ], [ 79.872450623000077, 6.941281150000066 ], [ 79.872410350000052, 6.941332614000032 ], [ 79.872306757000047, 6.941466059000049 ], [ 79.872219404000077, 6.941578194000044 ], [ 79.872180853000032, 6.941627130000029 ], [ 79.872154360000081, 6.941664152000044 ], [ 79.87210174300003, 6.941734218000022 ], [ 79.872052164000081, 6.941824093000037 ], [ 79.872038734000057, 6.941844865000064 ], [ 79.872032089000072, 6.941864652000049 ], [ 79.872030928000072, 6.941868711000041 ], [ 79.872009225000056, 6.941944633000048 ], [ 79.872003670000083, 6.94196321000004 ], [ 79.871991937000075, 6.942002450000075 ], [ 79.871972164000056, 6.941998557000034 ], [ 79.871947065000029, 6.941997642000047 ], [ 79.871819913000081, 6.941993008000054 ], [ 79.87168106200005, 6.941987958000027 ], [ 79.871515948000081, 6.94194458100003 ], [ 79.871347731000071, 6.941885458000058 ], [ 79.871253507000063, 6.94176150800007 ], [ 79.87111905900008, 6.941600082000036 ], [ 79.870914657000071, 6.941199709000045 ], [ 79.870800068000051, 6.940957163000064 ], [ 79.87057473200008, 6.940400312000065 ], [ 79.87053929700005, 6.940296391000061 ], [ 79.870521753000048, 6.940244939000024 ], [ 79.870371918000046, 6.940332077000051 ], [ 79.870333542000083, 6.940368368000065 ], [ 79.870321004000061, 6.940414277000059 ], [ 79.87029117000003, 6.940490777000036 ], [ 79.870230736000053, 6.940544252000052 ], [ 79.870153024000047, 6.940617788000054 ], [ 79.870064265000053, 6.940709759000072 ], [ 79.869944127000053, 6.940814302000035 ], [ 79.869754939000075, 6.94091809400004 ], [ 79.869623061000084, 6.941022510000039 ], [ 79.86944627500003, 6.941135810000048 ], [ 79.86926279000005, 6.941208967000023 ], [ 79.869207359000029, 6.941236349000064 ], [ 79.869128742000044, 6.941274627000041 ], [ 79.869108093000079, 6.941283992000024 ], [ 79.869084998000062, 6.94129461700004 ], [ 79.869047149000039, 6.941308650000053 ], [ 79.869029309000041, 6.941315398000029 ], [ 79.868992458000037, 6.941326901000025 ], [ 79.868975349000038, 6.941331028000036 ], [ 79.868955526000036, 6.941333883000027 ], [ 79.868931726000085, 6.941334651000034 ], [ 79.868922048000059, 6.941332734000071 ], [ 79.868911991000061, 6.94133931500005 ], [ 79.868903475000081, 6.941344725000022 ], [ 79.868895054000063, 6.941347331000031 ], [ 79.868883554000035, 6.941351920000045 ], [ 79.868850221000059, 6.941369036000026 ], [ 79.868826750000039, 6.941387348000035 ], [ 79.868815595000058, 6.941400437000027 ], [ 79.868808603000048, 6.941413624000063 ], [ 79.86880413800003, 6.941429349000032 ], [ 79.868794508000065, 6.941449134000038 ], [ 79.868785969000044, 6.94146672100004 ], [ 79.868738456000074, 6.941564584000048 ], [ 79.868648988000075, 6.941835133000041 ], [ 79.868556923000085, 6.942092024000033 ], [ 79.868477306000045, 6.942321450000065 ], [ 79.868434898000032, 6.942446963000066 ], [ 79.868409089000068, 6.942524716000037 ], [ 79.868408096000053, 6.942527705000032 ], [ 79.868320403000041, 6.942791880000073 ], [ 79.868198315000029, 6.94313199100003 ], [ 79.868245986000034, 6.943148737000058 ], [ 79.868250854000053, 6.94315044700005 ], [ 79.868564354000057, 6.943266153000025 ], [ 79.868782364000083, 6.943347730000028 ], [ 79.868908775000079, 6.943395030000033 ], [ 79.869228320000047, 6.943520693000039 ], [ 79.869344220000073, 6.943575529000043 ], [ 79.869441135000045, 6.943621559000064 ], [ 79.869532896000067, 6.943665769000063 ], [ 79.869604480000078, 6.94370903600003 ], [ 79.869649915000082, 6.943751168000063 ], [ 79.869691973000045, 6.943808125000032 ], [ 79.869746669000051, 6.94388447800003 ], [ 79.869523720000075, 6.944223142000055 ], [ 79.869258209000066, 6.944097034000038 ], [ 79.869142869000029, 6.944315717000052 ], [ 79.868977052000048, 6.944638372000043 ], [ 79.868901361000042, 6.944781771000066 ], [ 79.869123792000039, 6.944900620000055 ], [ 79.86913802600003, 6.94496883100004 ], [ 79.869137889000058, 6.945040602000063 ], [ 79.869105382000043, 6.945137431000035 ], [ 79.869048885000041, 6.94529738600005 ], [ 79.869355343000052, 6.945421494000072 ], [ 79.869730669000035, 6.945571322000035 ], [ 79.869604822000042, 6.945766050000032 ], [ 79.869543355000076, 6.945857801000045 ], [ 79.869426296000086, 6.945974325000066 ], [ 79.869362679000062, 6.946063296000034 ], [ 79.869333719000053, 6.946119053000075 ], [ 79.86944956800005, 6.946162945000026 ], [ 79.869554452000045, 6.946204151000074 ], [ 79.869627425000033, 6.946232820000034 ], [ 79.869679135000069, 6.946252593000054 ], [ 79.869711789000064, 6.946265080000046 ], [ 79.869862157000057, 6.946325136000041 ], [ 79.870343100000071, 6.946516572000064 ], [ 79.870478181000067, 6.946573615000034 ], [ 79.870592995000038, 6.94662881000005 ], [ 79.870672158000048, 6.946683847000031 ], [ 79.870755092000081, 6.946754534000036 ], [ 79.870938666000029, 6.946910589000026 ], [ 79.871001713000055, 6.94697056900003 ], [ 79.871040108000045, 6.94701807000007 ], [ 79.871050100000048, 6.947030430000041 ], [ 79.871088612000051, 6.947001508000028 ], [ 79.871088352000072, 6.947000502000037 ], [ 79.871091456000045, 6.946999371000061 ], [ 79.87111979000008, 6.946978091000062 ], [ 79.871129482000072, 6.946970812000075 ], [ 79.87123080300006, 6.946889989000056 ], [ 79.871284998000078, 6.946846692000065 ], [ 79.871379410000031, 6.946774324000046 ], [ 79.871557173000042, 6.946601694000037 ], [ 79.871575391000079, 6.946512432000077 ], [ 79.871565198000042, 6.946490966000056 ], [ 79.871542387000034, 6.946447794000051 ], [ 79.871499690000064, 6.946393278000073 ], [ 79.871381581000037, 6.946262575000048 ], [ 79.871368668000059, 6.946201334000023 ], [ 79.871354176000068, 6.946160889000055 ], [ 79.871366186000046, 6.946152760000075 ], [ 79.871281129000067, 6.946032495000054 ], [ 79.871254244000056, 6.945988899000042 ], [ 79.871222484000043, 6.94594109600007 ], [ 79.871126572000037, 6.945795787000066 ], [ 79.871047979000082, 6.945679445000053 ], [ 79.871026052000047, 6.945647033000057 ], [ 79.871013369000082, 6.945629072000031 ], [ 79.870852333000073, 6.945401027000059 ], [ 79.870876087000056, 6.945376388000057 ], [ 79.870885839000039, 6.945368247000033 ], [ 79.870915966000041, 6.94534309900007 ], [ 79.870951128000058, 6.945315768000057 ], [ 79.871020826000063, 6.945256766000057 ], [ 79.871095981000053, 6.945183759000031 ], [ 79.871169332000079, 6.945107313000051 ], [ 79.871310683000047, 6.944961372000023 ], [ 79.871399265000036, 6.944869674000074 ], [ 79.871453689000077, 6.944813787000044 ], [ 79.871524499000031, 6.944749576000049 ], [ 79.871458967000081, 6.944808410000064 ], [ 79.871630663000076, 6.944635747000063 ], [ 79.871635457000082, 6.944630969000059 ], [ 79.871651218000068, 6.944615258000056 ], [ 79.87170571200005, 6.944557673000077 ], [ 79.871791210000083, 6.94446967500005 ], [ 79.871811702000059, 6.944447833000027 ], [ 79.871836632000054, 6.944424462000029 ], [ 79.871850763000054, 6.94441671200002 ], [ 79.871864887000072, 6.944412399000043 ], [ 79.871875206000084, 6.944410429000072 ], [ 79.87190785100006, 6.944422155000041 ], [ 79.871983602000057, 6.944462447000035 ], [ 79.872003232000054, 6.94446619100006 ], [ 79.872018618000084, 6.944464865000043 ], [ 79.872041789000036, 6.944461382000043 ], [ 79.872101604000079, 6.944519443000047 ], [ 79.87226789500005, 6.944650299000045 ], [ 79.872278526000059, 6.944644604000075 ], [ 79.872306621000064, 6.944617863000076 ], [ 79.872446334000074, 6.944475988000022 ], [ 79.87253228600008, 6.944387449000033 ], [ 79.872615328000052, 6.944306771000072 ], [ 79.872648511000079, 6.944272746000024 ], [ 79.872720788000038, 6.944190148000075 ], [ 79.87280974500004, 6.944091940000021 ], [ 79.872993242000064, 6.943909097000073 ], [ 79.873225354000056, 6.943666667000059 ], [ 79.873381197000072, 6.94351243400007 ], [ 79.873543734000066, 6.943359842000064 ], [ 79.873578355000063, 6.943331244000035 ], [ 79.873587680000071, 6.943328278000024 ], [ 79.873596457000076, 6.94332883900006 ], [ 79.873640734000048, 6.943361564000043 ], [ 79.873673323000048, 6.943376841000031 ], [ 79.873721618000047, 6.943408819000069 ], [ 79.873849337000081, 6.94326049600005 ], [ 79.874324597000054, 6.943669193000062 ], [ 79.874699405000058, 6.944005655000069 ], [ 79.874714661000041, 6.944022803000053 ], [ 79.874718, 6.944025174000046 ], [ 79.875065587000051, 6.944384852000042 ], [ 79.875142995000033, 6.944480677000058 ], [ 79.875155397000071, 6.944496030000039 ], [ 79.875165023000079, 6.944506759000035 ] ] ] ] } },
{ "type": "Feature", "properties": { "Shape_Leng": 0.02187181159, "Shape_Area": 2.661358e-05, "ADM4_EN": "Grandpass North", "ADM4_SI": "ග්‍රෑන්ඩ්පාස් උතු", "ADM4_TA": null, "ADM4_PCODE": "LK1103080", "ADM4_REF": null, "ADM3_EN": "Colombo", "ADM3_SI": "කොළඹ", "ADM3_TA": "கொழும்பு", "ADM3_PCODE": "LK1103", "ADM2_EN": "Colombo", "ADM2_SI": "කොළඹ දිස්ත්‍රික්ක", "ADM2_TA": "கொழும்பு மாவட்டம்", "ADM2_PCODE": "LK11", "ADM1_EN": "Western", "ADM1_SI": "බස්නාහිර පළාත", "ADM1_TA": "மேல் மாகாணம் ", "ADM1_PCODE": "LK1", "ADM0_EN": "Sri Lanka", "ADM0_SI": "ශ්‍රී ලංකා", "ADM0_TA": "இலங்கை", "ADM0_PCODE": "LK", "date": "2022-08-02", "validOn": "2022-08-16", "validTo": null, "length_sum": 16896.0, "damage_sco": 1 }, "geometry": { "type": "MultiPolygon", "coordinates": [ [ [ [ 79.874701956000081, 6.951000861000068 ], [ 79.874730467000063, 6.950824322000074 ], [ 79.874764373000062, 6.950652151000043 ], [ 79.874766144000034, 6.950636879000058 ], [ 79.874846286000036, 6.950165318000074 ], [ 79.874936409000043, 6.949986059000025 ], [ 79.875087689000054, 6.949753089000069 ], [ 79.875310185000046, 6.949553758000036 ], [ 79.875474603000043, 6.949457235000068 ], [ 79.875733882000077, 6.949381574000029 ], [ 79.875745933000076, 6.949377624000022 ], [ 79.876017297000033, 6.949310994000029 ], [ 79.876028992000045, 6.949303204000046 ], [ 79.87621365800004, 6.949249089000034 ], [ 79.876206603000071, 6.94926451200007 ], [ 79.876359236000042, 6.949205074000076 ], [ 79.876543404000074, 6.94903424000006 ], [ 79.876642090000075, 6.948925780000025 ], [ 79.876418053000066, 6.94803891600003 ], [ 79.876125520000073, 6.947027014000071 ], [ 79.876021774000037, 6.946525204000068 ], [ 79.875810307000052, 6.946067321000044 ], [ 79.875454498000067, 6.945041696000033 ], [ 79.875221471000032, 6.944569673000046 ], [ 79.875214289000041, 6.944561668000063 ], [ 79.875199892000069, 6.944545621000032 ], [ 79.875165023000079, 6.944506759000035 ], [ 79.875155397000071, 6.944496030000039 ], [ 79.875142995000033, 6.944480677000058 ], [ 79.875065587000051, 6.944384852000042 ], [ 79.874718, 6.944025174000046 ], [ 79.874714661000041, 6.944022803000053 ], [ 79.874699405000058, 6.944005655000069 ], [ 79.874324597000054, 6.943669193000062 ], [ 79.873849337000081, 6.94326049600005 ], [ 79.873721618000047, 6.943408819000069 ], [ 79.873673323000048, 6.943376841000031 ], [ 79.873640734000048, 6.943361564000043 ], [ 79.873596457000076, 6.94332883900006 ], [ 79.873587680000071, 6.943328278000024 ], [ 79.873578355000063, 6.943331244000035 ], [ 79.873543734000066, 6.943359842000064 ], [ 79.873381197000072, 6.94351243400007 ], [ 79.873225354000056, 6.943666667000059 ], [ 79.872993242000064, 6.943909097000073 ], [ 79.87280974500004, 6.944091940000021 ], [ 79.872720788000038, 6.944190148000075 ], [ 79.872648511000079, 6.944272746000024 ], [ 79.872615328000052, 6.944306771000072 ], [ 79.87253228600008, 6.944387449000033 ], [ 79.872446334000074, 6.944475988000022 ], [ 79.872306621000064, 6.944617863000076 ], [ 79.872278526000059, 6.944644604000075 ], [ 79.87226789500005, 6.944650299000045 ], [ 79.872101604000079, 6.944519443000047 ], [ 79.872041789000036, 6.944461382000043 ], [ 79.872018618000084, 6.944464865000043 ], [ 79.872003232000054, 6.94446619100006 ], [ 79.871983602000057, 6.944462447000035 ], [ 79.87190785100006, 6.944422155000041 ], [ 79.871875206000084, 6.944410429000072 ], [ 79.871864887000072, 6.944412399000043 ], [ 79.871850763000054, 6.94441671200002 ], [ 79.871836632000054, 6.944424462000029 ], [ 79.871811702000059, 6.944447833000027 ], [ 79.871791210000083, 6.94446967500005 ], [ 79.87170571200005, 6.944557673000077 ], [ 79.871651218000068, 6.944615258000056 ], [ 79.871635457000082, 6.944630969000059 ], [ 79.871630663000076, 6.944635747000063 ], [ 79.871458967000081, 6.944808410000064 ], [ 79.871524499000031, 6.944749576000049 ], [ 79.871453689000077, 6.944813787000044 ], [ 79.871399265000036, 6.944869674000074 ], [ 79.871310683000047, 6.944961372000023 ], [ 79.871169332000079, 6.945107313000051 ], [ 79.871095981000053, 6.945183759000031 ], [ 79.871020826000063, 6.945256766000057 ], [ 79.870951128000058, 6.945315768000057 ], [ 79.870915966000041, 6.94534309900007 ], [ 79.870885839000039, 6.945368247000033 ], [ 79.870876087000056, 6.945376388000057 ], [ 79.870852333000073, 6.945401027000059 ], [ 79.871013369000082, 6.945629072000031 ], [ 79.871026052000047, 6.945647033000057 ], [ 79.871047979000082, 6.945679445000053 ], [ 79.871126572000037, 6.945795787000066 ], [ 79.871222484000043, 6.94594109600007 ], [ 79.871254244000056, 6.945988899000042 ], [ 79.871281129000067, 6.946032495000054 ], [ 79.871366186000046, 6.946152760000075 ], [ 79.871354176000068, 6.946160889000055 ], [ 79.871368668000059, 6.946201334000023 ], [ 79.871381581000037, 6.946262575000048 ], [ 79.871499690000064, 6.946393278000073 ], [ 79.871542387000034, 6.946447794000051 ], [ 79.871565198000042, 6.946490966000056 ], [ 79.871575391000079, 6.946512432000077 ], [ 79.871557173000042, 6.946601694000037 ], [ 79.871379410000031, 6.946774324000046 ], [ 79.871284998000078, 6.946846692000065 ], [ 79.87123080300006, 6.946889989000056 ], [ 79.871129482000072, 6.946970812000075 ], [ 79.87111979000008, 6.946978091000062 ], [ 79.871091456000045, 6.946999371000061 ], [ 79.871088352000072, 6.947000502000037 ], [ 79.871088612000051, 6.947001508000028 ], [ 79.871050100000048, 6.947030430000041 ], [ 79.871090450000054, 6.947082228000056 ], [ 79.871122626000044, 6.947133310000027 ], [ 79.87123722900003, 6.94731525100002 ], [ 79.871408230000043, 6.947611435000056 ], [ 79.871577623000064, 6.947896133000029 ], [ 79.871661950000032, 6.948042686000065 ], [ 79.871693890000074, 6.948091121000061 ], [ 79.871789328000034, 6.948248093000075 ], [ 79.87184118700003, 6.948338071000023 ], [ 79.871938284000066, 6.948478861000069 ], [ 79.87206513600006, 6.948675588000071 ], [ 79.87217275200004, 6.948851753000042 ], [ 79.872321086000056, 6.949077275000036 ], [ 79.87237323100004, 6.949159838000071 ], [ 79.872384468000064, 6.949198650000028 ], [ 79.872392459000082, 6.949231126000029 ], [ 79.872395372000085, 6.949269560000062 ], [ 79.872389425000051, 6.949303549000035 ], [ 79.872370096000054, 6.94933235600007 ], [ 79.872365806000062, 6.949336626000047 ], [ 79.872347884000078, 6.949354466000045 ], [ 79.872323060000042, 6.949370514000066 ], [ 79.872674663000055, 6.949674185000049 ], [ 79.872854441000072, 6.949829419000025 ], [ 79.872960138000053, 6.94992094600002 ], [ 79.873097814000062, 6.950042030000077 ], [ 79.873202785000046, 6.950134351000031 ], [ 79.873323029000062, 6.950237840000057 ], [ 79.87338608400006, 6.95029429300007 ], [ 79.873833556000079, 6.95067202000007 ], [ 79.873919302000047, 6.95073972800003 ], [ 79.873980463000066, 6.950792379000063 ], [ 79.874019901000054, 6.950847973000066 ], [ 79.87405517600007, 6.950903649000054 ], [ 79.874107257000048, 6.950970582000025 ], [ 79.874161783000034, 6.951040659000057 ], [ 79.87416313600005, 6.951042381000036 ], [ 79.874253601000078, 6.95100388000003 ], [ 79.874563704000082, 6.951050676000023 ], [ 79.874635325000042, 6.951024869000037 ], [ 79.874701956000081, 6.951000861000068 ] ] ] ] } },
{ "type": "Feature", "properties": { "Shape_Leng": 0.01426375836, "Shape_Area": 1.109043e-05, "ADM4_EN": "Nawagampura", "ADM4_SI": "නවගම්පුර", "ADM4_TA": null, "ADM4_PCODE": "LK1103085", "ADM4_REF": null, "ADM3_EN": "Colombo", "ADM3_SI": "කොළඹ", "ADM3_TA": "கொழும்பு", "ADM3_PCODE": "LK1103", "ADM2_EN": "Colombo", "ADM2_SI": "කොළඹ දිස්ත්‍රික්ක", "ADM2_TA": "கொழும்பு மாவட்டம்", "ADM2_PCODE": "LK11", "ADM1_EN": "Western", "ADM1_SI": "බස්නාහිර පළාත", "ADM1_TA": "மேல் மாகாணம் ", "ADM1_PCODE": "LK1", "ADM0_EN": "Sri Lanka", "ADM0_SI": "ශ්‍රී ලංකා", "ADM0_TA": "இலங்கை", "ADM0_PCODE": "LK", "date": "2022-08-02", "validOn": "2022-08-16", "validTo": null, "length_sum": 5407.0, "damage_sco": 0 }, "geometry": { "type": "MultiPolygon", "coordinates": [ [ [ [ 79.878426474000037, 6.947966731000065 ], [ 79.87842455100008, 6.947932574000049 ], [ 79.878421349000064, 6.947875694000061 ], [ 79.878422268000065, 6.947581919000072 ], [ 79.87841908300004, 6.947162538000043 ], [ 79.878405434000058, 6.94677297800007 ], [ 79.878398713000081, 6.946452333000025 ], [ 79.878390925000076, 6.946169028000043 ], [ 79.878386440000043, 6.945909692000043 ], [ 79.878379069000061, 6.945693390000031 ], [ 79.878375470000037, 6.945586867000031 ], [ 79.87836040500008, 6.945276422000063 ], [ 79.878326035000043, 6.944955691000075 ], [ 79.878324217000056, 6.944938722000074 ], [ 79.878282286000058, 6.944718286000068 ], [ 79.878234459000055, 6.944433616000026 ], [ 79.878231909000078, 6.944418444000064 ], [ 79.878205746000049, 6.944233935000057 ], [ 79.878203721000034, 6.944013756000061 ], [ 79.878204968000034, 6.943977686000039 ], [ 79.878205062000063, 6.943974967000031 ], [ 79.878210735000039, 6.943846219000022 ], [ 79.878239559000065, 6.943725020000045 ], [ 79.878215055000055, 6.943722427000068 ], [ 79.877936756000054, 6.943692979000048 ], [ 79.877832229000035, 6.943664752000075 ], [ 79.877830577000054, 6.943664306000073 ], [ 79.877827502000059, 6.943663475000051 ], [ 79.877763462000075, 6.943650061000028 ], [ 79.877692893000074, 6.943643870000074 ], [ 79.877528747000042, 6.94364401100006 ], [ 79.87739834100006, 6.943650003000073 ], [ 79.877311714000029, 6.943665753000062 ], [ 79.877243530000044, 6.943690127000025 ], [ 79.877066292000052, 6.943770448000066 ], [ 79.876908310000033, 6.943860388000076 ], [ 79.876715188000048, 6.943965904000038 ], [ 79.876496865000036, 6.944095334000053 ], [ 79.87649695600004, 6.944095553000068 ], [ 79.876454008000053, 6.944116055000052 ], [ 79.876426481000067, 6.944124122000062 ], [ 79.876380678000032, 6.944142856000042 ], [ 79.876328785000055, 6.944165724000072 ], [ 79.876243308000085, 6.94419522000004 ], [ 79.876160843000036, 6.944210979000047 ], [ 79.876076433000037, 6.94422671500007 ], [ 79.876031218000037, 6.94423514600004 ], [ 79.876019721000034, 6.944237656000041 ], [ 79.875895882000066, 6.944264367000073 ], [ 79.875727766000068, 6.944306003000065 ], [ 79.87551763700003, 6.944361393000065 ], [ 79.875452083000084, 6.944382518000054 ], [ 79.875329304000047, 6.944423154000049 ], [ 79.875326072000064, 6.944424707000053 ], [ 79.87524811600008, 6.944462151000039 ], [ 79.875235925000084, 6.944468006000022 ], [ 79.875165023000079, 6.944506759000035 ], [ 79.875199892000069, 6.944545621000032 ], [ 79.875214289000041, 6.944561668000063 ], [ 79.875221471000032, 6.944569673000046 ], [ 79.875454498000067, 6.945041696000033 ], [ 79.875810307000052, 6.946067321000044 ], [ 79.876021774000037, 6.946525204000068 ], [ 79.876125520000073, 6.947027014000071 ], [ 79.876418053000066, 6.94803891600003 ], [ 79.876642090000075, 6.948925780000025 ], [ 79.876692246000061, 6.948870655000064 ], [ 79.876884669000049, 6.948722692000047 ], [ 79.877043039000057, 6.948622973000056 ], [ 79.877058248000083, 6.948618703000022 ], [ 79.877270703000079, 6.948472181000056 ], [ 79.877465146000077, 6.948355185000025 ], [ 79.877478876000055, 6.948339342000054 ], [ 79.877704874000074, 6.948215185000038 ], [ 79.877722450000078, 6.948211382000068 ], [ 79.87773605700005, 6.94820377700006 ], [ 79.878073703000041, 6.948018972000057 ], [ 79.878096994000032, 6.948011793000035 ], [ 79.878262797000048, 6.947960680000051 ], [ 79.878364966000049, 6.947962889000053 ], [ 79.878426474000037, 6.947966731000065 ] ] ] ] } },
{ "type": "Feature", "properties": { "Shape_Leng": 0.03208775585, "Shape_Area": 4.955577e-05, "ADM4_EN": "Maligawatta East", "ADM4_SI": "මාළිගාවත්ත නැගෙනහ", "ADM4_TA": null, "ADM4_PCODE": "LK1103090", "ADM4_REF": null, "ADM3_EN": "Colombo", "ADM3_SI": "කොළඹ", "ADM3_TA": "கொழும்பு", "ADM3_PCODE": "LK1103", "ADM2_EN": "Colombo", "ADM2_SI": "කොළඹ දිස්ත්‍රික්ක", "ADM2_TA": "கொழும்பு மாவட்டம்", "ADM2_PCODE": "LK11", "ADM1_EN": "Western", "ADM1_SI": "බස්නාහිර පළාත", "ADM1_TA": "மேல் மாகாணம் ", "ADM1_PCODE": "LK1", "ADM0_EN": "Sri Lanka", "ADM0_SI": "ශ්‍රී ලංකා", "ADM0_TA": "இலங்கை", "ADM0_PCODE": "LK", "date": "2022-08-02", "validOn": "2022-08-16", "validTo": null, "length_sum": 28883.0, "damage_sco": 2 }, "geometry": { "type": "MultiPolygon", "coordinates": [ [ [ [ 79.878230786000074, 6.936963813000034 ], [ 79.878230418000044, 6.936949109000068 ], [ 79.878228723000063, 6.936863503000041 ], [ 79.878226780000034, 6.936765385000058 ], [ 79.87822570700007, 6.936711212000034 ], [ 79.87822538000006, 6.936694746000057 ], [ 79.878224100000068, 6.936656225000036 ], [ 79.878223925000043, 6.936650979000035 ], [ 79.878216232000057, 6.936413338000023 ], [ 79.87821316600008, 6.93621657500006 ], [ 79.878206090000049, 6.93593960100003 ], [ 79.878205329000082, 6.935910901000057 ], [ 79.878198828000052, 6.935665611000047 ], [ 79.878191051000044, 6.935376520000034 ], [ 79.878186085000038, 6.935131560000059 ], [ 79.878180457000042, 6.934901879000051 ], [ 79.878173080000067, 6.934593348000021 ], [ 79.878170490000059, 6.934525068000028 ], [ 79.87815429300008, 6.934097896000026 ], [ 79.878149848000078, 6.934006108000062 ], [ 79.878141579000044, 6.933835288000068 ], [ 79.878124462000073, 6.93346082100004 ], [ 79.878119556000058, 6.933327983000027 ], [ 79.87811180500006, 6.933072981000066 ], [ 79.878113859000052, 6.93307296100005 ], [ 79.87810711700007, 6.932929887000057 ], [ 79.878104956000072, 6.932872207000059 ], [ 79.878094880000049, 6.932603237000023 ], [ 79.878098027000078, 6.932557139000039 ], [ 79.878093182000043, 6.932347315000072 ], [ 79.878088509000065, 6.932139157000051 ], [ 79.878082289000076, 6.931887775000064 ], [ 79.878074497000057, 6.931654563000052 ], [ 79.878060631000039, 6.931283629000063 ], [ 79.878050418000043, 6.931038207000029 ], [ 79.878039123000065, 6.93064865100007 ], [ 79.878037523000046, 6.930540416000042 ], [ 79.878035833000069, 6.930425938000042 ], [ 79.87785563400007, 6.930448373000047 ], [ 79.877767571000049, 6.930459338000048 ], [ 79.877540955000029, 6.930527629000039 ], [ 79.877395374000059, 6.930569670000068 ], [ 79.877319503000081, 6.930591356000036 ], [ 79.877181349000068, 6.930630842000028 ], [ 79.876946851000071, 6.930704907000063 ], [ 79.87678857800006, 6.930759672000022 ], [ 79.876776135000057, 6.930764087000057 ], [ 79.876694892000046, 6.930792914000051 ], [ 79.876590100000044, 6.930830097000069 ], [ 79.876540030000058, 6.930846097000028 ], [ 79.876449731000037, 6.930878991000043 ], [ 79.876399771000081, 6.930897191000042 ], [ 79.876354252000056, 6.930909370000052 ], [ 79.876308722000033, 6.930921553000076 ], [ 79.876284343000066, 6.930928076000043 ], [ 79.876195959000086, 6.930964711000058 ], [ 79.876185638000038, 6.930967958000053 ], [ 79.876066306000041, 6.931005515000038 ], [ 79.876044849000039, 6.931011623000074 ], [ 79.875808282000037, 6.931078538000065 ], [ 79.875754151000081, 6.931089468000039 ], [ 79.875702742000044, 6.931096514000046 ], [ 79.875615871000036, 6.931099152000058 ], [ 79.875534591000076, 6.93111183700006 ], [ 79.875272421000034, 6.931128430000058 ], [ 79.87500265400007, 6.931143560000066 ], [ 79.874928908000072, 6.931143511000073 ], [ 79.874861956000075, 6.931140581000022 ], [ 79.874793926000052, 6.931131410000035 ], [ 79.874669642000072, 6.931108840000036 ], [ 79.874539043000084, 6.93107567900006 ], [ 79.874315013000057, 6.93102136300007 ], [ 79.874270873000057, 6.93101278000006 ], [ 79.874206839000067, 6.930997015000059 ], [ 79.873974753000084, 6.930944040000043 ], [ 79.873942685000031, 6.930937160000042 ], [ 79.873934310000038, 6.930934290000039 ], [ 79.873928655000043, 6.930934150000041 ], [ 79.873873540000034, 6.930922326000029 ], [ 79.873742555000035, 6.93090227600004 ], [ 79.873501015000045, 6.930872429000033 ], [ 79.873335631000032, 6.930860089000021 ], [ 79.873259537000081, 6.930857322000065 ], [ 79.873181539000029, 6.930857174000039 ], [ 79.872961487000055, 6.930852415000061 ], [ 79.87293814700007, 6.930849206000062 ], [ 79.872909026000059, 6.930841013000077 ], [ 79.872855959000049, 6.93081595600006 ], [ 79.872838131000037, 6.930806053000026 ], [ 79.872773627000072, 6.930915666000033 ], [ 79.872646829000075, 6.931120215000021 ], [ 79.872629509000035, 6.931163244000061 ], [ 79.872599476000062, 6.931219329000044 ], [ 79.872661652000033, 6.931256768000026 ], [ 79.872635674000037, 6.931320834000076 ], [ 79.872624096000038, 6.931365790000029 ], [ 79.872522626000034, 6.931344544000069 ], [ 79.87244415400005, 6.931315686000062 ], [ 79.87246893300005, 6.931378892000055 ], [ 79.872464996000076, 6.931434388000071 ], [ 79.872494996000057, 6.931461372000058 ], [ 79.872474787000044, 6.93151632200005 ], [ 79.872513239000057, 6.931527903000074 ], [ 79.872500158000037, 6.931608262000054 ], [ 79.872476353000081, 6.931662765000056 ], [ 79.872403899000062, 6.931709081000065 ], [ 79.872362318000057, 6.931822147000048 ], [ 79.872345894000034, 6.931878076000032 ], [ 79.872336306000079, 6.931910731000073 ], [ 79.872325320000073, 6.931948146000025 ], [ 79.872313376000079, 6.93198882300004 ], [ 79.87230687400006, 6.932010965000075 ], [ 79.87230141100008, 6.932029570000054 ], [ 79.872290354000029, 6.932067226000072 ], [ 79.872279979000041, 6.932102556000075 ], [ 79.872267996000062, 6.932143366000048 ], [ 79.872149748000083, 6.932546070000058 ], [ 79.87209957500005, 6.932532064000043 ], [ 79.872046285000067, 6.932528527000045 ], [ 79.872023930000069, 6.93262622900005 ], [ 79.871983725000064, 6.932783847000053 ], [ 79.871950119000076, 6.932897261000051 ], [ 79.871927785000082, 6.932983843000045 ], [ 79.87189434700008, 6.933103767000034 ], [ 79.871883105000052, 6.93321035300005 ], [ 79.871871714000065, 6.933300028000076 ], [ 79.87184386000007, 6.933529012000065 ], [ 79.871828920000041, 6.933723569000051 ], [ 79.871813780000082, 6.93388105400004 ], [ 79.871803858000078, 6.933947119000038 ], [ 79.871780694000051, 6.934101347000023 ], [ 79.871768151000083, 6.934167430000059 ], [ 79.871763696000073, 6.934190901000022 ], [ 79.87175446100008, 6.934239551000076 ], [ 79.871742470000072, 6.934311955000055 ], [ 79.871734332000074, 6.934403174000067 ], [ 79.871695996000085, 6.934671923000053 ], [ 79.871682462000081, 6.934794057000033 ], [ 79.871675483000047, 6.934989533000021 ], [ 79.871669872000041, 6.935179407000021 ], [ 79.871643045000042, 6.935297084000069 ], [ 79.871638412000038, 6.935401421000051 ], [ 79.87163763500007, 6.93547674000007 ], [ 79.871640329000059, 6.93553479600007 ], [ 79.871648178000044, 6.935641961000044 ], [ 79.871676104000073, 6.935801967000032 ], [ 79.871690353000076, 6.93587442200004 ], [ 79.871728985000061, 6.936020074000055 ], [ 79.871763993000059, 6.936120057000039 ], [ 79.87178554500008, 6.936159339000028 ], [ 79.871833940000045, 6.936252875000037 ], [ 79.871856586000035, 6.936296643000048 ], [ 79.871916035000083, 6.936391789000027 ], [ 79.871999884000047, 6.936503710000068 ], [ 79.872100246000059, 6.936639351000053 ], [ 79.872173352000061, 6.936738231000049 ], [ 79.872205455000085, 6.93679607100006 ], [ 79.872274409000056, 6.936936536000076 ], [ 79.872347946000048, 6.937094280000053 ], [ 79.872468667000078, 6.937373458000025 ], [ 79.87251737400004, 6.937501860000054 ], [ 79.872550441000044, 6.93760227000007 ], [ 79.872581880000041, 6.937697743000058 ], [ 79.872636661000058, 6.937868381000044 ], [ 79.872680438000032, 6.938020735000066 ], [ 79.872723245000032, 6.938159521000046 ], [ 79.872747340000046, 6.938241037000068 ], [ 79.872757374000059, 6.938268909000044 ], [ 79.87279720600003, 6.938379566000037 ], [ 79.872814384000037, 6.938434484000027 ], [ 79.87282164800007, 6.938468767000074 ], [ 79.872822584000062, 6.938478083000064 ], [ 79.872826882000084, 6.938491873000032 ], [ 79.87282669700005, 6.938496238000027 ], [ 79.872824490000085, 6.938497074000054 ], [ 79.872760435000032, 6.938546371000029 ], [ 79.872732601000052, 6.938567791000025 ], [ 79.872679287000039, 6.938623841000037 ], [ 79.872648067000057, 6.938672518000033 ], [ 79.872634693000066, 6.938710921000052 ], [ 79.872628728000052, 6.938753770000062 ], [ 79.872646307000082, 6.938836538000032 ], [ 79.872668335000071, 6.938910454000052 ], [ 79.872710205000033, 6.939021188000027 ], [ 79.872716953000065, 6.939039036000054 ], [ 79.872755291000033, 6.939101228000027 ], [ 79.872787692000031, 6.93914559500007 ], [ 79.872842363000075, 6.939184129000068 ], [ 79.872873343000037, 6.939213756000072 ], [ 79.872895561000064, 6.939235951000057 ], [ 79.872976636000033, 6.939332132000061 ], [ 79.873002095000061, 6.939362471000038 ], [ 79.873024298000075, 6.93939208200004 ], [ 79.873052977000043, 6.939442320000069 ], [ 79.873094989000037, 6.939523689000055 ], [ 79.873100578000049, 6.939533995000033 ], [ 79.87313903900008, 6.939638718000026 ], [ 79.873208190000071, 6.939784786000075 ], [ 79.873262983000075, 6.939928434000024 ], [ 79.87329868900008, 6.940036159000044 ], [ 79.873359643000072, 6.94013368100002 ], [ 79.873402506000048, 6.940072315000066 ], [ 79.873454244000072, 6.940026278000062 ], [ 79.873458885000048, 6.940022149000072 ], [ 79.873509622000086, 6.939989639000032 ], [ 79.873542597000039, 6.93996850700006 ], [ 79.873603820000085, 6.939940774000036 ], [ 79.873779882000065, 6.939859549000062 ], [ 79.873959939000031, 6.939771371000063 ], [ 79.874188262000075, 6.939664475000029 ], [ 79.874499532000073, 6.939525095000022 ], [ 79.874658299000032, 6.939450798000053 ], [ 79.874757479000039, 6.93940026100006 ], [ 79.874795325000036, 6.939381796000021 ], [ 79.874892430000045, 6.939334420000023 ], [ 79.875066591000063, 6.939253552000025 ], [ 79.875128364000034, 6.939221389000068 ], [ 79.875182644000063, 6.939180803000056 ], [ 79.875203051000085, 6.939155524000057 ], [ 79.875282706000064, 6.939189583000029 ], [ 79.875385968000046, 6.939228750000041 ], [ 79.875465620000057, 6.939264438000066 ], [ 79.875612972000056, 6.939339225000026 ], [ 79.875872032000075, 6.939485294000065 ], [ 79.876028600000041, 6.939566970000044 ], [ 79.876146490000053, 6.93962244100004 ], [ 79.876215283000079, 6.939658378000047 ], [ 79.876319697000042, 6.939710658000024 ], [ 79.876465063000069, 6.939783725000041 ], [ 79.87674959900005, 6.939951180000037 ], [ 79.877007425000045, 6.940079887000024 ], [ 79.877128604000063, 6.940119270000025 ], [ 79.877235546000065, 6.940126976000045 ], [ 79.877440592000085, 6.940126099000054 ], [ 79.877620231000037, 6.940115047000063 ], [ 79.877772897000057, 6.940107830000045 ], [ 79.877805909000074, 6.940106296000067 ], [ 79.877795476000074, 6.939997300000073 ], [ 79.877545673000043, 6.939495254000065 ], [ 79.877487890000054, 6.939459747000058 ], [ 79.877425243000062, 6.93935496000006 ], [ 79.877368530000069, 6.939277100000027 ], [ 79.877299664000077, 6.939294913000026 ], [ 79.877067268000076, 6.938750201000062 ], [ 79.877046841000038, 6.938475037000046 ], [ 79.876990884000065, 6.937999442000034 ], [ 79.876964551000071, 6.937682398000049 ], [ 79.876977021000073, 6.937419259000023 ], [ 79.87692613400003, 6.937425144000031 ], [ 79.876917968000043, 6.936997486000053 ], [ 79.87716933400003, 6.937006935000056 ], [ 79.877387777000081, 6.937019310000039 ], [ 79.877666106000049, 6.937013857000068 ], [ 79.877759175000051, 6.93698641800006 ], [ 79.877761723000049, 6.936986347000072 ], [ 79.87784324900008, 6.936984093000035 ], [ 79.877892204000034, 6.936982740000076 ], [ 79.877961526000036, 6.936978620000048 ], [ 79.878040437000038, 6.936975063000034 ], [ 79.878064170000073, 6.936973758000022 ], [ 79.87808966700004, 6.936972353000044 ], [ 79.878211693000083, 6.936965632000067 ], [ 79.878230786000074, 6.936963813000034 ] ] ] ] } },
{ "type": "Feature", "properties": { "Shape_Leng": 0.02596959261, "Shape_Area": 2.774944e-05, "ADM4_EN": "Khettarama", "ADM4_SI": "ඛෙත්තාරාම", "ADM4_TA": null, "ADM4_PCODE": "LK1103095", "ADM4_REF": null, "ADM3_EN": "Colombo", "ADM3_SI": "කොළඹ", "ADM3_TA": "கொழும்பு", "ADM3_PCODE": "LK1103", "ADM2_EN": "Colombo", "ADM2_SI": "කොළඹ දිස්ත්‍රික්ක", "ADM2_TA": "கொழும்பு மாவட்டம்", "ADM2_PCODE": "LK11", "ADM1_EN": "Western", "ADM1_SI": "බස්නාහිර පළාත", "ADM1_TA": "மேல் மாகாணம் ", "ADM1_PCODE": "LK1", "ADM0_EN": "Sri Lanka", "ADM0_SI": "ශ්‍රී ලංකා", "ADM0_TA": "இலங்கை", "ADM0_PCODE": "LK", "date": "2022-08-02", "validOn": "2022-08-16", "validTo": null, "length_sum": 15772.0, "damage_sco": 1 }, "geometry": { "type": "MultiPolygon", "coordinates": [ [ [ [ 79.873359643000072, 6.94013368100002 ], [ 79.87329868900008, 6.940036159000044 ], [ 79.873262983000075, 6.939928434000024 ], [ 79.873208190000071, 6.939784786000075 ], [ 79.87313903900008, 6.939638718000026 ], [ 79.873100578000049, 6.939533995000033 ], [ 79.873094989000037, 6.939523689000055 ], [ 79.873052977000043, 6.939442320000069 ], [ 79.873024298000075, 6.93939208200004 ], [ 79.873002095000061, 6.939362471000038 ], [ 79.872976636000033, 6.939332132000061 ], [ 79.872895561000064, 6.939235951000057 ], [ 79.872873343000037, 6.939213756000072 ], [ 79.872842363000075, 6.939184129000068 ], [ 79.872787692000031, 6.93914559500007 ], [ 79.872755291000033, 6.939101228000027 ], [ 79.872716953000065, 6.939039036000054 ], [ 79.872710205000033, 6.939021188000027 ], [ 79.872668335000071, 6.938910454000052 ], [ 79.872646307000082, 6.938836538000032 ], [ 79.872628728000052, 6.938753770000062 ], [ 79.872634693000066, 6.938710921000052 ], [ 79.872648067000057, 6.938672518000033 ], [ 79.872679287000039, 6.938623841000037 ], [ 79.872732601000052, 6.938567791000025 ], [ 79.872760435000032, 6.938546371000029 ], [ 79.872824490000085, 6.938497074000054 ], [ 79.87282669700005, 6.938496238000027 ], [ 79.872826882000084, 6.938491873000032 ], [ 79.872822584000062, 6.938478083000064 ], [ 79.87282164800007, 6.938468767000074 ], [ 79.872814384000037, 6.938434484000027 ], [ 79.87279720600003, 6.938379566000037 ], [ 79.872757374000059, 6.938268909000044 ], [ 79.872747340000046, 6.938241037000068 ], [ 79.872723245000032, 6.938159521000046 ], [ 79.872680438000032, 6.938020735000066 ], [ 79.872636661000058, 6.937868381000044 ], [ 79.872581880000041, 6.937697743000058 ], [ 79.872550441000044, 6.93760227000007 ], [ 79.87251737400004, 6.937501860000054 ], [ 79.872468667000078, 6.937373458000025 ], [ 79.872347946000048, 6.937094280000053 ], [ 79.872274409000056, 6.936936536000076 ], [ 79.872205455000085, 6.93679607100006 ], [ 79.872173352000061, 6.936738231000049 ], [ 79.872100246000059, 6.936639351000053 ], [ 79.871999884000047, 6.936503710000068 ], [ 79.871916035000083, 6.936391789000027 ], [ 79.871856586000035, 6.936296643000048 ], [ 79.871833940000045, 6.936252875000037 ], [ 79.87178554500008, 6.936159339000028 ], [ 79.871763993000059, 6.936120057000039 ], [ 79.871728985000061, 6.936020074000055 ], [ 79.871690353000076, 6.93587442200004 ], [ 79.871676104000073, 6.935801967000032 ], [ 79.871648178000044, 6.935641961000044 ], [ 79.871640329000059, 6.93553479600007 ], [ 79.87163763500007, 6.93547674000007 ], [ 79.871638412000038, 6.935401421000051 ], [ 79.871643045000042, 6.935297084000069 ], [ 79.871669872000041, 6.935179407000021 ], [ 79.871675483000047, 6.934989533000021 ], [ 79.871682462000081, 6.934794057000033 ], [ 79.871695996000085, 6.934671923000053 ], [ 79.871734332000074, 6.934403174000067 ], [ 79.871742470000072, 6.934311955000055 ], [ 79.87175446100008, 6.934239551000076 ], [ 79.871763696000073, 6.934190901000022 ], [ 79.871646798000029, 6.934123538000051 ], [ 79.87150189700003, 6.934028523000052 ], [ 79.871378535000076, 6.933936421000055 ], [ 79.871266633000062, 6.93386156400004 ], [ 79.871253755000055, 6.933835701000021 ], [ 79.871263914000053, 6.933781174000046 ], [ 79.871272615000066, 6.933738128000073 ], [ 79.871268437000083, 6.933669219000024 ], [ 79.871218205000048, 6.933646157000055 ], [ 79.87114495000003, 6.933643146000065 ], [ 79.871084654000072, 6.933624370000075 ], [ 79.871035845000051, 6.933608488000061 ], [ 79.870921819000046, 6.933575982000036 ], [ 79.870917485000064, 6.933572364000042 ], [ 79.869707928000082, 6.934855098000071 ], [ 79.86957794500006, 6.934832720000031 ], [ 79.869378754000081, 6.934801235000066 ], [ 79.869108531000052, 6.93476961500005 ], [ 79.868945325000084, 6.934753298000032 ], [ 79.868798867000066, 6.934732422000025 ], [ 79.868569818000083, 6.934699774000023 ], [ 79.868436017000079, 6.934685412000022 ], [ 79.868157373000031, 6.934657482000034 ], [ 79.867820916000085, 6.93462482800004 ], [ 79.867711267000061, 6.934614040000042 ], [ 79.867688084000065, 6.934611036000035 ], [ 79.867679057000032, 6.934609866000073 ], [ 79.867678426000055, 6.934609785000021 ], [ 79.867664539000032, 6.93460798600006 ], [ 79.86766244100005, 6.934607714000038 ], [ 79.867572645000052, 6.934596083000031 ], [ 79.867568153000036, 6.934595501000047 ], [ 79.867498966000085, 6.934577557000068 ], [ 79.867437820000077, 6.934565864000035 ], [ 79.867167921000032, 6.934543365000025 ], [ 79.867032596000058, 6.934532085000058 ], [ 79.866685294000035, 6.934492721000026 ], [ 79.86653380000007, 6.934481396000024 ], [ 79.866407180000067, 6.934471932000065 ], [ 79.866287039000042, 6.934458863000032 ], [ 79.866230285000086, 6.934456240000031 ], [ 79.86622578600003, 6.934456032000071 ], [ 79.866194398000061, 6.934449642000061 ], [ 79.86617250300003, 6.934452750000048 ], [ 79.866150411000035, 6.93445588700007 ], [ 79.866093766000063, 6.934455779000075 ], [ 79.865973495000048, 6.934432152000056 ], [ 79.866005717000064, 6.934505884000032 ], [ 79.866020488000061, 6.934549018000041 ], [ 79.866082561000042, 6.934730276000039 ], [ 79.866119554000079, 6.934785956000042 ], [ 79.866170108000063, 6.935036248000074 ], [ 79.866179276000082, 6.935087760000044 ], [ 79.86620681200003, 6.935242477000031 ], [ 79.866264181000076, 6.935571538000033 ], [ 79.866302983000082, 6.935863583000071 ], [ 79.866325797000059, 6.936092934000044 ], [ 79.866327500000068, 6.936148727000045 ], [ 79.866328732000056, 6.936213742000064 ], [ 79.866328746000079, 6.936214526000072 ], [ 79.866329725000071, 6.936269992000064 ], [ 79.866330788000084, 6.936330293000026 ], [ 79.866346491000058, 6.936336517000029 ], [ 79.866476159000058, 6.93638792400003 ], [ 79.866602469000043, 6.936439842000027 ], [ 79.866814625000075, 6.936570448000055 ], [ 79.867162647000043, 6.936803588000032 ], [ 79.867538431000071, 6.937116806000063 ], [ 79.868035300000031, 6.937463242000035 ], [ 79.868482094000058, 6.937631504000024 ], [ 79.868841030000056, 6.937727885000072 ], [ 79.86907403400005, 6.937949628000069 ], [ 79.869510001000037, 6.938452864000055 ], [ 79.870234329000084, 6.939314251000042 ], [ 79.870308271000056, 6.93951940200003 ], [ 79.870460453000078, 6.940065158000039 ], [ 79.870521152000038, 6.94024317700007 ], [ 79.870521753000048, 6.940244939000024 ], [ 79.87053929700005, 6.940296391000061 ], [ 79.87057473200008, 6.940400312000065 ], [ 79.870800068000051, 6.940957163000064 ], [ 79.870914657000071, 6.941199709000045 ], [ 79.87111905900008, 6.941600082000036 ], [ 79.871253507000063, 6.94176150800007 ], [ 79.871347731000071, 6.941885458000058 ], [ 79.871515948000081, 6.94194458100003 ], [ 79.87168106200005, 6.941987958000027 ], [ 79.871819913000081, 6.941993008000054 ], [ 79.871947065000029, 6.941997642000047 ], [ 79.871972164000056, 6.941998557000034 ], [ 79.871991937000075, 6.942002450000075 ], [ 79.872003670000083, 6.94196321000004 ], [ 79.872009225000056, 6.941944633000048 ], [ 79.872030928000072, 6.941868711000041 ], [ 79.872032089000072, 6.941864652000049 ], [ 79.872038734000057, 6.941844865000064 ], [ 79.872052164000081, 6.941824093000037 ], [ 79.87210174300003, 6.941734218000022 ], [ 79.872154360000081, 6.941664152000044 ], [ 79.872180853000032, 6.941627130000029 ], [ 79.872219404000077, 6.941578194000044 ], [ 79.872306757000047, 6.941466059000049 ], [ 79.872410350000052, 6.941332614000032 ], [ 79.872450623000077, 6.941281150000066 ], [ 79.872592116000078, 6.941106998000066 ], [ 79.872649720000084, 6.941031787000043 ], [ 79.872728856000037, 6.940957792000063 ], [ 79.87278479500003, 6.940893266000046 ], [ 79.87278880100007, 6.94088864400004 ], [ 79.872897603000069, 6.940774740000052 ], [ 79.87301259000003, 6.940644753000072 ], [ 79.873061749000044, 6.940583902000071 ], [ 79.873095300000045, 6.940546985000026 ], [ 79.873122657000067, 6.94048437400005 ], [ 79.873156431000041, 6.940425033000054 ], [ 79.873229012000081, 6.940320927000073 ], [ 79.873232241000039, 6.940316293000024 ], [ 79.873311680000029, 6.94020234900006 ], [ 79.873359643000072, 6.94013368100002 ] ] ] ] } },
{ "type": "Feature", "properties": { "Shape_Leng": 0.02563254231, "Shape_Area": 2.550455e-05, "ADM4_EN": "Aluthkade East", "ADM4_SI": "අලුත්කඩේ නැගෙනහිර", "ADM4_TA": null, "ADM4_PCODE": "LK1103100", "ADM4_REF": null, "ADM3_EN": "Colombo", "ADM3_SI": "කොළඹ", "ADM3_TA": "கொழும்பு", "ADM3_PCODE": "LK1103", "ADM2_EN": "Colombo", "ADM2_SI": "කොළඹ දිස්ත්‍රික්ක", "ADM2_TA": "கொழும்பு மாவட்டம்", "ADM2_PCODE": "LK11", "ADM1_EN": "Western", "ADM1_SI": "බස්නාහිර පළාත", "ADM1_TA": "மேல் மாகாணம் ", "ADM1_PCODE": "LK1", "ADM0_EN": "Sri Lanka", "ADM0_SI": "ශ්‍රී ලංකා", "ADM0_TA": "இலங்கை", "ADM0_PCODE": "LK", "date": "2022-08-02", "validOn": "2022-08-16", "validTo": null, "length_sum": 16100.0, "damage_sco": 1 }, "geometry": { "type": "MultiPolygon", "coordinates": [ [ [ [ 79.866330788000084, 6.936330293000026 ], [ 79.866329725000071, 6.936269992000064 ], [ 79.866328746000079, 6.936214526000072 ], [ 79.866328732000056, 6.936213742000064 ], [ 79.866327500000068, 6.936148727000045 ], [ 79.866325797000059, 6.936092934000044 ], [ 79.866302983000082, 6.935863583000071 ], [ 79.866264181000076, 6.935571538000033 ], [ 79.86620681200003, 6.935242477000031 ], [ 79.866179276000082, 6.935087760000044 ], [ 79.866170108000063, 6.935036248000074 ], [ 79.866119554000079, 6.934785956000042 ], [ 79.866082561000042, 6.934730276000039 ], [ 79.866020488000061, 6.934549018000041 ], [ 79.866005717000064, 6.934505884000032 ], [ 79.865973495000048, 6.934432152000056 ], [ 79.865971624000053, 6.934307254000032 ], [ 79.865971086000059, 6.934304541000074 ], [ 79.865971091000063, 6.934301738000045 ], [ 79.865972451000061, 6.934300385000029 ], [ 79.865975356000035, 6.934248669000056 ], [ 79.865983023000069, 6.934166943000037 ], [ 79.865974735000066, 6.934020105000059 ], [ 79.865968059000068, 6.933901801000047 ], [ 79.86593853200003, 6.933680665000054 ], [ 79.86587417100003, 6.933458919000032 ], [ 79.865834264000057, 6.933363501000031 ], [ 79.865832651000062, 6.933359643000074 ], [ 79.865785269000071, 6.933246350000047 ], [ 79.86563467700006, 6.932975252000062 ], [ 79.865487309000059, 6.932722604000048 ], [ 79.865450261000035, 6.932652561000054 ], [ 79.86530595000005, 6.932682213000021 ], [ 79.865270036000084, 6.932692281000072 ], [ 79.86520779600005, 6.932713998000054 ], [ 79.865176930000075, 6.932705326000075 ], [ 79.865141029000085, 6.932699516000071 ], [ 79.86509970000003, 6.932680871000059 ], [ 79.865095273000065, 6.932679894000046 ], [ 79.865053189000037, 6.932653019000043 ], [ 79.86500914800007, 6.932647193000037 ], [ 79.864968938000061, 6.93264137500006 ], [ 79.864928721000069, 6.932639383000037 ], [ 79.86486169300008, 6.932635426000047 ], [ 79.864815785000076, 6.932604716000071 ], [ 79.864743075000035, 6.932568211000046 ], [ 79.864635892000081, 6.932529728000077 ], [ 79.864532545000031, 6.93248933700005 ], [ 79.86441641600004, 6.932456837000075 ], [ 79.864405411000064, 6.932559489000027 ], [ 79.864375095000071, 6.932749586000057 ], [ 79.86435498700007, 6.932887993000065 ], [ 79.864354983000055, 6.932888028000036 ], [ 79.864353725000058, 6.932897800000035 ], [ 79.864347812000062, 6.932962203000045 ], [ 79.864328249000039, 6.933159554000042 ], [ 79.864315223000062, 6.933298958000023 ], [ 79.864302417000033, 6.93337036500003 ], [ 79.864298748000067, 6.933378882000056 ], [ 79.864283848000071, 6.933413461000043 ], [ 79.864283148000084, 6.933415087000071 ], [ 79.864309160000062, 6.933426406000024 ], [ 79.864329994000059, 6.933435473000031 ], [ 79.864237597000056, 6.933640190000062 ], [ 79.864174299000069, 6.933857507000027 ], [ 79.864106585000059, 6.934015998000064 ], [ 79.864067592000083, 6.934125016000053 ], [ 79.86404157700008, 6.934206786000061 ], [ 79.864005469000062, 6.934308632000068 ], [ 79.863930373000073, 6.93451662700005 ], [ 79.863881534000029, 6.934624623000047 ], [ 79.86374617000007, 6.934535441000037 ], [ 79.863715117000083, 6.93449829900004 ], [ 79.863642168000069, 6.934461077000037 ], [ 79.863558137000041, 6.934584123000036 ], [ 79.863545628000054, 6.934599579000064 ], [ 79.863541588000032, 6.934604571000023 ], [ 79.86345945000005, 6.934706060000053 ], [ 79.863321170000063, 6.934623586000043 ], [ 79.862774392000063, 6.934330656000043 ], [ 79.862653714000032, 6.934502562000034 ], [ 79.862588414000072, 6.934596218000024 ], [ 79.862492473000032, 6.934687901000075 ], [ 79.862408048000077, 6.934766208000042 ], [ 79.862315949000049, 6.934852157000023 ], [ 79.862239164000073, 6.934941964000075 ], [ 79.862206479000065, 6.935006974000032 ], [ 79.862164191000033, 6.935085363000042 ], [ 79.86213527700005, 6.935181003000025 ], [ 79.862110275000077, 6.935234544000025 ], [ 79.862121663000039, 6.935288155000023 ], [ 79.862156090000042, 6.935313102000066 ], [ 79.86216943900007, 6.935343750000072 ], [ 79.86219804600006, 6.935406964000038 ], [ 79.862278115000038, 6.935600424000029 ], [ 79.862377249000076, 6.935839854000051 ], [ 79.862503153000034, 6.936102302000052 ], [ 79.862524979000057, 6.936162664000051 ], [ 79.862577315000067, 6.936307397000064 ], [ 79.862575312000047, 6.936307873000032 ], [ 79.862533978000044, 6.936317668000072 ], [ 79.862632129000076, 6.936613263000027 ], [ 79.862634828000068, 6.936621224000021 ], [ 79.862718957000084, 6.936868416000038 ], [ 79.862870644000054, 6.937227589000031 ], [ 79.862950624000064, 6.937608594000039 ], [ 79.863013916000057, 6.938009280000074 ], [ 79.863048458000037, 6.93825664700006 ], [ 79.863050392000048, 6.938274697000054 ], [ 79.863062580000076, 6.938341782000066 ], [ 79.863058092000074, 6.938346548000027 ], [ 79.863071835000085, 6.938474787000075 ], [ 79.86308512800008, 6.938620210000067 ], [ 79.863082518000056, 6.938706375000038 ], [ 79.863057504000039, 6.938821343000029 ], [ 79.863004429000057, 6.938987524000026 ], [ 79.862920681000048, 6.939199942000073 ], [ 79.862903961000029, 6.939236712000024 ], [ 79.862880189000066, 6.939269850000073 ], [ 79.862860515000079, 6.939289434000045 ], [ 79.862828035000064, 6.939276980000045 ], [ 79.862741638000045, 6.93924385400004 ], [ 79.862067440000033, 6.938985358000025 ], [ 79.862020295000036, 6.938966778000065 ], [ 79.861735425000063, 6.938854513000024 ], [ 79.861583513000085, 6.938795913000035 ], [ 79.861552144000029, 6.938783812000054 ], [ 79.861515976000078, 6.938769907000051 ], [ 79.861457916000063, 6.938753520000034 ], [ 79.861444034000044, 6.938795644000038 ], [ 79.861365984000031, 6.939032472000065 ], [ 79.861275008000064, 6.939382438000052 ], [ 79.86126770900006, 6.939410513000041 ], [ 79.861226737000038, 6.939615506000052 ], [ 79.861223599000084, 6.939626578000059 ], [ 79.861341150000044, 6.93966886100003 ], [ 79.861341500000037, 6.939668987000061 ], [ 79.861550290000082, 6.939743806000024 ], [ 79.861687464000056, 6.939792897000075 ], [ 79.861884595000049, 6.93986082300006 ], [ 79.862014356000032, 6.939906554000061 ], [ 79.862178363000055, 6.939977578000025 ], [ 79.862337122000042, 6.940048412000067 ], [ 79.862501767000083, 6.940116997000075 ], [ 79.86266424400003, 6.940183499000057 ], [ 79.862705922000032, 6.94020247800006 ], [ 79.862773376000064, 6.940228557000069 ], [ 79.862977218000083, 6.940288718000033 ], [ 79.863209268000048, 6.940361411000026 ], [ 79.864384340000072, 6.940688463000072 ], [ 79.864846073000081, 6.940828237000062 ], [ 79.865095881000059, 6.940903857000023 ], [ 79.865263070000083, 6.94095909300006 ], [ 79.865295189000051, 6.940969704000054 ], [ 79.865461180000068, 6.940620728000056 ], [ 79.865603123000085, 6.94030805400007 ], [ 79.865936356000077, 6.939618419000055 ], [ 79.866066560000036, 6.939339630000063 ], [ 79.866115642000068, 6.939225433000047 ], [ 79.866222659000073, 6.938958264000064 ], [ 79.866294697000058, 6.938764449000075 ], [ 79.866323243000068, 6.938647861000049 ], [ 79.866332426000042, 6.938577802000054 ], [ 79.866334720000054, 6.938514875000067 ], [ 79.866340494000042, 6.938429256000063 ], [ 79.866345543000079, 6.938250142000072 ], [ 79.866351130000055, 6.938188843000034 ], [ 79.86635115200005, 6.938188593000064 ], [ 79.866355158000033, 6.938144640000075 ], [ 79.866349942000056, 6.937938651000024 ], [ 79.866330058000074, 6.937785530000042 ], [ 79.866329696000037, 6.937779698000043 ], [ 79.866343749000066, 6.93772388900004 ], [ 79.866348914000071, 6.937673264000068 ], [ 79.866346038000074, 6.937568731000056 ], [ 79.866347442000063, 6.93740290300002 ], [ 79.86633616000006, 6.937010906000069 ], [ 79.866334252000058, 6.936732316000075 ], [ 79.866336666000052, 6.936637348000033 ], [ 79.866336894000085, 6.936628336000069 ], [ 79.866336397000055, 6.936604917000068 ], [ 79.866333724000071, 6.93653592000004 ], [ 79.866333234000081, 6.93649586600003 ], [ 79.866332928000077, 6.936470907000057 ], [ 79.866332159000081, 6.936408063000044 ], [ 79.866331840000043, 6.936389940000026 ], [ 79.866331561000038, 6.936374120000039 ], [ 79.866331443000036, 6.936367332000032 ], [ 79.866330788000084, 6.936330293000026 ] ] ] ] } },
{ "type": "Feature", "properties": { "Shape_Leng": 0.01789290136, "Shape_Area": 1.206684e-05, "ADM4_EN": "Aluthkade West", "ADM4_SI": "අලුත්කඩේ බටහිර", "ADM4_TA": null, "ADM4_PCODE": "LK1103105", "ADM4_REF": null, "ADM3_EN": "Colombo", "ADM3_SI": "කොළඹ", "ADM3_TA": "கொழும்பு", "ADM3_PCODE": "LK1103", "ADM2_EN": "Colombo", "ADM2_SI": "කොළඹ දිස්ත්‍රික්ක", "ADM2_TA": "கொழும்பு மாவட்டம்", "ADM2_PCODE": "LK11", "ADM1_EN": "Western", "ADM1_SI": "බස්නාහිර පළාත", "ADM1_TA": "மேல் மாகாணம் ", "ADM1_PCODE": "LK1", "ADM0_EN": "Sri Lanka", "ADM0_SI": "ශ්‍රී ලංකා", "ADM0_TA": "இலங்கை", "ADM0_PCODE": "LK", "date": "2022-08-02", "validOn": "2022-08-16", "validTo": null, "length_sum": 7942.0, "damage_sco": 0 }, "geometry": { "type": "MultiPolygon", "coordinates": [ [ [ [ 79.862870644000054, 6.937227589000031 ], [ 79.862848330000077, 6.937234212000021 ], [ 79.862740078000058, 6.937266343000033 ], [ 79.862725844000067, 6.93727056900002 ], [ 79.862416050000036, 6.937362524000037 ], [ 79.862311582000075, 6.93738664600005 ], [ 79.862177082000073, 6.937406010000075 ], [ 79.862086131000069, 6.937411982000071 ], [ 79.861915472000078, 6.937412468000048 ], [ 79.861615328000084, 6.937411979000046 ], [ 79.861554801000068, 6.937407793000034 ], [ 79.861325990000068, 6.937392162000037 ], [ 79.861007154000049, 6.937329494000039 ], [ 79.860926271000039, 6.937313596000024 ], [ 79.860889738000083, 6.937306416000069 ], [ 79.860899291000067, 6.937279398000044 ], [ 79.860902963000058, 6.93725254900005 ], [ 79.860904539000046, 6.937238197000056 ], [ 79.860912726000038, 6.93716368500003 ], [ 79.860912595000059, 6.937137915000051 ], [ 79.860828379000054, 6.936936476000028 ], [ 79.860729710000044, 6.936721988000045 ], [ 79.860680054000056, 6.936617456000022 ], [ 79.860653649000085, 6.936561797000024 ], [ 79.86051991800008, 6.936323552000033 ], [ 79.860425924000083, 6.936172638000073 ], [ 79.860267724000039, 6.935906497000076 ], [ 79.860219964000066, 6.935851248000063 ], [ 79.860204941000063, 6.935758899000064 ], [ 79.860176795000029, 6.935526915000025 ], [ 79.860140543000057, 6.935275656000044 ], [ 79.860131993000039, 6.935227477000069 ], [ 79.860112189000063, 6.935115882000048 ], [ 79.860102501000085, 6.935061286000064 ], [ 79.860087538000073, 6.934984491000023 ], [ 79.860023314000046, 6.934880292000059 ], [ 79.859948922000058, 6.934792801000071 ], [ 79.859889194000061, 6.934750189000056 ], [ 79.859828725000057, 6.934715621000066 ], [ 79.859744356000078, 6.934666794000066 ], [ 79.85969061600008, 6.934635694000065 ], [ 79.859578170000077, 6.934574533000045 ], [ 79.859519958000078, 6.934542503000046 ], [ 79.859435455000039, 6.934489986000074 ], [ 79.859311747000049, 6.934497613000076 ], [ 79.85929393400005, 6.934499006000067 ], [ 79.859181970000066, 6.93450776100002 ], [ 79.859079143000031, 6.934486368000023 ], [ 79.85903281800006, 6.934476730000029 ], [ 79.858908536000058, 6.93445334200004 ], [ 79.858799051000062, 6.934451142000057 ], [ 79.858653519000029, 6.934466954000072 ], [ 79.85850487600004, 6.934500485000058 ], [ 79.858481877000031, 6.934555325000076 ], [ 79.858432706000031, 6.934667985000033 ], [ 79.858415445000048, 6.934703397000021 ], [ 79.85833715800004, 6.934898373000067 ], [ 79.858303411000065, 6.935036381000032 ], [ 79.858283598000071, 6.935128934000033 ], [ 79.858267593000051, 6.935299041000064 ], [ 79.858260131000065, 6.935378359000026 ], [ 79.858268202000033, 6.935555780000072 ], [ 79.858272700000043, 6.935616189000029 ], [ 79.858284195000067, 6.935661151000033 ], [ 79.858336648000034, 6.935909729000059 ], [ 79.858397601000036, 6.936114468000028 ], [ 79.858425880000084, 6.936185445000035 ], [ 79.85847360300005, 6.936305223000033 ], [ 79.85853101400005, 6.936422970000024 ], [ 79.858623710000074, 6.936590067000054 ], [ 79.858636605000072, 6.936613510000029 ], [ 79.858720824000045, 6.936766122000051 ], [ 79.858721968000054, 6.936765399000024 ], [ 79.858737778000034, 6.936798330000045 ], [ 79.858760333000077, 6.936845310000024 ], [ 79.858784657000058, 6.936887830000046 ], [ 79.858821058000046, 6.936965422000071 ], [ 79.858866973000033, 6.937039566000067 ], [ 79.859033018000048, 6.937359011000069 ], [ 79.859034744000041, 6.937362330000042 ], [ 79.859071800000038, 6.937431211000046 ], [ 79.859107128000062, 6.937411388000044 ], [ 79.859137256000054, 6.937460996000027 ], [ 79.859307935000061, 6.937730148000071 ], [ 79.859457587000065, 6.937970593000045 ], [ 79.859488118000058, 6.938045341000077 ], [ 79.859504147000052, 6.938179194000043 ], [ 79.859500796000077, 6.938461120000056 ], [ 79.859337851000078, 6.939150625000025 ], [ 79.859330623000062, 6.939191661000052 ], [ 79.859381367000083, 6.93920233800003 ], [ 79.859621147000041, 6.939243617000045 ], [ 79.859719013000074, 6.939252229000033 ], [ 79.859952564000082, 6.939300670000023 ], [ 79.860239802000081, 6.93935011700006 ], [ 79.860470769000074, 6.93937425300004 ], [ 79.860518091000074, 6.93937597200005 ], [ 79.860572550000029, 6.939383039000063 ], [ 79.860631958000056, 6.939404856000067 ], [ 79.860718200000065, 6.939435107000065 ], [ 79.860745157000053, 6.939438773000063 ], [ 79.860833808000052, 6.939478729000029 ], [ 79.861067785000046, 6.939570533000051 ], [ 79.861223599000084, 6.939626578000059 ], [ 79.861226737000038, 6.939615506000052 ], [ 79.86126770900006, 6.939410513000041 ], [ 79.861275008000064, 6.939382438000052 ], [ 79.861365984000031, 6.939032472000065 ], [ 79.861444034000044, 6.938795644000038 ], [ 79.861457916000063, 6.938753520000034 ], [ 79.861515976000078, 6.938769907000051 ], [ 79.861552144000029, 6.938783812000054 ], [ 79.861583513000085, 6.938795913000035 ], [ 79.861735425000063, 6.938854513000024 ], [ 79.862020295000036, 6.938966778000065 ], [ 79.862067440000033, 6.938985358000025 ], [ 79.862741638000045, 6.93924385400004 ], [ 79.862828035000064, 6.939276980000045 ], [ 79.862860515000079, 6.939289434000045 ], [ 79.862880189000066, 6.939269850000073 ], [ 79.862903961000029, 6.939236712000024 ], [ 79.862920681000048, 6.939199942000073 ], [ 79.863004429000057, 6.938987524000026 ], [ 79.863057504000039, 6.938821343000029 ], [ 79.863082518000056, 6.938706375000038 ], [ 79.86308512800008, 6.938620210000067 ], [ 79.863071835000085, 6.938474787000075 ], [ 79.863058092000074, 6.938346548000027 ], [ 79.863062580000076, 6.938341782000066 ], [ 79.863050392000048, 6.938274697000054 ], [ 79.863048458000037, 6.93825664700006 ], [ 79.863013916000057, 6.938009280000074 ], [ 79.862950624000064, 6.937608594000039 ], [ 79.862870644000054, 6.937227589000031 ] ] ] ] } },
{ "type": "Feature", "properties": { "Shape_Leng": 0.02122798324, "Shape_Area": 1.950128e-05, "ADM4_EN": "Kochchikade South", "ADM4_SI": "කොච්චිකඩේ දකුණ", "ADM4_TA": null, "ADM4_PCODE": "LK1103110", "ADM4_REF": null, "ADM3_EN": "Colombo", "ADM3_SI": "කොළඹ", "ADM3_TA": "கொழும்பு", "ADM3_PCODE": "LK1103", "ADM2_EN": "Colombo", "ADM2_SI": "කොළඹ දිස්ත්‍රික්ක", "ADM2_TA": "கொழும்பு மாவட்டம்", "ADM2_PCODE": "LK11", "ADM1_EN": "Western", "ADM1_SI": "බස්නාහිර පළාත", "ADM1_TA": "மேல் மாகாணம் ", "ADM1_PCODE": "LK1", "ADM0_EN": "Sri Lanka", "ADM0_SI": "ශ්‍රී ලංකා", "ADM0_TA": "இலங்கை", "ADM0_PCODE": "LK", "date": "2022-08-02", "validOn": "2022-08-16", "validTo": null, "length_sum": 11746.0, "damage_sco": 1 }, "geometry": { "type": "MultiPolygon", "coordinates": [ [ [ [ 79.859330623000062, 6.939191661000052 ], [ 79.859337851000078, 6.939150625000025 ], [ 79.859500796000077, 6.938461120000056 ], [ 79.859504147000052, 6.938179194000043 ], [ 79.859488118000058, 6.938045341000077 ], [ 79.859457587000065, 6.937970593000045 ], [ 79.859307935000061, 6.937730148000071 ], [ 79.859137256000054, 6.937460996000027 ], [ 79.859107128000062, 6.937411388000044 ], [ 79.859071800000038, 6.937431211000046 ], [ 79.859034744000041, 6.937362330000042 ], [ 79.859033018000048, 6.937359011000069 ], [ 79.858866973000033, 6.937039566000067 ], [ 79.858821058000046, 6.936965422000071 ], [ 79.858784657000058, 6.936887830000046 ], [ 79.858760333000077, 6.936845310000024 ], [ 79.858737778000034, 6.936798330000045 ], [ 79.858721968000054, 6.936765399000024 ], [ 79.858720824000045, 6.936766122000051 ], [ 79.858636605000072, 6.936613510000029 ], [ 79.858623710000074, 6.936590067000054 ], [ 79.85853101400005, 6.936422970000024 ], [ 79.85847360300005, 6.936305223000033 ], [ 79.858425880000084, 6.936185445000035 ], [ 79.858397601000036, 6.936114468000028 ], [ 79.858336648000034, 6.935909729000059 ], [ 79.858284195000067, 6.935661151000033 ], [ 79.858272700000043, 6.935616189000029 ], [ 79.858230328000047, 6.935617406000063 ], [ 79.858215897000036, 6.935617819000072 ], [ 79.858213700000078, 6.93561788300002 ], [ 79.857819345000053, 6.935578872000065 ], [ 79.857668431000036, 6.935570262000056 ], [ 79.857637590000081, 6.935569931000032 ], [ 79.857555778000062, 6.935569049000037 ], [ 79.857428010000035, 6.935569254000029 ], [ 79.857369867000045, 6.935550063000051 ], [ 79.857289455000057, 6.935533271000054 ], [ 79.85723110400005, 6.935527279000041 ], [ 79.85723005400007, 6.935526835000076 ], [ 79.857141968000064, 6.935659331000068 ], [ 79.856854377000047, 6.93562255300003 ], [ 79.85664797700008, 6.935574306000035 ], [ 79.856453033000037, 6.93560960800005 ], [ 79.85581796200006, 6.935527934000049 ], [ 79.85579428300008, 6.935848201000056 ], [ 79.855727934000072, 6.936139137000055 ], [ 79.855724001000056, 6.936207306000028 ], [ 79.855705221000051, 6.936236425000061 ], [ 79.855704707000029, 6.936237223000035 ], [ 79.855646906000061, 6.936326695000048 ], [ 79.85564667500006, 6.93632705400006 ], [ 79.855606377000072, 6.936436295000021 ], [ 79.855610454000043, 6.93644680500006 ], [ 79.855666521000046, 6.936591302000068 ], [ 79.855676171000084, 6.936607777000063 ], [ 79.855700341000045, 6.936649236000051 ], [ 79.855738545000065, 6.936732408000069 ], [ 79.856192450000037, 6.937652142000047 ], [ 79.856205428000067, 6.937678389000041 ], [ 79.856217100000038, 6.937725521000061 ], [ 79.856395663000058, 6.938034564000077 ], [ 79.856543097000042, 6.938344810000046 ], [ 79.85670555400003, 6.938701112000047 ], [ 79.856633188000046, 6.938731473000075 ], [ 79.856582844000059, 6.938752595000039 ], [ 79.856566933000067, 6.938759670000024 ], [ 79.856180373000029, 6.938931571000069 ], [ 79.855995872000051, 6.939002713000036 ], [ 79.855552479000039, 6.939173679000021 ], [ 79.85554105600005, 6.939178083000058 ], [ 79.85549431700008, 6.939203219000035 ], [ 79.855465421000076, 6.939218716000028 ], [ 79.85513211500006, 6.939240584000061 ], [ 79.85505755500003, 6.939239896000061 ], [ 79.854633319000072, 6.939210590000073 ], [ 79.85455118200008, 6.939192114000036 ], [ 79.854549384000052, 6.939191709000056 ], [ 79.854480408000029, 6.939158029000055 ], [ 79.854467018000037, 6.939124416000027 ], [ 79.854435024000054, 6.939044102000025 ], [ 79.854273663000072, 6.939102742000046 ], [ 79.854273596000041, 6.93913701200006 ], [ 79.854273472000045, 6.939138248000063 ], [ 79.854271474000029, 6.939158256000042 ], [ 79.854263377000052, 6.939180575000023 ], [ 79.854258835000053, 6.939187265000044 ], [ 79.854244865000055, 6.939207846000045 ], [ 79.854244855000047, 6.939207891000024 ], [ 79.854244682000058, 6.93920865900003 ], [ 79.854239305000078, 6.939228089000039 ], [ 79.854227620000074, 6.939270738000062 ], [ 79.854226182000048, 6.939275986000041 ], [ 79.854222250000078, 6.939325421000035 ], [ 79.854216794000081, 6.939394004000064 ], [ 79.854217439000081, 6.939424175000056 ], [ 79.854221065000047, 6.939487470000074 ], [ 79.854267849000053, 6.939671928000053 ], [ 79.854323213000043, 6.939726198000074 ], [ 79.854318912000053, 6.939753654000071 ], [ 79.854307086000063, 6.939829157000077 ], [ 79.854508611000085, 6.939871981000067 ], [ 79.854531673000054, 6.939876883000068 ], [ 79.854567731000031, 6.939889024000024 ], [ 79.854613510000036, 6.939904439000031 ], [ 79.854616238000062, 6.93991541500003 ], [ 79.854641792000052, 6.940018243000054 ], [ 79.854700265000076, 6.94019485900003 ], [ 79.854855787000076, 6.940607948000036 ], [ 79.854860414000029, 6.94062023500004 ], [ 79.854955627000038, 6.940842132000057 ], [ 79.85501434400004, 6.940939719000028 ], [ 79.855084053000041, 6.941015356000037 ], [ 79.855151566000075, 6.941056901000024 ], [ 79.855233291000047, 6.941095940000025 ], [ 79.855329593000079, 6.941130486000077 ], [ 79.855798948000086, 6.941271639000036 ], [ 79.855985373000067, 6.941307265000034 ], [ 79.856173507000051, 6.941348140000059 ], [ 79.856353500000068, 6.941388002000053 ], [ 79.856666243000063, 6.941470892000041 ], [ 79.85687542800008, 6.941528804000029 ], [ 79.857543365000083, 6.941690234000021 ], [ 79.858000682000068, 6.941786965000063 ], [ 79.85804063900008, 6.941791337000041 ], [ 79.858087350000062, 6.941796447000058 ], [ 79.858141359000058, 6.941578087000039 ], [ 79.858166058000052, 6.94147822900004 ], [ 79.858256264000033, 6.941203252000037 ], [ 79.858326608000084, 6.941044792000071 ], [ 79.858378273000085, 6.940953204000039 ], [ 79.858525146000034, 6.940625713000031 ], [ 79.858547674000079, 6.940575483000032 ], [ 79.858594928000059, 6.940471952000053 ], [ 79.858682859000055, 6.940203212000029 ], [ 79.858771926000031, 6.939955088000033 ], [ 79.858773891000055, 6.939949008000042 ], [ 79.858787311000071, 6.939907466000022 ], [ 79.858866912000053, 6.939921060000074 ], [ 79.858923600000082, 6.939684498000076 ], [ 79.858944930000064, 6.939549609000039 ], [ 79.859012950000078, 6.939137212000048 ], [ 79.859235067000043, 6.939177597000025 ], [ 79.859251034000067, 6.93918050000002 ], [ 79.85928810300004, 6.939187239000034 ], [ 79.859330623000062, 6.939191661000052 ] ] ] ] } },
{ "type": "Feature", "properties": { "Shape_Leng": 0.06650214799, "Shape_Area": 7.562196e-05, "ADM4_EN": "Pettah", "ADM4_SI": "පිටකොටුව", "ADM4_TA": null, "ADM4_PCODE": "LK1103115", "ADM4_REF": null, "ADM3_EN": "Colombo", "ADM3_SI": "කොළඹ", "ADM3_TA": "கொழும்பு", "ADM3_PCODE": "LK1103", "ADM2_EN": "Colombo", "ADM2_SI": "කොළඹ දිස්ත්‍රික්ක", "ADM2_TA": "கொழும்பு மாவட்டம்", "ADM2_PCODE": "LK11", "ADM1_EN": "Western", "ADM1_SI": "බස්නාහිර පළාත", "ADM1_TA": "மேல் மாகாணம் ", "ADM1_PCODE": "LK1", "ADM0_EN": "Sri Lanka", "ADM0_SI": "ශ්‍රී ලංකා", "ADM0_TA": "இலங்கை", "ADM0_PCODE": "LK", "date": "2022-08-02", "validOn": "2022-08-16", "validTo": null, "length_sum": 33495.0, "damage_sco": 3 }, "geometry": { "type": "MultiPolygon", "coordinates": [ [ [ [ 79.856396339000071, 6.946543470000051 ], [ 79.856211236000036, 6.946006322000073 ], [ 79.856166816000041, 6.945908039000074 ], [ 79.856128141000056, 6.945787162000045 ], [ 79.856083344000069, 6.945650629000056 ], [ 79.856018396000081, 6.945452664000072 ], [ 79.855884962000061, 6.945155011000054 ], [ 79.855818674000034, 6.945041223000032 ], [ 79.855688542000053, 6.944809469000063 ], [ 79.855643953000083, 6.944723847000034 ], [ 79.855626593000068, 6.94470399000005 ], [ 79.855606747000081, 6.944671896000045 ], [ 79.855445017000079, 6.944453306000071 ], [ 79.855440866000038, 6.94444769200004 ], [ 79.855430457000068, 6.944448847000046 ], [ 79.855334429000038, 6.944459059000053 ], [ 79.855203652000057, 6.944423723000057 ], [ 79.855171115000076, 6.944404769000073 ], [ 79.855145715000049, 6.944389973000057 ], [ 79.855095983000069, 6.944325225000057 ], [ 79.855042862000062, 6.944234793000021 ], [ 79.854957034000051, 6.944071958000052 ], [ 79.854826315000082, 6.943821058000026 ], [ 79.854798250000044, 6.94376778700007 ], [ 79.854751306000082, 6.943678682000041 ], [ 79.854685647000053, 6.943567789000042 ], [ 79.854605066000033, 6.943452256000057 ], [ 79.854569640000079, 6.943405126000073 ], [ 79.854523657000072, 6.943343954000056 ], [ 79.854439625000055, 6.94323492500007 ], [ 79.854366246000041, 6.943139208000048 ], [ 79.854296703000045, 6.943024599000069 ], [ 79.85420311300004, 6.942852347000041 ], [ 79.854158859000052, 6.94276220200004 ], [ 79.854106946000059, 6.942661299000065 ], [ 79.854042119000042, 6.942535290000023 ], [ 79.853954691000069, 6.942358348000027 ], [ 79.853881766000029, 6.942214799000055 ], [ 79.853811552000082, 6.94207315500006 ], [ 79.853761340000062, 6.941975946000071 ], [ 79.853681924000057, 6.941820268000072 ], [ 79.853620910000075, 6.941693651000037 ], [ 79.853560775000062, 6.941580689000034 ], [ 79.853484963000085, 6.941433156000073 ], [ 79.853363529000035, 6.941201352000064 ], [ 79.853247129000067, 6.940986557000031 ], [ 79.853148884000063, 6.940834369000072 ], [ 79.853115948000038, 6.940790065000044 ], [ 79.853079211000079, 6.94074064800003 ], [ 79.853163110000082, 6.940731860000028 ], [ 79.853250887000058, 6.94072931900007 ], [ 79.853363180000031, 6.94073035100007 ], [ 79.853385621000029, 6.940727055000025 ], [ 79.853388705000043, 6.94072660300003 ], [ 79.853406190000044, 6.940715606000026 ], [ 79.853418360000035, 6.940692752000075 ], [ 79.853426766000041, 6.940650904000051 ], [ 79.853483729000061, 6.940255787000069 ], [ 79.853534944000046, 6.939930643000025 ], [ 79.853527393000036, 6.939719225000033 ], [ 79.853381717000048, 6.939675979000071 ], [ 79.853283039000075, 6.939646685000071 ], [ 79.853302115000076, 6.939562178000074 ], [ 79.853350982000052, 6.939395753000042 ], [ 79.853496322000069, 6.938900768000053 ], [ 79.853507924000041, 6.93885986500004 ], [ 79.853521469000043, 6.938812115000076 ], [ 79.853620614000079, 6.938822992000041 ], [ 79.853620892000038, 6.938823024000044 ], [ 79.853667457000086, 6.938841333000028 ], [ 79.853980275000083, 6.938978476000045 ], [ 79.854081886000074, 6.939028044000054 ], [ 79.854113385000062, 6.939023041000041 ], [ 79.854129680000085, 6.939019096000038 ], [ 79.854153036000071, 6.93901398600002 ], [ 79.854169776000049, 6.939013838000051 ], [ 79.854214918000082, 6.939019261000055 ], [ 79.854237245000036, 6.939031420000049 ], [ 79.854254488000038, 6.939051708000022 ], [ 79.854263600000081, 6.939065922000054 ], [ 79.854270614000029, 6.939088269000024 ], [ 79.854273663000072, 6.939102742000046 ], [ 79.854435024000054, 6.939044102000025 ], [ 79.854467018000037, 6.939124416000027 ], [ 79.854480408000029, 6.939158029000055 ], [ 79.854549384000052, 6.939191709000056 ], [ 79.85455118200008, 6.939192114000036 ], [ 79.854633319000072, 6.939210590000073 ], [ 79.85505755500003, 6.939239896000061 ], [ 79.85513211500006, 6.939240584000061 ], [ 79.855465421000076, 6.939218716000028 ], [ 79.85549431700008, 6.939203219000035 ], [ 79.85554105600005, 6.939178083000058 ], [ 79.855552479000039, 6.939173679000021 ], [ 79.855995872000051, 6.939002713000036 ], [ 79.856180373000029, 6.938931571000069 ], [ 79.856566933000067, 6.938759670000024 ], [ 79.856582844000059, 6.938752595000039 ], [ 79.856633188000046, 6.938731473000075 ], [ 79.85670555400003, 6.938701112000047 ], [ 79.856543097000042, 6.938344810000046 ], [ 79.856395663000058, 6.938034564000077 ], [ 79.856217100000038, 6.937725521000061 ], [ 79.856205428000067, 6.937678389000041 ], [ 79.856192450000037, 6.937652142000047 ], [ 79.855738545000065, 6.936732408000069 ], [ 79.855700341000045, 6.936649236000051 ], [ 79.855676171000084, 6.936607777000063 ], [ 79.855666521000046, 6.936591302000068 ], [ 79.855610454000043, 6.93644680500006 ], [ 79.855606377000072, 6.936436295000021 ], [ 79.85564667500006, 6.93632705400006 ], [ 79.855646906000061, 6.936326695000048 ], [ 79.855704707000029, 6.936237223000035 ], [ 79.855705221000051, 6.936236425000061 ], [ 79.855724001000056, 6.936207306000028 ], [ 79.855727934000072, 6.936139137000055 ], [ 79.85579428300008, 6.935848201000056 ], [ 79.85581796200006, 6.935527934000049 ], [ 79.855825068000058, 6.935431845000039 ], [ 79.855851061000067, 6.935080278000044 ], [ 79.855867036000063, 6.935007972000051 ], [ 79.855870486000072, 6.934955444000025 ], [ 79.85587772100007, 6.934817658000043 ], [ 79.855863286000044, 6.93470243400003 ], [ 79.855849247000037, 6.934616507000044 ], [ 79.85572981200005, 6.934333982000055 ], [ 79.855682768000065, 6.93423496500003 ], [ 79.855676913000082, 6.934222641000076 ], [ 79.855637621000085, 6.934139943000048 ], [ 79.855618426000035, 6.934099486000036 ], [ 79.855643242000042, 6.934087689000023 ], [ 79.855887146000043, 6.933971610000071 ], [ 79.855972976000032, 6.933899711000038 ], [ 79.856074954000064, 6.933805962000065 ], [ 79.856428480000034, 6.933434024000064 ], [ 79.856786680000084, 6.933078279000028 ], [ 79.857201989000032, 6.932668754000076 ], [ 79.857320938000043, 6.932549086000051 ], [ 79.857404816000042, 6.932456838000064 ], [ 79.857426708000048, 6.932435287000033 ], [ 79.857489185000077, 6.932373787000074 ], [ 79.857527459000039, 6.932336109000062 ], [ 79.857565047000037, 6.932299107000063 ], [ 79.857248293000055, 6.932306396000058 ], [ 79.857071586000075, 6.932317539000053 ], [ 79.856951157000083, 6.93238089700003 ], [ 79.855755534000082, 6.932805397000038 ], [ 79.854540607000047, 6.933173388000057 ], [ 79.854169544000058, 6.93331082800006 ], [ 79.854145951000078, 6.933319568000059 ], [ 79.853790070000059, 6.933451384000023 ], [ 79.853647742000078, 6.93350410100004 ], [ 79.853453298000034, 6.933576122000034 ], [ 79.852909169000043, 6.933725743000025 ], [ 79.852341488000036, 6.933862549000025 ], [ 79.852106014000071, 6.933924660000059 ], [ 79.851309441000069, 6.934123572000033 ], [ 79.851303822000034, 6.934125830000028 ], [ 79.851299614000084, 6.934127520000061 ], [ 79.851240165000036, 6.934151377000035 ], [ 79.851236996000068, 6.934152637000068 ], [ 79.851166056000068, 6.934151776000022 ], [ 79.851014555000063, 6.934166038000058 ], [ 79.850788876000081, 6.934216685000024 ], [ 79.850738049000086, 6.934203023000066 ], [ 79.850702689000059, 6.934192591000055 ], [ 79.850598600000069, 6.934161881000023 ], [ 79.850490250000064, 6.934135267000045 ], [ 79.850246534000064, 6.934108299000059 ], [ 79.850053900000034, 6.934103855000046 ], [ 79.849863411000058, 6.934111800000039 ], [ 79.849714907000077, 6.934120101000076 ], [ 79.84950850000007, 6.93413547800003 ], [ 79.849458070000082, 6.934139235000032 ], [ 79.849423952000052, 6.934141777000036 ], [ 79.84909463200006, 6.934164010000075 ], [ 79.848921146000066, 6.934176872000023 ], [ 79.848604779000084, 6.934190903000058 ], [ 79.848333423000042, 6.934185399000057 ], [ 79.848211284000058, 6.934176932000071 ], [ 79.84815326100005, 6.934171496000033 ], [ 79.848125519000064, 6.934168897000063 ], [ 79.848091259000057, 6.934163144000024 ], [ 79.847867293000036, 6.934125533000042 ], [ 79.847860999000034, 6.93418242000007 ], [ 79.847854667000036, 6.934239655000056 ], [ 79.847850910000034, 6.934239674000025 ], [ 79.847712067000032, 6.935098143000062 ], [ 79.847623757000065, 6.936446144000058 ], [ 79.847612929000036, 6.936627263000048 ], [ 79.847602400000085, 6.936803402000066 ], [ 79.847592509000037, 6.936968848000049 ], [ 79.847585369000058, 6.937088302000063 ], [ 79.847582842000065, 6.937130557000046 ], [ 79.847581165000065, 6.937158613000065 ], [ 79.847565597000084, 6.93741903800003 ], [ 79.847479283000041, 6.938102284000024 ], [ 79.847481635000065, 6.938103408000075 ], [ 79.847753355000066, 6.93823317600004 ], [ 79.847773324000059, 6.938246352000021 ], [ 79.847951970000054, 6.938371845000063 ], [ 79.847982884000032, 6.938387729000056 ], [ 79.848129017000076, 6.93847656500003 ], [ 79.848129118000031, 6.938476627000057 ], [ 79.847947677000036, 6.938761729000021 ], [ 79.847987433000071, 6.938790741000048 ], [ 79.848172930000032, 6.938514508000026 ], [ 79.848499396000079, 6.938746554000033 ], [ 79.848499494000066, 6.938746623000043 ], [ 79.848235926000029, 6.939152910000075 ], [ 79.84829938200005, 6.939185855000062 ], [ 79.848567183000057, 6.938790247000043 ], [ 79.848865104000083, 6.938996196000062 ], [ 79.848865204000049, 6.938996266000061 ], [ 79.848422680000056, 6.939665596000054 ], [ 79.848497882000061, 6.939708422000024 ], [ 79.848937297000077, 6.939052568000022 ], [ 79.848950190000039, 6.939033323000046 ], [ 79.848975051000082, 6.939051773000074 ], [ 79.849107046000086, 6.939149730000054 ], [ 79.849184531000049, 6.939042642000061 ], [ 79.849252663000073, 6.93908927800004 ], [ 79.84919885100004, 6.939195626000071 ], [ 79.849198710000053, 6.939196113000037 ], [ 79.84920990300003, 6.939203483000028 ], [ 79.849186131000067, 6.939239232000034 ], [ 79.849171783000031, 6.939260808000029 ], [ 79.84917187700006, 6.93926089100006 ], [ 79.848981760000072, 6.939546791000055 ], [ 79.849013115000048, 6.939569277000032 ], [ 79.849200766000081, 6.939286548000041 ], [ 79.849200852000081, 6.939286624000033 ], [ 79.84923845600008, 6.939230008000038 ], [ 79.849257522000073, 6.939243906000058 ], [ 79.849247309000077, 6.939264343000048 ], [ 79.849247166000055, 6.939264837000053 ], [ 79.849450611000066, 6.939377566000076 ], [ 79.849409496000078, 6.93943759900003 ], [ 79.849394848000031, 6.939458907000073 ], [ 79.848711420000029, 6.940453090000062 ], [ 79.848789674000045, 6.940507676000038 ], [ 79.848892719000048, 6.940357531000075 ], [ 79.848892811000042, 6.940357592000055 ], [ 79.849575076000065, 6.939364759000057 ], [ 79.849630637000075, 6.939407564000021 ], [ 79.849407429000053, 6.939761702000055 ], [ 79.849407259000031, 6.939762191000057 ], [ 79.849432663000073, 6.939774177000061 ], [ 79.849655301000041, 6.939429476000043 ], [ 79.849710824000056, 6.939473918000033 ], [ 79.849713092000059, 6.939475734000041 ], [ 79.849778987000036, 6.939528478000057 ], [ 79.849779074000082, 6.939528548000055 ], [ 79.849662418000037, 6.93972317500004 ], [ 79.849686789000032, 6.939741425000022 ], [ 79.84968699500007, 6.939741580000032 ], [ 79.849498708000056, 6.940012528000068 ], [ 79.849498432000075, 6.940012926000065 ], [ 79.849623123000072, 6.940096056000073 ], [ 79.849624367000047, 6.940096887000038 ], [ 79.849811998000064, 6.940221977000022 ], [ 79.84974154300005, 6.940324873000066 ], [ 79.849727001000076, 6.940346109000075 ], [ 79.849727100000052, 6.940346188000035 ], [ 79.84923268700004, 6.941068246000043 ], [ 79.849280763000081, 6.941100801000061 ], [ 79.84986606800004, 6.94025081500007 ], [ 79.850046335000059, 6.940374612000028 ], [ 79.850046438000049, 6.940374683000073 ], [ 79.849684713000045, 6.940908542000045 ], [ 79.849702508000064, 6.940924310000071 ], [ 79.850066223000056, 6.940391176000048 ], [ 79.850144559000057, 6.940441537000027 ], [ 79.850144666000062, 6.940441606000036 ], [ 79.85001081300004, 6.940638098000022 ], [ 79.850023376000081, 6.940645989000075 ], [ 79.850140808000049, 6.94047044000007 ], [ 79.850172984000039, 6.94049039600003 ], [ 79.850340541000037, 6.940251703000058 ], [ 79.850355333000039, 6.940230632000066 ], [ 79.850387673000057, 6.940184561000024 ], [ 79.850597501000038, 6.940329643000041 ], [ 79.850690576000034, 6.940394102000027 ], [ 79.85085386600008, 6.940507186000048 ], [ 79.851039392000075, 6.940632058000062 ], [ 79.851060354000083, 6.940647650000074 ], [ 79.851072643000066, 6.940656898000043 ], [ 79.851124422000055, 6.940692082000055 ], [ 79.851194369000041, 6.940739509000025 ], [ 79.851238469000066, 6.940769433000071 ], [ 79.851270817000056, 6.940791196000021 ], [ 79.851285629000074, 6.940801555000064 ], [ 79.851206348000062, 6.940922496000042 ], [ 79.851192199000081, 6.94094407800003 ], [ 79.851192295000033, 6.940944154000022 ], [ 79.851104758000076, 6.941077686000028 ], [ 79.85115644900003, 6.941112691000058 ], [ 79.851165405000074, 6.941112889000067 ], [ 79.851250420000042, 6.94099140700007 ], [ 79.851265176000084, 6.940970322000055 ], [ 79.851349609000067, 6.94084967200007 ], [ 79.851762443000041, 6.941157727000075 ], [ 79.851978235000047, 6.94135363700002 ], [ 79.852202789000046, 6.941603634000046 ], [ 79.852274357000056, 6.941699890000052 ], [ 79.852294290000032, 6.941725692000034 ], [ 79.85229457500003, 6.941726062000043 ], [ 79.85207117300007, 6.941835715000025 ], [ 79.852048023000066, 6.941847078000023 ], [ 79.851698416000033, 6.942018677000021 ], [ 79.851358882000056, 6.94175380400003 ], [ 79.85133651700005, 6.941760905000024 ], [ 79.850687273000062, 6.942084069000032 ], [ 79.849881333000042, 6.942485225000041 ], [ 79.849881406000065, 6.942494360000069 ], [ 79.850683315000083, 6.944108490000076 ], [ 79.850741632000052, 6.94422587300005 ], [ 79.851375348000033, 6.945506740000042 ], [ 79.851442680000048, 6.945641598000066 ], [ 79.851870554000072, 6.94649826400007 ], [ 79.852337444000057, 6.947440361000076 ], [ 79.85253934800005, 6.947844391000046 ], [ 79.852548173000059, 6.947885732000032 ], [ 79.85510950500003, 6.946914389000028 ], [ 79.85511185200005, 6.946935179000036 ], [ 79.855562389000056, 6.946806256000059 ], [ 79.855767352000044, 6.946744287000058 ], [ 79.855852441000081, 6.946718560000022 ], [ 79.855895972000042, 6.946706723000034 ], [ 79.85610317700008, 6.94665090500007 ], [ 79.856119982000052, 6.946627014000057 ], [ 79.856396339000071, 6.946543470000051 ] ] ] ] } },
{ "type": "Feature", "properties": { "Shape_Leng": 0.22928809925, "Shape_Area": 0.00061066231, "ADM4_EN": "Fort", "ADM4_SI": "කොටුව", "ADM4_TA": null, "ADM4_PCODE": "LK1103120", "ADM4_REF": null, "ADM3_EN": "Colombo", "ADM3_SI": "කොළඹ", "ADM3_TA": "கொழும்பு", "ADM3_PCODE": "LK1103", "ADM2_EN": "Colombo", "ADM2_SI": "කොළඹ දිස්ත්‍රික්ක", "ADM2_TA": "கொழும்பு மாவட்டம்", "ADM2_PCODE": "LK11", "ADM1_EN": "Western", "ADM1_SI": "බස්නාහිර පළාත", "ADM1_TA": "மேல் மாகாணம் ", "ADM1_PCODE": "LK1", "ADM0_EN": "Sri Lanka", "ADM0_SI": "ශ්‍රී ලංකා", "ADM0_TA": "இலங்கை", "ADM0_PCODE": "LK", "date": "2022-08-02", "validOn": "2022-08-16", "validTo": null, "length_sum": 41697.0, "damage_sco": 4 }, "geometry": { "type": "MultiPolygon", "coordinates": [ [ [ [ 79.847479283000041, 6.938102284000024 ], [ 79.847565597000084, 6.93741903800003 ], [ 79.847581165000065, 6.937158613000065 ], [ 79.847582842000065, 6.937130557000046 ], [ 79.847585369000058, 6.937088302000063 ], [ 79.847592509000037, 6.936968848000049 ], [ 79.847602400000085, 6.936803402000066 ], [ 79.847612929000036, 6.936627263000048 ], [ 79.847623757000065, 6.936446144000058 ], [ 79.847712067000032, 6.935098143000062 ], [ 79.847850910000034, 6.934239674000025 ], [ 79.847854667000036, 6.934239655000056 ], [ 79.847860999000034, 6.93418242000007 ], [ 79.847867293000036, 6.934125533000042 ], [ 79.848091259000057, 6.934163144000024 ], [ 79.848125519000064, 6.934168897000063 ], [ 79.84815326100005, 6.934171496000033 ], [ 79.848211284000058, 6.934176932000071 ], [ 79.848333423000042, 6.934185399000057 ], [ 79.848604779000084, 6.934190903000058 ], [ 79.848921146000066, 6.934176872000023 ], [ 79.84909463200006, 6.934164010000075 ], [ 79.849423952000052, 6.934141777000036 ], [ 79.849458070000082, 6.934139235000032 ], [ 79.84950850000007, 6.93413547800003 ], [ 79.849714907000077, 6.934120101000076 ], [ 79.849863411000058, 6.934111800000039 ], [ 79.850053900000034, 6.934103855000046 ], [ 79.850246534000064, 6.934108299000059 ], [ 79.850490250000064, 6.934135267000045 ], [ 79.850598600000069, 6.934161881000023 ], [ 79.850702689000059, 6.934192591000055 ], [ 79.850738049000086, 6.934203023000066 ], [ 79.850788876000081, 6.934216685000024 ], [ 79.851014555000063, 6.934166038000058 ], [ 79.851166056000068, 6.934151776000022 ], [ 79.851236996000068, 6.934152637000068 ], [ 79.851240165000036, 6.934151377000035 ], [ 79.851299614000084, 6.934127520000061 ], [ 79.851303822000034, 6.934125830000028 ], [ 79.851309441000069, 6.934123572000033 ], [ 79.852106014000071, 6.933924660000059 ], [ 79.852341488000036, 6.933862549000025 ], [ 79.852909169000043, 6.933725743000025 ], [ 79.853453298000034, 6.933576122000034 ], [ 79.853647742000078, 6.93350410100004 ], [ 79.853790070000059, 6.933451384000023 ], [ 79.854145951000078, 6.933319568000059 ], [ 79.853867533000084, 6.932310554000026 ], [ 79.853351653000061, 6.930601927000055 ], [ 79.853277600000069, 6.929553204000058 ], [ 79.853087142000049, 6.929617484000062 ], [ 79.851118740000061, 6.929822479000052 ], [ 79.850724704000072, 6.92917637000005 ], [ 79.850710469000035, 6.92915302800003 ], [ 79.850611990000061, 6.928893284000026 ], [ 79.850435022000056, 6.928646647000051 ], [ 79.850372221000043, 6.928403575000061 ], [ 79.850138788000038, 6.927968325000052 ], [ 79.850119437000046, 6.927927084000032 ], [ 79.850101881000057, 6.927881570000068 ], [ 79.850071495000066, 6.927827076000028 ], [ 79.850006921000045, 6.927764831000047 ], [ 79.849780660000079, 6.927557961000048 ], [ 79.849776596000083, 6.927554245000067 ], [ 79.849756480000053, 6.927510025000061 ], [ 79.849734333000072, 6.927461334000043 ], [ 79.849728843000037, 6.927449264000074 ], [ 79.849722383000085, 6.927441245000068 ], [ 79.849711117000084, 6.927427257000033 ], [ 79.849650132000079, 6.927351547000058 ], [ 79.849507344000074, 6.927260486000023 ], [ 79.849414878000061, 6.927209670000025 ], [ 79.849350335000054, 6.927177174000064 ], [ 79.848929598000041, 6.927030324000043 ], [ 79.848845735000054, 6.927003196000044 ], [ 79.848752993000062, 6.926973195000073 ], [ 79.848654834000058, 6.92696468500003 ], [ 79.848474252000074, 6.926860169000065 ], [ 79.848420102000034, 6.926827567000032 ], [ 79.848399203000042, 6.92681791900003 ], [ 79.848373975000072, 6.926869828000065 ], [ 79.848277516000053, 6.927057263000052 ], [ 79.848199228000055, 6.927205038000068 ], [ 79.848094385000081, 6.927366136000046 ], [ 79.848047482000084, 6.927438208000069 ], [ 79.847964650000051, 6.927550708000069 ], [ 79.847921282000073, 6.927609578000045 ], [ 79.84774227500003, 6.927855806000025 ], [ 79.847576142000037, 6.928088494000065 ], [ 79.847530489000064, 6.928160109000032 ], [ 79.847380927000074, 6.928386590000059 ], [ 79.847299317000079, 6.928521248000038 ], [ 79.847252750000052, 6.928608329000042 ], [ 79.847237348000078, 6.92862870600004 ], [ 79.847156294000058, 6.92878870100003 ], [ 79.847150013000032, 6.928800446000025 ], [ 79.847100075000071, 6.928888507000067 ], [ 79.84709362600006, 6.92890052000007 ], [ 79.847012345000053, 6.929052450000029 ], [ 79.846882122000068, 6.929290995000031 ], [ 79.846740724000085, 6.929553299000077 ], [ 79.846556102000079, 6.929893371000048 ], [ 79.846404427000039, 6.930181877000052 ], [ 79.846309547000033, 6.930392371000039 ], [ 79.84626039300008, 6.930514415000061 ], [ 79.846212401000059, 6.930504287000076 ], [ 79.846133365000071, 6.930487606000042 ], [ 79.845695014000057, 6.930395095000051 ], [ 79.84523486900008, 6.930189639000048 ], [ 79.843968873000051, 6.930127777000052 ], [ 79.842696685000078, 6.929998674000046 ], [ 79.842620006000061, 6.929986595000059 ], [ 79.842571523000061, 6.92997895700006 ], [ 79.842526206000059, 6.929971819000059 ], [ 79.842508931000054, 6.929969098000072 ], [ 79.842437208000035, 6.929957799000022 ], [ 79.842410291000078, 6.930028853000067 ], [ 79.842359123000051, 6.930163922000077 ], [ 79.842314090000059, 6.930131657000061 ], [ 79.842272288000061, 6.930095308000034 ], [ 79.842234089000044, 6.930055196000069 ], [ 79.842220743000041, 6.930040310000038 ], [ 79.842132667000044, 6.929942068000059 ], [ 79.842034274000071, 6.929826571000035 ], [ 79.842034139000077, 6.929826412000068 ], [ 79.842051118000029, 6.929718378000075 ], [ 79.842052012000067, 6.929712685000027 ], [ 79.841992189000052, 6.929609882000022 ], [ 79.841954130000033, 6.929521764000071 ], [ 79.841946302000053, 6.929500371000074 ], [ 79.841925582000044, 6.929443745000071 ], [ 79.841920249000054, 6.929428500000029 ], [ 79.841915957000083, 6.92941623300004 ], [ 79.841883634000055, 6.92924907500003 ], [ 79.84187819400006, 6.929064718000063 ], [ 79.841836572000034, 6.928859695000028 ], [ 79.84173091200006, 6.928339229000073 ], [ 79.841568290000055, 6.927538171000037 ], [ 79.841531777000057, 6.92735831400006 ], [ 79.84138826700007, 6.926651401000072 ], [ 79.841422861000069, 6.92660058000007 ], [ 79.841451375000076, 6.926546119000022 ], [ 79.841473429000075, 6.92648874200006 ], [ 79.841488730000037, 6.926429210000038 ], [ 79.841497073000085, 6.926368312000022 ], [ 79.841498350000052, 6.926306861000057 ], [ 79.841492544000062, 6.926245671000061 ], [ 79.841479729000071, 6.926185555000075 ], [ 79.841454179000038, 6.926085844000056 ], [ 79.841423474000067, 6.925967775000061 ], [ 79.841395014000057, 6.925860898000053 ], [ 79.841341688000057, 6.92575123000006 ], [ 79.841282233000072, 6.925644756000054 ], [ 79.841216840000072, 6.925541815000031 ], [ 79.841145720000043, 6.92544274100004 ], [ 79.841069100000084, 6.925347849000048 ], [ 79.840987226000038, 6.925257445000057 ], [ 79.84090036200007, 6.92517181900007 ], [ 79.840808784000046, 6.925091244000043 ], [ 79.840712789000065, 6.925015981000058 ], [ 79.840612683000074, 6.924946270000021 ], [ 79.840508787000033, 6.924882334000074 ], [ 79.840401436000036, 6.924824380000075 ], [ 79.840295404000074, 6.924768031000042 ], [ 79.84018640000005, 6.924717663000024 ], [ 79.840074761000039, 6.924673433000066 ], [ 79.839960831000042, 6.924635477000038 ], [ 79.839844967000033, 6.924603911000077 ], [ 79.839727523000079, 6.924578836000023 ], [ 79.839608867000038, 6.924560328000041 ], [ 79.839489363000041, 6.924548444000038 ], [ 79.839369384000065, 6.924543221000022 ], [ 79.839249300000063, 6.924544676000039 ], [ 79.839129481000043, 6.924552804000029 ], [ 79.83901030100003, 6.92456758000003 ], [ 79.838892129000044, 6.924588956000036 ], [ 79.838827103000085, 6.924606034000021 ], [ 79.83876080400006, 6.924617193000074 ], [ 79.838693769000031, 6.924622343000067 ], [ 79.838626542000043, 6.924621443000035 ], [ 79.838559668000073, 6.924614500000075 ], [ 79.838493691000053, 6.92460157000005 ], [ 79.838429148000046, 6.924582758000042 ], [ 79.838366560000054, 6.924558218000072 ], [ 79.837038171000074, 6.923420243000066 ], [ 79.836839783000073, 6.923250291000045 ], [ 79.836824934000049, 6.923190152000075 ], [ 79.836804031000042, 6.923131836000039 ], [ 79.836777289000054, 6.923075953000023 ], [ 79.836744987000031, 6.923023084000022 ], [ 79.836707463000039, 6.922973780000063 ], [ 79.836665106000055, 6.922928554000066 ], [ 79.836618358000067, 6.922887875000072 ], [ 79.836567706000039, 6.92285217400007 ], [ 79.836422049000078, 6.922765852000055 ], [ 79.836273363000032, 6.922684848000074 ], [ 79.836121843000058, 6.922609272000045 ], [ 79.835895790000052, 6.922547566000048 ], [ 79.835727601000031, 6.922464125000033 ], [ 79.835554728000034, 6.922403879000058 ], [ 79.835379621000072, 6.922350458000039 ], [ 79.835257727000055, 6.922318437000058 ], [ 79.835202553000045, 6.922303945000067 ], [ 79.835023794000051, 6.922264409000036 ], [ 79.834843620000072, 6.922231913000076 ], [ 79.834662310000056, 6.922206506000066 ], [ 79.834480141000085, 6.922188228000039 ], [ 79.834439109000073, 6.92218573100007 ], [ 79.834297395000078, 6.922177107000039 ], [ 79.83420293100005, 6.922175068000058 ], [ 79.834114354000064, 6.922173158000021 ], [ 79.830680252000036, 6.922182230000033 ], [ 79.830402961000061, 6.922186515000021 ], [ 79.830125877000057, 6.922198024000068 ], [ 79.829849187000036, 6.92221674700005 ], [ 79.829573081000035, 6.922242675000064 ], [ 79.82929774400003, 6.922275786000057 ], [ 79.829023364000079, 6.922316060000071 ], [ 79.82875013000006, 6.92236347100004 ], [ 79.828478224000037, 6.922417984000049 ], [ 79.828207834000068, 6.922479562000035 ], [ 79.827939142000048, 6.922548165000023 ], [ 79.827145078000058, 6.922795627000028 ], [ 79.826884994000068, 6.922891813000035 ], [ 79.826627508000058, 6.922994742000071 ], [ 79.826372795000054, 6.92310434500007 ], [ 79.826121028000045, 6.923220547000028 ], [ 79.825872379000032, 6.923343270000032 ], [ 79.825627016000055, 6.923472429000071 ], [ 79.825385107000045, 6.923607937000043 ], [ 79.82514681400005, 6.923749703000055 ], [ 79.82491230200003, 6.92389762800002 ], [ 79.824681730000066, 6.924051613000074 ], [ 79.824455253000053, 6.924211554000067 ], [ 79.824233026000059, 6.924377341000024 ], [ 79.824015201000066, 6.924548863000041 ], [ 79.823801925000055, 6.924726 ], [ 79.823593342000038, 6.924908635000065 ], [ 79.823575653000034, 6.924924958000076 ], [ 79.823389596000084, 6.925096642000028 ], [ 79.82319082500004, 6.925289894000059 ], [ 79.822997163000082, 6.925488260000066 ], [ 79.822808742000063, 6.925691603000075 ], [ 79.822625692000031, 6.925899787000048 ], [ 79.822448135000059, 6.92611266800003 ], [ 79.82227619300005, 6.926330104000044 ], [ 79.822109982000029, 6.926551947000064 ], [ 79.82194961700003, 6.92677804300007 ], [ 79.821795204000068, 6.927008243000046 ], [ 79.821646851000082, 6.927242386000046 ], [ 79.821609461000037, 6.927304950000064 ], [ 79.821504659000084, 6.927480316000072 ], [ 79.82149455800004, 6.927498262000029 ], [ 79.821368721000056, 6.927721869000038 ], [ 79.821239132000073, 6.927966882000021 ], [ 79.821115981000048, 6.928215188000024 ], [ 79.820999349000033, 6.928466617000026 ], [ 79.82088931800007, 6.928721001000042 ], [ 79.82078596100007, 6.928978166000036 ], [ 79.820689350000066, 6.92923793500006 ], [ 79.820599549000065, 6.929500134000023 ], [ 79.820516620000035, 6.929764583000065 ], [ 79.820440620000056, 6.930031102000044 ], [ 79.820371598000065, 6.930299512000033 ], [ 79.820309603000055, 6.930569629000047 ], [ 79.820254678000083, 6.930841268000052 ], [ 79.820206859000052, 6.931114247000039 ], [ 79.820166179000068, 6.931388378000065 ], [ 79.820132666000063, 6.931663477000029 ], [ 79.820106341000042, 6.931939356000044 ], [ 79.820087224000076, 6.932215825000071 ], [ 79.82007532800003, 6.932492700000068 ], [ 79.820070658000077, 6.932769790000066 ], [ 79.820064529000035, 6.935848015000033 ], [ 79.82006315600006, 6.936537361000035 ], [ 79.82005588100003, 6.940188599000066 ], [ 79.819960772000059, 6.940465495000069 ], [ 79.819964222000067, 6.940533078000044 ], [ 79.819974803000036, 6.940599918000032 ], [ 79.819992398000068, 6.940665264000074 ], [ 79.820016809000037, 6.940728386000046 ], [ 79.820047761000069, 6.940788575000056 ], [ 79.820084909000059, 6.940845157000069 ], [ 79.820127834000061, 6.940897495000058 ], [ 79.820176058000072, 6.940945007000039 ], [ 79.820229037000047, 6.940987156000062 ], [ 79.820286181000085, 6.94102347200004 ], [ 79.820346845000074, 6.941053547000024 ], [ 79.820410353000057, 6.941077045000043 ], [ 79.820475990000034, 6.941093701000057 ], [ 79.820543023000084, 6.941103328000054 ], [ 79.820610697000063, 6.941105819000029 ], [ 79.820678255000075, 6.941101146000051 ], [ 79.820744942000033, 6.941089362000071 ], [ 79.820810007000034, 6.941070598000067 ], [ 79.822016483000084, 6.942169642000067 ], [ 79.822247424000068, 6.942380018000051 ], [ 79.822729098000082, 6.942818798000076 ], [ 79.822857672000055, 6.942935922000061 ], [ 79.823079749000044, 6.943138223000062 ], [ 79.823111361000031, 6.943167019000043 ], [ 79.823151624000047, 6.943203698000048 ], [ 79.823157658000071, 6.943209194000076 ], [ 79.823171681000076, 6.943221967000056 ], [ 79.823172275000047, 6.943222576000039 ], [ 79.823157904000084, 6.943245668000031 ], [ 79.823156920000031, 6.943247249000024 ], [ 79.823118694000073, 6.943308669000032 ], [ 79.823088970000072, 6.943361011000036 ], [ 79.823067599000069, 6.943398644000069 ], [ 79.823034442000051, 6.943457033000072 ], [ 79.822956226000031, 6.943608661000042 ], [ 79.822884172000045, 6.94376330800003 ], [ 79.822834099000033, 6.943927135000024 ], [ 79.822699252000064, 6.944368316000066 ], [ 79.822697624000057, 6.944373035000069 ], [ 79.822539112000072, 6.945045497000024 ], [ 79.822501714000055, 6.945312059000059 ], [ 79.822480911000071, 6.94565508200003 ], [ 79.82247863200007, 6.947142886000051 ], [ 79.822479538000039, 6.948474238000074 ], [ 79.822473292000041, 6.949791219000076 ], [ 79.822470655000075, 6.950401399000043 ], [ 79.822466560000066, 6.951348633000066 ], [ 79.822465951000083, 6.951650618000031 ], [ 79.82246273800007, 6.953243375000056 ], [ 79.822468045000051, 6.954626155000028 ], [ 79.822468294000032, 6.954768189000049 ], [ 79.822468418000085, 6.95483875900004 ], [ 79.822468490000063, 6.95487987100006 ], [ 79.822463921000065, 6.955134427000075 ], [ 79.822459894000076, 6.955358723000074 ], [ 79.82245824000006, 6.955450908000046 ], [ 79.822458606000055, 6.955477482000049 ], [ 79.822463398000082, 6.955826297000044 ], [ 79.822463491000065, 6.95583305100007 ], [ 79.822464502000059, 6.955906665000043 ], [ 79.822466595000037, 6.955999032000022 ], [ 79.822470576000057, 6.956174687000043 ], [ 79.822471365000069, 6.956209569000066 ], [ 79.822474396000075, 6.956343290000063 ], [ 79.822477204000052, 6.95652476500004 ], [ 79.82247969000008, 6.956685408000055 ], [ 79.822508943000059, 6.956977776000031 ], [ 79.822564681000074, 6.957185430000038 ], [ 79.822566424000058, 6.957191919000024 ], [ 79.822608068000079, 6.957317603000035 ], [ 79.822661629000038, 6.957470823000051 ], [ 79.822739064000075, 6.957657582000024 ], [ 79.822756660000039, 6.957686231000025 ], [ 79.822836905000031, 6.957816871000034 ], [ 79.822987259000058, 6.958055214000069 ], [ 79.823029476000045, 6.958100810000076 ], [ 79.823221382000042, 6.958308080000052 ], [ 79.823466776000032, 6.958551303000036 ], [ 79.823507918000075, 6.958592082000052 ], [ 79.823844759000053, 6.958925943000054 ], [ 79.823971845000074, 6.959051905000024 ], [ 79.82435177800005, 6.959435866000035 ], [ 79.824759929000038, 6.959848342000043 ], [ 79.825080900000046, 6.960172714000066 ], [ 79.825250766000067, 6.960344380000038 ], [ 79.82560983500008, 6.960707253000066 ], [ 79.826095199000065, 6.961197757000036 ], [ 79.826531051000075, 6.961638224000069 ], [ 79.826911171000063, 6.962022369000067 ], [ 79.827335792000042, 6.962451484000042 ], [ 79.827464702000043, 6.962581757000066 ], [ 79.828013623000061, 6.963132245000054 ], [ 79.828170078000085, 6.963289148000058 ], [ 79.828214411000033, 6.963333606000049 ], [ 79.828235272000029, 6.963354526000046 ], [ 79.828298971000038, 6.963418407000063 ], [ 79.828560197000058, 6.963680378000049 ], [ 79.828606427000068, 6.963726740000027 ], [ 79.828754629000059, 6.963875363000056 ], [ 79.828872820000072, 6.96399389100003 ], [ 79.828986777000068, 6.96411289200006 ], [ 79.829128876000084, 6.964261283000042 ], [ 79.829188201000079, 6.964323235000052 ], [ 79.829353070000082, 6.964493143000027 ], [ 79.829451263000067, 6.96459433800004 ], [ 79.829697144000079, 6.964838134000047 ], [ 79.829841650000049, 6.964983522000068 ], [ 79.829862387000048, 6.965004386000032 ], [ 79.829947316000073, 6.965089833000036 ], [ 79.830165940000029, 6.965314196000065 ], [ 79.830336618000047, 6.965482042000076 ], [ 79.830565233000073, 6.965706864000026 ], [ 79.830702864000045, 6.965845658000035 ], [ 79.830791091000037, 6.96590683900007 ], [ 79.830893008000032, 6.965945081000029 ], [ 79.830958373000044, 6.965944495000031 ], [ 79.831058280000036, 6.965910962000066 ], [ 79.831154685000058, 6.965833643000053 ], [ 79.831192193000049, 6.965754769000057 ], [ 79.831210328000054, 6.965665809000029 ], [ 79.831206846000043, 6.965611256000045 ], [ 79.831169697000064, 6.965510703000064 ], [ 79.83112671400005, 6.965453918000037 ], [ 79.831077949000075, 6.965415064000069 ], [ 79.830982511000059, 6.965368940000076 ], [ 79.830958090000081, 6.965368173000059 ], [ 79.830877620000081, 6.96538021300006 ], [ 79.830817266000054, 6.965389423000033 ], [ 79.83075485300003, 6.965351260000034 ], [ 79.830408607000038, 6.965011090000075 ], [ 79.830245, 6.964856825000027 ], [ 79.830086710000046, 6.964707573000055 ], [ 79.829955885000061, 6.964583350000055 ], [ 79.829832206000049, 6.964465913000026 ], [ 79.829535402000033, 6.96418613000003 ], [ 79.82953410500005, 6.964183626000022 ], [ 79.829516800000079, 6.964150207000046 ], [ 79.829524801000048, 6.964099984000029 ], [ 79.829627457000072, 6.963991466000039 ], [ 79.829663722000078, 6.963953131000039 ], [ 79.829811541000083, 6.963798447000045 ], [ 79.829803616000049, 6.963789646000066 ], [ 79.829774953000083, 6.963757924000049 ], [ 79.829734218000056, 6.963712842000064 ], [ 79.829727884000079, 6.963707120000038 ], [ 79.829684665000059, 6.963740690000066 ], [ 79.829663398000037, 6.96375647800005 ], [ 79.82964041200006, 6.963757150000049 ], [ 79.829584845000056, 6.963704844000063 ], [ 79.829560984000068, 6.963682383000048 ], [ 79.829392597000037, 6.963523877000057 ], [ 79.829381990000059, 6.963513090000049 ], [ 79.829381087000058, 6.963512170000058 ], [ 79.829290841000045, 6.963420395000071 ], [ 79.829259381000043, 6.963388399000053 ], [ 79.82904374900005, 6.963169109000034 ], [ 79.828836955000043, 6.962959283000032 ], [ 79.828715560000035, 6.962836110000069 ], [ 79.82836158300006, 6.962476946000038 ], [ 79.828301620000047, 6.962416433000044 ], [ 79.828260087000046, 6.962374520000026 ], [ 79.828021987000056, 6.962134236000054 ], [ 79.827856824000037, 6.961967557000037 ], [ 79.827812666000057, 6.961923256000034 ], [ 79.827392160000045, 6.961501388000045 ], [ 79.827137896000067, 6.961246299000038 ], [ 79.82708623700006, 6.961194474000024 ], [ 79.826870313000029, 6.960977849000074 ], [ 79.826700944000038, 6.960807932000023 ], [ 79.826522771000043, 6.960632334000024 ], [ 79.826349905000029, 6.960461968000061 ], [ 79.826193179000029, 6.960307506000049 ], [ 79.825953988000037, 6.960064160000059 ], [ 79.825769071000082, 6.959876030000032 ], [ 79.825668673000052, 6.959779254000068 ], [ 79.825387499000044, 6.959508226000025 ], [ 79.825376794000078, 6.95949790800006 ], [ 79.825312064000059, 6.959435514000063 ], [ 79.825009475000059, 6.959125293000056 ], [ 79.824902898000062, 6.959016028000065 ], [ 79.824645126000064, 6.958762327000045 ], [ 79.824430976000031, 6.958551560000046 ], [ 79.824215294000055, 6.958335173000023 ], [ 79.824138277000031, 6.958257907000075 ], [ 79.824004697000078, 6.958119215000067 ], [ 79.823881436000079, 6.957991239000023 ], [ 79.823594699000068, 6.957709559000023 ], [ 79.823568256000044, 6.957669751000026 ], [ 79.823509955000077, 6.957581986000037 ], [ 79.823445513000081, 6.957484975000057 ], [ 79.823375770000041, 6.957353368000042 ], [ 79.823313944000063, 6.957236700000067 ], [ 79.82327259200008, 6.957158667000044 ], [ 79.823186394000061, 6.95686543000005 ], [ 79.82317829200008, 6.956794011000056 ], [ 79.823171596000066, 6.956734975000074 ], [ 79.823159929000042, 6.956632121000041 ], [ 79.823158439000053, 6.956260637000071 ], [ 79.823157937000076, 6.956135703000029 ], [ 79.823158572000068, 6.95608422600003 ], [ 79.823162896000042, 6.955733636000048 ], [ 79.823165808000056, 6.955497556000068 ], [ 79.823166796000066, 6.95540481300003 ], [ 79.823169733000043, 6.95512892000005 ], [ 79.823170239000035, 6.955081294000024 ], [ 79.823165170000038, 6.954627558000027 ], [ 79.823155525000061, 6.954244156000073 ], [ 79.823157058000049, 6.953484346000039 ], [ 79.823160424000037, 6.952764730000069 ], [ 79.823169211000049, 6.952205892000052 ], [ 79.823173814000029, 6.95165204400007 ], [ 79.823174269000049, 6.951597286000037 ], [ 79.82317008900003, 6.950820238000063 ], [ 79.823167654000031, 6.950224328000047 ], [ 79.823167523000052, 6.950192478000076 ], [ 79.82316800500007, 6.949953242000049 ], [ 79.823178003000066, 6.949744649000024 ], [ 79.823176408000052, 6.94958579300004 ], [ 79.823176604000082, 6.949488185000064 ], [ 79.823163374000046, 6.949400119000074 ], [ 79.823169347000032, 6.949287211000069 ], [ 79.823167609000052, 6.949199169000053 ], [ 79.823177006000037, 6.94903959100003 ], [ 79.823177525000062, 6.949030766000021 ], [ 79.823179630000084, 6.948936991000039 ], [ 79.823180262000051, 6.948623114000043 ], [ 79.823176879000073, 6.948401096000055 ], [ 79.823175326000069, 6.948221187000058 ], [ 79.823172609000039, 6.948063499000057 ], [ 79.823171896000076, 6.948022136000077 ], [ 79.823168409000061, 6.947851793000041 ], [ 79.823180394000076, 6.947606839000059 ], [ 79.823183308000068, 6.947111148000033 ], [ 79.823179839000034, 6.946931234000033 ], [ 79.823185939000041, 6.946755169000028 ], [ 79.82319003300006, 6.946625033000032 ], [ 79.823238471000082, 6.946349531000067 ], [ 79.823304208000081, 6.946043440000039 ], [ 79.823346838000077, 6.945798548000027 ], [ 79.823429771000065, 6.945513546000029 ], [ 79.823501, 6.945333783000024 ], [ 79.823558775000038, 6.945176960000026 ], [ 79.823677905000068, 6.944987725000033 ], [ 79.82385653700004, 6.944735449000063 ], [ 79.823843211000053, 6.944695232000072 ], [ 79.823808847000066, 6.944639660000064 ], [ 79.823991198000044, 6.944442895000066 ], [ 79.82424824900005, 6.944244367000067 ], [ 79.824346050000031, 6.944185232000052 ], [ 79.824505016000046, 6.944187466000074 ], [ 79.824625688000083, 6.944183880000026 ], [ 79.824780978000035, 6.944155826000042 ], [ 79.824838382000053, 6.94418321400002 ], [ 79.824915898000029, 6.944210643000076 ], [ 79.82500925100004, 6.944219443000065 ], [ 79.825124239000047, 6.944185223000034 ], [ 79.825214826000035, 6.944140908000065 ], [ 79.825255148000053, 6.944090749000054 ], [ 79.82528977700008, 6.944014741000046 ], [ 79.825282739000045, 6.943942955000068 ], [ 79.825238372000058, 6.943861048000031 ], [ 79.825199706000035, 6.943802119000054 ], [ 79.825191217000054, 6.943737507000037 ], [ 79.825260349000075, 6.943647215000055 ], [ 79.82530064000008, 6.943612846000065 ], [ 79.82538254800005, 6.943598656000063 ], [ 79.825544853000054, 6.943607594000071 ], [ 79.825623824000047, 6.94362497700007 ], [ 79.82564528000006, 6.943670953000037 ], [ 79.825671078000084, 6.943699714000047 ], [ 79.825757697000085, 6.943724289000045 ], [ 79.82578449600004, 6.943731998000032 ], [ 79.825800749000052, 6.943745429000046 ], [ 79.825804511000058, 6.943779886000073 ], [ 79.825804455000082, 6.94380763700002 ], [ 79.825774712000054, 6.943835329000024 ], [ 79.825772259000075, 6.944103030000065 ], [ 79.825771050000071, 6.944610081000064 ], [ 79.825769839000031, 6.945117132000064 ], [ 79.825784569000064, 6.945173622000027 ], [ 79.825813168000082, 6.945239230000027 ], [ 79.825848432000043, 6.945323511000026 ], [ 79.825882834000083, 6.945360422000022 ], [ 79.825943567000081, 6.945399301000066 ], [ 79.825975133000043, 6.945417546000044 ], [ 79.826037316000054, 6.945450206000032 ], [ 79.826070336000043, 6.945459842000048 ], [ 79.826096175000032, 6.945468507000044 ], [ 79.826161760000048, 6.945475814000076 ], [ 79.826263747000041, 6.945477455000059 ], [ 79.826375812000038, 6.945468111000025 ], [ 79.826489783000056, 6.945463314000051 ], [ 79.826656190000051, 6.945456471000057 ], [ 79.826711249000084, 6.945460170000047 ], [ 79.826761542000042, 6.945451897000055 ], [ 79.826792716000057, 6.945426840000039 ], [ 79.826823535000074, 6.945405425000047 ], [ 79.827138068000068, 6.94540605100002 ], [ 79.82754970700006, 6.945406872000035 ], [ 79.827548937000074, 6.945791366000037 ], [ 79.827598888000068, 6.945791459000077 ], [ 79.829380818000061, 6.945794071000023 ], [ 79.830610446000037, 6.945798680000053 ], [ 79.832582426000045, 6.945808352000029 ], [ 79.832582419000062, 6.945812378000028 ], [ 79.834410762000061, 6.945810033000043 ], [ 79.836885713000072, 6.945814944000062 ], [ 79.838394016000052, 6.945823912000037 ], [ 79.838387540000042, 6.945792228000073 ], [ 79.838394229000073, 6.94540201600006 ], [ 79.83839006900007, 6.945336409000049 ], [ 79.838414090000072, 6.945336334000046 ], [ 79.839097546000062, 6.945334220000063 ], [ 79.839263514000038, 6.94647674600003 ], [ 79.838937795000049, 6.946533518000024 ], [ 79.839137024000081, 6.947725314000024 ], [ 79.839380884000036, 6.949108588000058 ], [ 79.839773642000068, 6.95146943900005 ], [ 79.83983401200004, 6.951814060000061 ], [ 79.840477083000053, 6.951696910000067 ], [ 79.840342285000077, 6.950853331000076 ], [ 79.84018238200008, 6.949991762000025 ], [ 79.840699652000069, 6.949928190000037 ], [ 79.840681757000084, 6.949816679000037 ], [ 79.84048406200003, 6.948618623000073 ], [ 79.840443592000042, 6.948373378000042 ], [ 79.84042566100004, 6.948264709000057 ], [ 79.840289314000074, 6.947452352000028 ], [ 79.840067169000065, 6.946128808000026 ], [ 79.84020206100007, 6.946106921000023 ], [ 79.842133207000074, 6.945793567000067 ], [ 79.842208463000077, 6.945812252000053 ], [ 79.842244245000074, 6.945878352000022 ], [ 79.842268235000063, 6.946096584000031 ], [ 79.842319362000069, 6.946393817000057 ], [ 79.842291755000076, 6.94655309500007 ], [ 79.842268354000055, 6.946764056000063 ], [ 79.842230455000049, 6.947042453000051 ], [ 79.842245987000069, 6.947178850000057 ], [ 79.842317594000065, 6.947289519000037 ], [ 79.84248253100003, 6.947421902000031 ], [ 79.843014703000051, 6.947811951000062 ], [ 79.843390535000083, 6.948082552000074 ], [ 79.843490849000034, 6.948204760000067 ], [ 79.843545093000046, 6.948378554000044 ], [ 79.843646494000041, 6.948678757000039 ], [ 79.843710720000047, 6.948889891000022 ], [ 79.843723154000031, 6.949141115000032 ], [ 79.843758769000033, 6.949291904000063 ], [ 79.843800127000065, 6.949444140000026 ], [ 79.843779682000047, 6.949613480000039 ], [ 79.843802395000068, 6.949751326000069 ], [ 79.843850959000065, 6.949854297000059 ], [ 79.843866769000044, 6.949887817000047 ], [ 79.843989989000079, 6.950050264000026 ], [ 79.844077341000059, 6.950189671000032 ], [ 79.84414021300006, 6.950359176000063 ], [ 79.844164085000045, 6.950637695000069 ], [ 79.844191039000066, 6.950809999000057 ], [ 79.844230899000081, 6.950993812000036 ], [ 79.844271782000078, 6.951387199000067 ], [ 79.844286962000069, 6.951703022000061 ], [ 79.844300611000051, 6.952066212000034 ], [ 79.84432053300003, 6.952162424000051 ], [ 79.844357811000066, 6.952198383000052 ], [ 79.84439926400006, 6.952210703000048 ], [ 79.84443437200008, 6.952770083000075 ], [ 79.844447252000066, 6.953035632000024 ], [ 79.844455049000032, 6.953196384000023 ], [ 79.844459706000066, 6.953292403000034 ], [ 79.844495153000082, 6.954023248000055 ], [ 79.844501895000064, 6.954150825000056 ], [ 79.844515044000048, 6.954399615000057 ], [ 79.844526347000055, 6.954637347000073 ], [ 79.844527904000074, 6.954670087000068 ], [ 79.844536873000038, 6.954676258000063 ], [ 79.844539933000078, 6.954739069000027 ], [ 79.844519497000078, 6.954740225000023 ], [ 79.844519133000063, 6.954813123000065 ], [ 79.844481453000071, 6.954909332000057 ], [ 79.844396308000057, 6.955126740000026 ], [ 79.844390301000033, 6.955134004000058 ], [ 79.843540146000066, 6.956162248000055 ], [ 79.84324001300007, 6.956525250000027 ], [ 79.843128627000056, 6.956656657000053 ], [ 79.843031452000048, 6.956771300000071 ], [ 79.842236350000064, 6.957709317000024 ], [ 79.842112555000085, 6.957855363000021 ], [ 79.84181077900007, 6.958211381000069 ], [ 79.841607577000048, 6.958447321000051 ], [ 79.841184504000069, 6.958938552000063 ], [ 79.841096514000071, 6.958874343000048 ], [ 79.83994023200006, 6.960256833000074 ], [ 79.839252439000063, 6.959687153000061 ], [ 79.839870722000057, 6.95895196400005 ], [ 79.839782939000031, 6.958783695000022 ], [ 79.838939864000054, 6.959766579000075 ], [ 79.838883376000069, 6.959974584000065 ], [ 79.838931091000063, 6.960150777000024 ], [ 79.839130898000064, 6.960383303000071 ], [ 79.839562761000082, 6.960744360000035 ], [ 79.839730907000046, 6.960784716000035 ], [ 79.83992319500004, 6.960769088000063 ], [ 79.840051509000034, 6.960697301000039 ], [ 79.840220099000078, 6.960513531000061 ], [ 79.841606712000043, 6.958867119000047 ], [ 79.841842077000081, 6.958587655000031 ], [ 79.843391851000035, 6.956709654000065 ], [ 79.844563846000085, 6.955304519000038 ], [ 79.844594443000062, 6.955906347000052 ], [ 79.844599495000068, 6.955922866000037 ], [ 79.844612168000083, 6.955941218000021 ], [ 79.844642307000072, 6.955965839000044 ], [ 79.844686087000071, 6.95596787900007 ], [ 79.844718392000061, 6.955954874000042 ], [ 79.844732554000075, 6.955944227000032 ], [ 79.844750606000048, 6.955906941000023 ], [ 79.84475119800004, 6.955880380000053 ], [ 79.844868088000055, 6.955803308000043 ], [ 79.844861335000076, 6.955792813000073 ], [ 79.844834852000076, 6.95575165200006 ], [ 79.844715349000069, 6.955825017000052 ], [ 79.84469824200005, 6.955817051000054 ], [ 79.844681482000055, 6.955813134000039 ], [ 79.844668054000067, 6.955526644000031 ], [ 79.844654133000063, 6.955342313000074 ], [ 79.844662826000047, 6.955324837000035 ], [ 79.844659765000074, 6.955266401000074 ], [ 79.84465453200005, 6.955166545000054 ], [ 79.844652224000072, 6.955122501000062 ], [ 79.844628980000039, 6.954679038000052 ], [ 79.844639508000057, 6.954670309000051 ], [ 79.844638969000073, 6.954651770000055 ], [ 79.844578354000078, 6.953307559000052 ], [ 79.844862800000044, 6.95323933700007 ], [ 79.845111357000064, 6.95315908200007 ], [ 79.845278991000043, 6.953138479000074 ], [ 79.845326733000036, 6.953210345000059 ], [ 79.845395496000037, 6.953246365000041 ], [ 79.845455368000046, 6.953237511000054 ], [ 79.845497220000084, 6.953261517000044 ], [ 79.845586808000064, 6.95336037900006 ], [ 79.845618209000065, 6.953382997000062 ], [ 79.845677072000058, 6.953379257000051 ], [ 79.845717325000066, 6.953364024000052 ], [ 79.845742286000075, 6.953332495000041 ], [ 79.845749064000074, 6.953295187000037 ], [ 79.845737664000069, 6.953248274000032 ], [ 79.845705156000065, 6.953221414000041 ], [ 79.845720544000073, 6.953169991000038 ], [ 79.845796737000057, 6.952915371000074 ], [ 79.845738363000066, 6.952893247000077 ], [ 79.845617965000031, 6.953226831000052 ], [ 79.845593100000031, 6.953224823000028 ], [ 79.845466955000063, 6.953088210000033 ], [ 79.845179426000072, 6.952695235000022 ], [ 79.845085736000044, 6.952541284000063 ], [ 79.84495847900007, 6.952332176000027 ], [ 79.844977343000039, 6.952319170000067 ], [ 79.844899877000046, 6.952182778000065 ], [ 79.844876684000042, 6.952187111000057 ], [ 79.844870738000054, 6.952166714000043 ], [ 79.844864792000067, 6.952146316000039 ], [ 79.844854053000063, 6.952109481000036 ], [ 79.84534427400007, 6.952016962000073 ], [ 79.845486355000048, 6.95199014800005 ], [ 79.845990743000073, 6.951903578000042 ], [ 79.846013837000044, 6.951847642000075 ], [ 79.846178200000054, 6.951810654000042 ], [ 79.846235159000059, 6.951797835000036 ], [ 79.846182339000052, 6.951484102000052 ], [ 79.846117227000036, 6.951097354000069 ], [ 79.846100265000075, 6.950996604000068 ], [ 79.846070209000061, 6.950819459000058 ], [ 79.846050564000052, 6.950703680000061 ], [ 79.84608625900006, 6.950696916000027 ], [ 79.846126224000045, 6.950691559000063 ], [ 79.846126800000036, 6.950652153000021 ], [ 79.84633659900004, 6.950618115000054 ], [ 79.846224487000029, 6.949920278000036 ], [ 79.846240439000042, 6.949915971000053 ], [ 79.84622420900007, 6.949846062000063 ], [ 79.846114835000037, 6.949122902000056 ], [ 79.846081285000082, 6.948901070000034 ], [ 79.845971765000058, 6.948270986000068 ], [ 79.845887756000081, 6.947692043000075 ], [ 79.845820487000083, 6.94724939200006 ], [ 79.845643603000042, 6.946227656000076 ], [ 79.845555490000038, 6.945630075000054 ], [ 79.845534391000058, 6.945486989000074 ], [ 79.845306999000059, 6.944150309000065 ], [ 79.845122079000078, 6.942890301000034 ], [ 79.844995701000073, 6.942183599000032 ], [ 79.844699561000084, 6.941204216000074 ], [ 79.844687730000032, 6.941168516000062 ], [ 79.844564092000041, 6.940795430000037 ], [ 79.84452174200004, 6.940659173000029 ], [ 79.844326104000061, 6.940710983000031 ], [ 79.844402740000078, 6.94098434700004 ], [ 79.844409316000053, 6.941007802000058 ], [ 79.844270981000079, 6.94092230900003 ], [ 79.844166605000055, 6.94085780100005 ], [ 79.843933114000038, 6.940889639000034 ], [ 79.843847735000054, 6.940904191000072 ], [ 79.843835462000072, 6.940810275000047 ], [ 79.843820229000073, 6.940688267000041 ], [ 79.843798014000072, 6.940573750000055 ], [ 79.843772570000056, 6.940444220000074 ], [ 79.843752217000031, 6.94032642600007 ], [ 79.843750830000033, 6.940318403000049 ], [ 79.843749409000054, 6.940308135000066 ], [ 79.843745388000059, 6.940279060000023 ], [ 79.843742790000078, 6.940266305000023 ], [ 79.84372174300006, 6.940247456000066 ], [ 79.843513284000039, 6.940098124000031 ], [ 79.843489128000044, 6.940097353000056 ], [ 79.843467581000084, 6.94014749400003 ], [ 79.84344956800004, 6.94019664800004 ], [ 79.84340561700003, 6.940275679000024 ], [ 79.843376935000038, 6.940319929000054 ], [ 79.843353433000061, 6.940322053000045 ], [ 79.843334852000055, 6.940323732000024 ], [ 79.843287217000068, 6.940298321000057 ], [ 79.843237153000075, 6.940264497000044 ], [ 79.842927866000082, 6.940082866000068 ], [ 79.842903080000042, 6.940032363000057 ], [ 79.842898679000029, 6.939969874000042 ], [ 79.842925157000082, 6.939895420000028 ], [ 79.842974210000079, 6.939814047000027 ], [ 79.843132415000071, 6.939551597000047 ], [ 79.843413485000042, 6.939725923000026 ], [ 79.843442968000033, 6.939667654000061 ], [ 79.843469171000038, 6.939616368000031 ], [ 79.84333614600007, 6.939542675000041 ], [ 79.843254829000045, 6.939497627000037 ], [ 79.843173511000032, 6.939452577000054 ], [ 79.84335840500006, 6.939125328000046 ], [ 79.843368755000085, 6.93913940300007 ], [ 79.843667616000062, 6.93954579800004 ], [ 79.843702867000047, 6.93951415600003 ], [ 79.84379382000003, 6.939441230000057 ], [ 79.843606943000054, 6.93917629200007 ], [ 79.844278632000055, 6.938989539000033 ], [ 79.84440433900005, 6.939484294000067 ], [ 79.84450048900004, 6.939456904000053 ], [ 79.84437994600006, 6.938958632000038 ], [ 79.844550831000049, 6.938908543000025 ], [ 79.844851207000033, 6.93882049900003 ], [ 79.844980121000049, 6.939281627000071 ], [ 79.844999878000067, 6.939276862000042 ], [ 79.845073393000064, 6.93925684200002 ], [ 79.844955102000085, 6.938800872000058 ], [ 79.845083972000054, 6.938765149000062 ], [ 79.84521284200008, 6.938729425000076 ], [ 79.845221571000081, 6.938727006000022 ], [ 79.84525812000004, 6.938716874000022 ], [ 79.845346670000083, 6.93902612100004 ], [ 79.845376241000054, 6.939129391000051 ], [ 79.845931344000064, 6.941067990000022 ], [ 79.845931374000031, 6.941068100000052 ], [ 79.84624391400007, 6.942167964000021 ], [ 79.846270727000046, 6.942243788000042 ], [ 79.846276398000043, 6.942259172000036 ], [ 79.846286621000047, 6.942260275000024 ], [ 79.846299472000055, 6.942259035000063 ], [ 79.846962575000077, 6.942068644000074 ], [ 79.847067872000082, 6.942038468000021 ], [ 79.847387734000051, 6.941950484000074 ], [ 79.847397882000053, 6.941944445000047 ], [ 79.847401431000037, 6.94193432700007 ], [ 79.84740335500004, 6.941921852000064 ], [ 79.847400071000038, 6.941910004000022 ], [ 79.847201011000038, 6.941191763000063 ], [ 79.847070452000082, 6.940723311000056 ], [ 79.84692920100008, 6.940216497000051 ], [ 79.846457910000083, 6.938574897000024 ], [ 79.846371992000059, 6.938276159000054 ], [ 79.846368036000058, 6.93826240900006 ], [ 79.846384154000077, 6.938256652000064 ], [ 79.847075676000031, 6.938060258000064 ], [ 79.847235568000031, 6.938012829000058 ], [ 79.847269115000074, 6.938001911000072 ], [ 79.847322937000058, 6.938027616000056 ], [ 79.847334595000063, 6.938033184000062 ], [ 79.847479283000041, 6.938102284000024 ] ] ] ] } },
{ "type": "Feature", "properties": { "Shape_Leng": 0.03757501835, "Shape_Area": 5.58621e-05, "ADM4_EN": "Galle Face", "ADM4_SI": "ගාලුමුවදොර", "ADM4_TA": null, "ADM4_PCODE": "LK1103125", "ADM4_REF": null, "ADM3_EN": "Colombo", "ADM3_SI": "කොළඹ", "ADM3_TA": "கொழும்பு", "ADM3_PCODE": "LK1103", "ADM2_EN": "Colombo", "ADM2_SI": "කොළඹ දිස්ත්‍රික්ක", "ADM2_TA": "கொழும்பு மாவட்டம்", "ADM2_PCODE": "LK11", "ADM1_EN": "Western", "ADM1_SI": "බස්නාහිර පළාත", "ADM1_TA": "மேல் மாகாணம் ", "ADM1_PCODE": "LK1", "ADM0_EN": "Sri Lanka", "ADM0_SI": "ශ්‍රී ලංකා", "ADM0_TA": "இலங்கை", "ADM0_PCODE": "LK", "date": "2022-08-02", "validOn": "2022-08-16", "validTo": null, "length_sum": 20771.0, "damage_sco": 2 }, "geometry": { "type": "MultiPolygon", "coordinates": [ [ [ [ 79.848399203000042, 6.92681791900003 ], [ 79.848484355000039, 6.926642702000038 ], [ 79.848490069000036, 6.926630945000056 ], [ 79.848546978000059, 6.926525207000054 ], [ 79.848724580000066, 6.926140095000051 ], [ 79.848871204000034, 6.925842265000028 ], [ 79.849031485000069, 6.925500969000041 ], [ 79.849148245000038, 6.925251546000027 ], [ 79.849205790000042, 6.925113767000028 ], [ 79.849213310000039, 6.925094424000065 ], [ 79.849220613000057, 6.925075638000067 ], [ 79.849312212000029, 6.924829602000045 ], [ 79.84936371200007, 6.924636745000043 ], [ 79.849399838000068, 6.924485633000074 ], [ 79.849436689000072, 6.924288316000059 ], [ 79.849448518000031, 6.924220897000055 ], [ 79.849469035000084, 6.924128043000053 ], [ 79.849493251000069, 6.923961090000034 ], [ 79.849524434000045, 6.923746108000046 ], [ 79.849526184000069, 6.923761917000036 ], [ 79.849526768000032, 6.923761993000028 ], [ 79.849531692000085, 6.923733863000052 ], [ 79.84964166900005, 6.923760208000033 ], [ 79.849892330000046, 6.923796322000044 ], [ 79.850075595000078, 6.92382470900003 ], [ 79.850324857000032, 6.923835322000059 ], [ 79.850510070000041, 6.923839390000069 ], [ 79.850687417000074, 6.92384447400002 ], [ 79.850692747000039, 6.92384462800004 ], [ 79.850723036000034, 6.923763489000066 ], [ 79.850742228000058, 6.923712078000051 ], [ 79.850748589000034, 6.923676702000023 ], [ 79.850778910000031, 6.923508070000025 ], [ 79.850852575000033, 6.923087807000059 ], [ 79.850889628000061, 6.922904280000068 ], [ 79.850916037000047, 6.922789041000044 ], [ 79.85098987300006, 6.922509786000035 ], [ 79.850986243000079, 6.922413595000023 ], [ 79.851018442000054, 6.922241175000067 ], [ 79.851028222000082, 6.922192754000037 ], [ 79.851077045000068, 6.921933433000049 ], [ 79.851077004000047, 6.921907935000036 ], [ 79.851071252000054, 6.921888031000037 ], [ 79.85106277400007, 6.921873818000051 ], [ 79.851043083000036, 6.921857052000064 ], [ 79.851011164000056, 6.921845054000073 ], [ 79.850988103000077, 6.921839042000045 ], [ 79.850796253000055, 6.921784292000041 ], [ 79.850791793000042, 6.921783020000021 ], [ 79.850774680000029, 6.921778136000057 ], [ 79.850726932000043, 6.921764619000044 ], [ 79.850579435000043, 6.921722870000053 ], [ 79.850467194000032, 6.921697333000054 ], [ 79.850414814000032, 6.921692258000064 ], [ 79.850223238000069, 6.921647620000044 ], [ 79.850218822000045, 6.921646592000059 ], [ 79.849883524000063, 6.921568466000053 ], [ 79.849845028000061, 6.921559497000032 ], [ 79.849794742000086, 6.921569813000076 ], [ 79.849788571000033, 6.921568318000027 ], [ 79.849782938000033, 6.921522122000056 ], [ 79.84975533800008, 6.921384267000064 ], [ 79.849712441000065, 6.92115659600006 ], [ 79.849684250000053, 6.921043334000046 ], [ 79.849630182000055, 6.920883365000066 ], [ 79.849559912000075, 6.920725806000064 ], [ 79.849433397000041, 6.920503758000052 ], [ 79.849410392000038, 6.920471937000059 ], [ 79.849341624000033, 6.920376809000061 ], [ 79.849281662000067, 6.920301480000035 ], [ 79.849281433000044, 6.920302072000027 ], [ 79.849273096000047, 6.920290719000036 ], [ 79.84922653700005, 6.920227323000063 ], [ 79.849214535000044, 6.920217083000068 ], [ 79.849214363000044, 6.920216937000021 ], [ 79.84919431600008, 6.920192065000037 ], [ 79.849173017000055, 6.920172057000059 ], [ 79.849059562000036, 6.920065484000077 ], [ 79.849051413000041, 6.920059151000032 ], [ 79.849015394000048, 6.920031165000069 ], [ 79.848972649000075, 6.919997952000074 ], [ 79.848940937000066, 6.919973477000042 ], [ 79.848774315000071, 6.919856509000056 ], [ 79.848485206000078, 6.919694776000028 ], [ 79.848322755000083, 6.919603898000048 ], [ 79.848088622000034, 6.919492495000043 ], [ 79.847879456000044, 6.919384125000022 ], [ 79.847687096000072, 6.919287904000043 ], [ 79.847416482000085, 6.919138634000035 ], [ 79.847262112000067, 6.919049629000028 ], [ 79.847240160000069, 6.919031593000057 ], [ 79.847143777000042, 6.918952843000056 ], [ 79.847113144000048, 6.918927813000039 ], [ 79.847067433000063, 6.918890471000054 ], [ 79.847014947000048, 6.91884705700005 ], [ 79.846951269000044, 6.918789606000075 ], [ 79.846889774000033, 6.918726553000056 ], [ 79.846836427000085, 6.918660714000055 ], [ 79.846727788000067, 6.918506243000024 ], [ 79.846705692000057, 6.918468948000054 ], [ 79.846610515000066, 6.918278517000033 ], [ 79.846564268000066, 6.918147826000052 ], [ 79.84653744700006, 6.918072035000023 ], [ 79.84647885000004, 6.917822812000054 ], [ 79.846476026000062, 6.917743656000027 ], [ 79.846437252000044, 6.917688281000039 ], [ 79.846324596000045, 6.917527391000021 ], [ 79.846309101000031, 6.91750526200002 ], [ 79.846273656000051, 6.917468725000049 ], [ 79.846097300000054, 6.918091104000041 ], [ 79.845932936000054, 6.918671155000027 ], [ 79.845931657000051, 6.918675184000051 ], [ 79.845904166000082, 6.918761791000065 ], [ 79.845889746000068, 6.918824604000065 ], [ 79.845874031000051, 6.918902787000036 ], [ 79.84585596900007, 6.918931777000068 ], [ 79.845826419000048, 6.919025029000068 ], [ 79.84555281400003, 6.919888447000062 ], [ 79.845446198000047, 6.920224898000072 ], [ 79.845347599000036, 6.920451981000042 ], [ 79.845308291000038, 6.920678450000025 ], [ 79.845304013000032, 6.920703095000022 ], [ 79.845205691000046, 6.921065211000041 ], [ 79.845152092000035, 6.921262615000046 ], [ 79.844892091000077, 6.921999436000021 ], [ 79.844800876000079, 6.922366727000053 ], [ 79.844679706000079, 6.922626302000026 ], [ 79.84465765300007, 6.922884635000059 ], [ 79.844573929000035, 6.923094044000038 ], [ 79.844451157000037, 6.923438305000047 ], [ 79.844392090000042, 6.923527186000058 ], [ 79.844305743000064, 6.923608837000074 ], [ 79.844262301000072, 6.92378674400004 ], [ 79.844239105000042, 6.923895791000064 ], [ 79.844279308000068, 6.923904483000058 ], [ 79.844266087000051, 6.923955845000023 ], [ 79.844135888000039, 6.924424496000029 ], [ 79.844014352000045, 6.924382152000021 ], [ 79.844022079000069, 6.924348673000054 ], [ 79.843956053000056, 6.924323664000042 ], [ 79.843920414000081, 6.924428858000056 ], [ 79.843990274000078, 6.924452919000032 ], [ 79.844003754000084, 6.924415624000062 ], [ 79.844133184000043, 6.924460296000063 ], [ 79.844119143000057, 6.924518495000029 ], [ 79.844051483000044, 6.924798929000076 ], [ 79.84401491300008, 6.924950502000058 ], [ 79.843791426000053, 6.925378299000045 ], [ 79.843615864000071, 6.925782266000056 ], [ 79.843567691000032, 6.92593049900006 ], [ 79.843638183000053, 6.92605364700006 ], [ 79.843636544000049, 6.926058346000048 ], [ 79.843637800000067, 6.926064680000025 ], [ 79.843639500000052, 6.926073270000074 ], [ 79.843643, 6.926088740000068 ], [ 79.843633884000042, 6.926122811000027 ], [ 79.843623965000063, 6.926151997000034 ], [ 79.843608245000041, 6.926185060000023 ], [ 79.843595052000069, 6.926222559000053 ], [ 79.843582941000079, 6.926261415000056 ], [ 79.84357274100006, 6.926294670000061 ], [ 79.843567154000084, 6.926329200000055 ], [ 79.843538145000082, 6.926346715000022 ], [ 79.843497282000044, 6.926430369000059 ], [ 79.843402225000034, 6.926680711000074 ], [ 79.843347893000043, 6.926917450000076 ], [ 79.843275845000051, 6.927032143000076 ], [ 79.843196630000079, 6.927139644000022 ], [ 79.843210697000075, 6.927290392000032 ], [ 79.843056020000063, 6.927766772000041 ], [ 79.843088284000032, 6.927813210000068 ], [ 79.843120236000061, 6.927856879000046 ], [ 79.843110679000063, 6.927884799000026 ], [ 79.843107835000069, 6.927890562000073 ], [ 79.843093600000032, 6.92791939600005 ], [ 79.843091238000056, 6.927924184000062 ], [ 79.843085749000068, 6.927929167000059 ], [ 79.843082989000038, 6.927931673000046 ], [ 79.84306818500005, 6.92795985600003 ], [ 79.843056901000068, 6.927992023000058 ], [ 79.843051051000032, 6.928022031000069 ], [ 79.843043954000052, 6.928041910000047 ], [ 79.843023087000063, 6.928069899000036 ], [ 79.843010655000057, 6.928088501000047 ], [ 79.843002268000077, 6.928120222000075 ], [ 79.842996423000045, 6.928147879000051 ], [ 79.842986250000081, 6.928172452000069 ], [ 79.842983332000074, 6.928179501000045 ], [ 79.842895463000048, 6.928261256000042 ], [ 79.842850451000061, 6.928323968000029 ], [ 79.842775566000057, 6.928359707000027 ], [ 79.842724794000048, 6.928308769000068 ], [ 79.842668045000039, 6.92825183900004 ], [ 79.842572242000074, 6.928272584000069 ], [ 79.84249135400006, 6.928317281000034 ], [ 79.842404386000055, 6.928409815000066 ], [ 79.842374248000056, 6.928517413000066 ], [ 79.842350201000045, 6.928571195000075 ], [ 79.842239412000083, 6.928603872000053 ], [ 79.842149640000059, 6.928600705000065 ], [ 79.842006043000083, 6.928576498000041 ], [ 79.84194330400004, 6.928522547000057 ], [ 79.841868679000072, 6.928426705000049 ], [ 79.84173091200006, 6.928339229000073 ], [ 79.841836572000034, 6.928859695000028 ], [ 79.84187819400006, 6.929064718000063 ], [ 79.841883634000055, 6.92924907500003 ], [ 79.841915957000083, 6.92941623300004 ], [ 79.841920249000054, 6.929428500000029 ], [ 79.841925582000044, 6.929443745000071 ], [ 79.841946302000053, 6.929500371000074 ], [ 79.841954130000033, 6.929521764000071 ], [ 79.841992189000052, 6.929609882000022 ], [ 79.842052012000067, 6.929712685000027 ], [ 79.842051118000029, 6.929718378000075 ], [ 79.842034139000077, 6.929826412000068 ], [ 79.842034274000071, 6.929826571000035 ], [ 79.842132667000044, 6.929942068000059 ], [ 79.842220743000041, 6.930040310000038 ], [ 79.842234089000044, 6.930055196000069 ], [ 79.842272288000061, 6.930095308000034 ], [ 79.842314090000059, 6.930131657000061 ], [ 79.842359123000051, 6.930163922000077 ], [ 79.842410291000078, 6.930028853000067 ], [ 79.842437208000035, 6.929957799000022 ], [ 79.842508931000054, 6.929969098000072 ], [ 79.842526206000059, 6.929971819000059 ], [ 79.842571523000061, 6.92997895700006 ], [ 79.842620006000061, 6.929986595000059 ], [ 79.842696685000078, 6.929998674000046 ], [ 79.843968873000051, 6.930127777000052 ], [ 79.84523486900008, 6.930189639000048 ], [ 79.845695014000057, 6.930395095000051 ], [ 79.846133365000071, 6.930487606000042 ], [ 79.846212401000059, 6.930504287000076 ], [ 79.84626039300008, 6.930514415000061 ], [ 79.846309547000033, 6.930392371000039 ], [ 79.846404427000039, 6.930181877000052 ], [ 79.846556102000079, 6.929893371000048 ], [ 79.846740724000085, 6.929553299000077 ], [ 79.846882122000068, 6.929290995000031 ], [ 79.847012345000053, 6.929052450000029 ], [ 79.84709362600006, 6.92890052000007 ], [ 79.847100075000071, 6.928888507000067 ], [ 79.847150013000032, 6.928800446000025 ], [ 79.847156294000058, 6.92878870100003 ], [ 79.847237348000078, 6.92862870600004 ], [ 79.847252750000052, 6.928608329000042 ], [ 79.847299317000079, 6.928521248000038 ], [ 79.847380927000074, 6.928386590000059 ], [ 79.847530489000064, 6.928160109000032 ], [ 79.847576142000037, 6.928088494000065 ], [ 79.84774227500003, 6.927855806000025 ], [ 79.847921282000073, 6.927609578000045 ], [ 79.847964650000051, 6.927550708000069 ], [ 79.848047482000084, 6.927438208000069 ], [ 79.848094385000081, 6.927366136000046 ], [ 79.848199228000055, 6.927205038000068 ], [ 79.848277516000053, 6.927057263000052 ], [ 79.848373975000072, 6.926869828000065 ], [ 79.848399203000042, 6.92681791900003 ] ] ] ] } },
{ "type": "Feature", "properties": { "Shape_Leng": 0.01382348339, "Shape_Area": 9.76721e-06, "ADM4_EN": "Slave Island", "ADM4_SI": "කොම්පඤ්ඤවීදිය", "ADM4_TA": null, "ADM4_PCODE": "LK1103130", "ADM4_REF": null, "ADM3_EN": "Colombo", "ADM3_SI": "කොළඹ", "ADM3_TA": "கொழும்பு", "ADM3_PCODE": "LK1103", "ADM2_EN": "Colombo", "ADM2_SI": "කොළඹ දිස්ත්‍රික්ක", "ADM2_TA": "கொழும்பு மாவட்டம்", "ADM2_PCODE": "LK11", "ADM1_EN": "Western", "ADM1_SI": "බස්නාහිර පළාත", "ADM1_TA": "மேல் மாகாணம் ", "ADM1_PCODE": "LK1", "ADM0_EN": "Sri Lanka", "ADM0_SI": "ශ්‍රී ලංකා", "ADM0_TA": "இலங்கை", "ADM0_PCODE": "LK", "date": "2022-08-02", "validOn": "2022-08-16", "validTo": null, "length_sum": 5882.0, "damage_sco": 0 }, "geometry": { "type": "MultiPolygon", "coordinates": [ [ [ [ 79.852390918000083, 6.922976728000037 ], [ 79.852206293000052, 6.923072068000067 ], [ 79.85190407500005, 6.923228133000066 ], [ 79.851827995000065, 6.923267422000038 ], [ 79.85181169100008, 6.923275800000056 ], [ 79.851516691000029, 6.923427133000075 ], [ 79.850722907000034, 6.923829345000058 ], [ 79.850692747000039, 6.92384462800004 ], [ 79.850687417000074, 6.92384447400002 ], [ 79.850510070000041, 6.923839390000069 ], [ 79.850324857000032, 6.923835322000059 ], [ 79.850075595000078, 6.92382470900003 ], [ 79.849892330000046, 6.923796322000044 ], [ 79.84964166900005, 6.923760208000033 ], [ 79.849531692000085, 6.923733863000052 ], [ 79.849526768000032, 6.923761993000028 ], [ 79.849526184000069, 6.923761917000036 ], [ 79.849524434000045, 6.923746108000046 ], [ 79.849493251000069, 6.923961090000034 ], [ 79.849469035000084, 6.924128043000053 ], [ 79.849448518000031, 6.924220897000055 ], [ 79.849436689000072, 6.924288316000059 ], [ 79.849399838000068, 6.924485633000074 ], [ 79.84936371200007, 6.924636745000043 ], [ 79.849312212000029, 6.924829602000045 ], [ 79.849220613000057, 6.925075638000067 ], [ 79.849213310000039, 6.925094424000065 ], [ 79.849205790000042, 6.925113767000028 ], [ 79.849148245000038, 6.925251546000027 ], [ 79.849031485000069, 6.925500969000041 ], [ 79.848871204000034, 6.925842265000028 ], [ 79.848724580000066, 6.926140095000051 ], [ 79.848546978000059, 6.926525207000054 ], [ 79.848490069000036, 6.926630945000056 ], [ 79.848484355000039, 6.926642702000038 ], [ 79.848399203000042, 6.92681791900003 ], [ 79.848420102000034, 6.926827567000032 ], [ 79.848474252000074, 6.926860169000065 ], [ 79.848654834000058, 6.92696468500003 ], [ 79.848752993000062, 6.926973195000073 ], [ 79.848845735000054, 6.927003196000044 ], [ 79.848929598000041, 6.927030324000043 ], [ 79.849350335000054, 6.927177174000064 ], [ 79.849414878000061, 6.927209670000025 ], [ 79.849507344000074, 6.927260486000023 ], [ 79.849650132000079, 6.927351547000058 ], [ 79.849711117000084, 6.927427257000033 ], [ 79.849722383000085, 6.927441245000068 ], [ 79.849728843000037, 6.927449264000074 ], [ 79.849734333000072, 6.927461334000043 ], [ 79.849756480000053, 6.927510025000061 ], [ 79.849776596000083, 6.927554245000067 ], [ 79.849780660000079, 6.927557961000048 ], [ 79.849789262000058, 6.92755427000003 ], [ 79.850448938000056, 6.927393793000022 ], [ 79.850716082000076, 6.927329650000047 ], [ 79.850767954000048, 6.927317195000057 ], [ 79.850992232000067, 6.927241498000058 ], [ 79.851102298000058, 6.927175886000043 ], [ 79.851168840000071, 6.927111184000069 ], [ 79.851191356000072, 6.927069030000041 ], [ 79.85119273600003, 6.927068658000053 ], [ 79.851195094000047, 6.927062028000023 ], [ 79.85127106200008, 6.926848518000043 ], [ 79.851327966000042, 6.926688585000022 ], [ 79.851334706000046, 6.926669640000057 ], [ 79.851350356000069, 6.926575976000038 ], [ 79.851373479000074, 6.926479995000022 ], [ 79.851476633000061, 6.926200705000042 ], [ 79.851548855000033, 6.925913852000065 ], [ 79.851668218000043, 6.925488744000063 ], [ 79.851863453000078, 6.924806811000053 ], [ 79.852059206000035, 6.924119474000065 ], [ 79.852105797000036, 6.92395588100004 ], [ 79.852310988000056, 6.923271887000055 ], [ 79.852390918000083, 6.922976728000037 ] ] ] ] } },
{ "type": "Feature", "properties": { "Shape_Leng": 0.03819343494, "Shape_Area": 5.844239e-05, "ADM4_EN": "Hunupitiya", "ADM4_SI": "හුණුපිටිය", "ADM4_TA": null, "ADM4_PCODE": "LK1103135", "ADM4_REF": null, "ADM3_EN": "Colombo", "ADM3_SI": "කොළඹ", "ADM3_TA": "கொழும்பு", "ADM3_PCODE": "LK1103", "ADM2_EN": "Colombo", "ADM2_SI": "කොළඹ දිස්ත්‍රික්ක", "ADM2_TA": "கொழும்பு மாவட்டம்", "ADM2_PCODE": "LK11", "ADM1_EN": "Western", "ADM1_SI": "බස්නාහිර පළාත", "ADM1_TA": "மேல் மாகாணம் ", "ADM1_PCODE": "LK1", "ADM0_EN": "Sri Lanka", "ADM0_SI": "ශ්‍රී ලංකා", "ADM0_TA": "இலங்கை", "ADM0_PCODE": "LK", "date": "2022-08-02", "validOn": "2022-08-16", "validTo": null, "length_sum": 15735.0, "damage_sco": 1 }, "geometry": { "type": "MultiPolygon", "coordinates": [ [ [ [ 79.853277600000069, 6.929553204000058 ], [ 79.854692083000032, 6.929075807000061 ], [ 79.85675574000004, 6.926139612000043 ], [ 79.858651035000037, 6.92396469800002 ], [ 79.85936044500005, 6.922852330000069 ], [ 79.860404560000063, 6.921542866000038 ], [ 79.860975131000032, 6.921068380000065 ], [ 79.861153002000037, 6.920920462000026 ], [ 79.861153740000077, 6.920918278000045 ], [ 79.86119423100007, 6.920618280000042 ], [ 79.861205337000058, 6.92044604900002 ], [ 79.861255957000083, 6.920266717000061 ], [ 79.861306460000037, 6.920148391000055 ], [ 79.86139647300007, 6.919924121000065 ], [ 79.861397545000045, 6.91991729700004 ], [ 79.861869590000083, 6.919673488000058 ], [ 79.86186830500003, 6.919670772000075 ], [ 79.861910650000084, 6.919675823000034 ], [ 79.861890506000066, 6.919599442000049 ], [ 79.861890263000078, 6.919598522000058 ], [ 79.861769244000072, 6.91933896300003 ], [ 79.86165666100004, 6.919114863000061 ], [ 79.86159028700007, 6.919000082000025 ], [ 79.86156819200005, 6.918961882000076 ], [ 79.861504077000063, 6.918848190000062 ], [ 79.861422351000044, 6.918670718000044 ], [ 79.861350626000046, 6.918702950000068 ], [ 79.861118052000052, 6.918813540000031 ], [ 79.861046414000043, 6.918849034000061 ], [ 79.86089262400003, 6.918925228000035 ], [ 79.860842502000082, 6.918828653000048 ], [ 79.860829902000035, 6.91880468200003 ], [ 79.860737836000055, 6.918629525000028 ], [ 79.860685811000053, 6.918533761000049 ], [ 79.860685540000077, 6.918533308000065 ], [ 79.860557680000056, 6.918302579000056 ], [ 79.860507625000082, 6.918217939000044 ], [ 79.860456426000042, 6.918116298000029 ], [ 79.860408645000064, 6.918025425000053 ], [ 79.860348139000052, 6.917918429000053 ], [ 79.86028241300005, 6.917795693000073 ], [ 79.860264581000081, 6.917759757000056 ], [ 79.860230676000072, 6.917691428000069 ], [ 79.860151711000071, 6.917537018000075 ], [ 79.860107889000062, 6.917551040000035 ], [ 79.86005790300004, 6.917571468000062 ], [ 79.859986631000083, 6.917603883000027 ], [ 79.859883294000042, 6.91765386700007 ], [ 79.859809484000039, 6.917687904000047 ], [ 79.859777546000032, 6.917703090000032 ], [ 79.859772025000041, 6.917705714000022 ], [ 79.859728790000077, 6.91772626900007 ], [ 79.859701349000034, 6.917739508000068 ], [ 79.859590946000083, 6.917793728000049 ], [ 79.859464062000029, 6.917854246000047 ], [ 79.859282653000037, 6.917942690000075 ], [ 79.858823595000047, 6.918150587000071 ], [ 79.858369697000057, 6.918356684000059 ], [ 79.858268830000043, 6.918391574000054 ], [ 79.858110321000083, 6.918476420000047 ], [ 79.858076445000052, 6.918494552000027 ], [ 79.85798933600006, 6.918528111000057 ], [ 79.857963891000054, 6.918537918000027 ], [ 79.857802057000072, 6.918610577000038 ], [ 79.857476664000046, 6.918759503000047 ], [ 79.857417908000059, 6.918822955000053 ], [ 79.857380865000039, 6.918887806000043 ], [ 79.857294116000048, 6.919109440000057 ], [ 79.857441208000068, 6.919594922000044 ], [ 79.857578118000049, 6.919917718000022 ], [ 79.857584258000031, 6.919930626000053 ], [ 79.857802019000076, 6.920369219000065 ], [ 79.857794974000058, 6.920372560000033 ], [ 79.857797554000058, 6.920377931000075 ], [ 79.857293708000043, 6.920630046000042 ], [ 79.856202551000081, 6.921152919000065 ], [ 79.856108002000042, 6.921196680000037 ], [ 79.855784504000042, 6.921346785000026 ], [ 79.855220918000043, 6.921608548000052 ], [ 79.854740279000055, 6.921836020000057 ], [ 79.854067101000055, 6.922152633000053 ], [ 79.853573784000048, 6.922385594000048 ], [ 79.853570309000077, 6.92237730100004 ], [ 79.852758570000049, 6.922773497000037 ], [ 79.852717649000056, 6.922793470000045 ], [ 79.852503741000078, 6.922913448000031 ], [ 79.852390918000083, 6.922976728000037 ], [ 79.852310988000056, 6.923271887000055 ], [ 79.852105797000036, 6.92395588100004 ], [ 79.852059206000035, 6.924119474000065 ], [ 79.851863453000078, 6.924806811000053 ], [ 79.851668218000043, 6.925488744000063 ], [ 79.851548855000033, 6.925913852000065 ], [ 79.851476633000061, 6.926200705000042 ], [ 79.851373479000074, 6.926479995000022 ], [ 79.851350356000069, 6.926575976000038 ], [ 79.851334706000046, 6.926669640000057 ], [ 79.851327966000042, 6.926688585000022 ], [ 79.85127106200008, 6.926848518000043 ], [ 79.851195094000047, 6.927062028000023 ], [ 79.85119273600003, 6.927068658000053 ], [ 79.851191356000072, 6.927069030000041 ], [ 79.851168840000071, 6.927111184000069 ], [ 79.851102298000058, 6.927175886000043 ], [ 79.850992232000067, 6.927241498000058 ], [ 79.850767954000048, 6.927317195000057 ], [ 79.850716082000076, 6.927329650000047 ], [ 79.850448938000056, 6.927393793000022 ], [ 79.849789262000058, 6.92755427000003 ], [ 79.849780660000079, 6.927557961000048 ], [ 79.850006921000045, 6.927764831000047 ], [ 79.850071495000066, 6.927827076000028 ], [ 79.850101881000057, 6.927881570000068 ], [ 79.850119437000046, 6.927927084000032 ], [ 79.850138788000038, 6.927968325000052 ], [ 79.850372221000043, 6.928403575000061 ], [ 79.850435022000056, 6.928646647000051 ], [ 79.850611990000061, 6.928893284000026 ], [ 79.850710469000035, 6.92915302800003 ], [ 79.850724704000072, 6.92917637000005 ], [ 79.851118740000061, 6.929822479000052 ], [ 79.853087142000049, 6.929617484000062 ], [ 79.853277600000069, 6.929553204000058 ] ] ] ] } },
{ "type": "Feature", "properties": { "Shape_Leng": 0.0448914668, "Shape_Area": 7.545475e-05, "ADM4_EN": "Suduwella", "ADM4_SI": "සුදුවැල්ල", "ADM4_TA": null, "ADM4_PCODE": "LK1103140", "ADM4_REF": null, "ADM3_EN": "Colombo", "ADM3_SI": "කොළඹ", "ADM3_TA": "கொழும்பு", "ADM3_PCODE": "LK1103", "ADM2_EN": "Colombo", "ADM2_SI": "කොළඹ දිස්ත්‍රික්ක", "ADM2_TA": "கொழும்பு மாவட்டம்", "ADM2_PCODE": "LK11", "ADM1_EN": "Western", "ADM1_SI": "බස්නාහිර පළාත", "ADM1_TA": "மேல் மாகாணம் ", "ADM1_PCODE": "LK1", "ADM0_EN": "Sri Lanka", "ADM0_SI": "ශ්‍රී ලංකා", "ADM0_TA": "இலங்கை", "ADM0_PCODE": "LK", "date": "2022-08-02", "validOn": "2022-08-16", "validTo": null, "length_sum": 19865.0, "damage_sco": 2 }, "geometry": { "type": "MultiPolygon", "coordinates": [ [ [ [ 79.857565047000037, 6.932299107000063 ], [ 79.857591266000043, 6.932273297000052 ], [ 79.857634184000062, 6.932231049000052 ], [ 79.857663332000072, 6.93220973800004 ], [ 79.857772822000072, 6.932129686000053 ], [ 79.857853802000079, 6.932085445000041 ], [ 79.857940297000084, 6.932044019000045 ], [ 79.857995437000056, 6.93202457600006 ], [ 79.85806552400004, 6.931999865000023 ], [ 79.858159656000055, 6.931986121000023 ], [ 79.858227015000068, 6.931980623000072 ], [ 79.85828409100003, 6.93197596400006 ], [ 79.858567574000062, 6.931981305000022 ], [ 79.858642947000078, 6.931981450000023 ], [ 79.858765295000069, 6.931975809000051 ], [ 79.85893989200008, 6.931949381000038 ], [ 79.859055844000068, 6.931929171000036 ], [ 79.859263301000055, 6.931896386000062 ], [ 79.859422387000052, 6.931889731000069 ], [ 79.859443289000069, 6.931889862000048 ], [ 79.859569111000042, 6.931912257000022 ], [ 79.859743288000061, 6.931962687000066 ], [ 79.859748768000031, 6.931965032000051 ], [ 79.860072203000072, 6.932103475000076 ], [ 79.860333395000055, 6.932217817000037 ], [ 79.860515827000029, 6.932302800000059 ], [ 79.860526078000078, 6.932291882000072 ], [ 79.860752304000073, 6.93205107600005 ], [ 79.861110347000078, 6.931680227000072 ], [ 79.86138199100003, 6.931396015000075 ], [ 79.861566761000063, 6.931209109000065 ], [ 79.861995775000082, 6.93077528200007 ], [ 79.862679124000067, 6.930069236000065 ], [ 79.862970665000034, 6.929797661000066 ], [ 79.863067279000063, 6.92970766600007 ], [ 79.863272678000044, 6.929520256000046 ], [ 79.863639638000052, 6.929216243000042 ], [ 79.86371435500007, 6.929155950000052 ], [ 79.863979767000046, 6.928941781000049 ], [ 79.863980482000045, 6.928941204000068 ], [ 79.864000609000072, 6.928920627000025 ], [ 79.863942025000085, 6.928894383000056 ], [ 79.863888159000055, 6.928861819000076 ], [ 79.863788619000047, 6.928770844000042 ], [ 79.863734703000034, 6.928716760000043 ], [ 79.863710437000066, 6.92867919400004 ], [ 79.863696632000085, 6.928657822000048 ], [ 79.863676897000062, 6.928568359000053 ], [ 79.863678255000082, 6.928521614000033 ], [ 79.863679287000082, 6.928489984000066 ], [ 79.863679600000069, 6.928480385000057 ], [ 79.863681888000031, 6.928454589000069 ], [ 79.863687577000064, 6.928390411000066 ], [ 79.863688850000074, 6.928376056000047 ], [ 79.863691679000056, 6.928360160000068 ], [ 79.863696990000051, 6.928330319000054 ], [ 79.863697543000058, 6.928328730000032 ], [ 79.863703261000069, 6.928312393000056 ], [ 79.863766503000079, 6.928131617000076 ], [ 79.863596333000032, 6.928068267000072 ], [ 79.863570018000075, 6.928059536000035 ], [ 79.863384354000061, 6.928006373000073 ], [ 79.863166862000071, 6.927941848000046 ], [ 79.862918172000036, 6.927867676000062 ], [ 79.862703853000085, 6.927800172000047 ], [ 79.862629166000033, 6.927771997000036 ], [ 79.862514340000075, 6.927725391000024 ], [ 79.862437321000073, 6.927687085000059 ], [ 79.862370889000033, 6.927647986000068 ], [ 79.862282168000036, 6.927578462000042 ], [ 79.862230578000037, 6.927538036000044 ], [ 79.86210993900005, 6.927409406000038 ], [ 79.862024857000051, 6.927281660000062 ], [ 79.861951457000032, 6.927149503000066 ], [ 79.861912261000043, 6.927016961000049 ], [ 79.861895834000052, 6.926948842000058 ], [ 79.861868843000082, 6.926821568000037 ], [ 79.861850571000048, 6.926724421000074 ], [ 79.861846849000074, 6.926681630000076 ], [ 79.861841100000049, 6.926615536000043 ], [ 79.861802247000071, 6.926492489000054 ], [ 79.861822829000062, 6.92609494900006 ], [ 79.861837616000059, 6.925652819000049 ], [ 79.861840894000068, 6.925548208000066 ], [ 79.861846580000076, 6.925367468000047 ], [ 79.861852071000044, 6.925194866000027 ], [ 79.861868739000045, 6.924809072000073 ], [ 79.862176719000047, 6.924823950000075 ], [ 79.862433774000067, 6.924829327000054 ], [ 79.862798311000063, 6.924842236000075 ], [ 79.863247620000038, 6.924861001000068 ], [ 79.863261394000062, 6.924861259000068 ], [ 79.863339368000084, 6.924862715000074 ], [ 79.863533898000071, 6.924868513000035 ], [ 79.863756204000083, 6.924875994000047 ], [ 79.863973527000041, 6.924886448000052 ], [ 79.86425274700008, 6.924894307000045 ], [ 79.864550893000057, 6.924894427000027 ], [ 79.864827865000052, 6.924894687000062 ], [ 79.865037699000084, 6.92489499900006 ], [ 79.865047984000057, 6.924895043000049 ], [ 79.865192606000051, 6.924895657000036 ], [ 79.86515759100007, 6.924800196000035 ], [ 79.865116512000043, 6.92470535700005 ], [ 79.86505922200007, 6.924571152000055 ], [ 79.864987435000046, 6.924404006000032 ], [ 79.864941845000033, 6.924297857000056 ], [ 79.864877422000063, 6.924155320000068 ], [ 79.864822056000037, 6.924008642000047 ], [ 79.864779715000054, 6.92386460900002 ], [ 79.86474972600007, 6.92369609800005 ], [ 79.864735731000053, 6.923539462000065 ], [ 79.864730419000068, 6.923413960000062 ], [ 79.864728719000084, 6.923373799000046 ], [ 79.86472763200004, 6.923353980000059 ], [ 79.864725222000061, 6.923310045000051 ], [ 79.864714424000056, 6.923043101000076 ], [ 79.864716446000045, 6.922979539000039 ], [ 79.864715636000085, 6.922930259000054 ], [ 79.864709898000058, 6.922841692000077 ], [ 79.864703421000058, 6.922741707000057 ], [ 79.864689236000061, 6.922636792000048 ], [ 79.864663657000051, 6.922527424000066 ], [ 79.864621219000071, 6.922386920000065 ], [ 79.864558203000058, 6.922218163000025 ], [ 79.864486604000035, 6.922043694000024 ], [ 79.864401672000042, 6.921838276000074 ], [ 79.86436234100006, 6.921728610000059 ], [ 79.864336680000065, 6.92166291500007 ], [ 79.864278978000073, 6.921648879000031 ], [ 79.864205347000052, 6.921636803000069 ], [ 79.86406274400008, 6.921590597000034 ], [ 79.86397575400008, 6.921561223000026 ], [ 79.863829087000056, 6.921510486000045 ], [ 79.863687747000085, 6.921465638000029 ], [ 79.863550643000053, 6.921430021000049 ], [ 79.863380179000046, 6.921378786000048 ], [ 79.863235878000069, 6.921321184000021 ], [ 79.863145935000034, 6.921275076000029 ], [ 79.862906112000076, 6.921155350000049 ], [ 79.862694395000062, 6.921054124000023 ], [ 79.862576426000032, 6.920995939000022 ], [ 79.862545964000049, 6.920979423000063 ], [ 79.862517840000066, 6.92097050700005 ], [ 79.862478575000068, 6.920968262000031 ], [ 79.862442379000072, 6.920969368000044 ], [ 79.862228074000029, 6.920990205000066 ], [ 79.862100549000047, 6.92100795500005 ], [ 79.862069198000029, 6.920794952000051 ], [ 79.862041533000081, 6.920595612000056 ], [ 79.86202176200004, 6.920431189000055 ], [ 79.86198282600003, 6.920163468000055 ], [ 79.861944160000064, 6.91980288600007 ], [ 79.861910650000084, 6.919675823000034 ], [ 79.86186830500003, 6.919670772000075 ], [ 79.861869590000083, 6.919673488000058 ], [ 79.861397545000045, 6.91991729700004 ], [ 79.86139647300007, 6.919924121000065 ], [ 79.861306460000037, 6.920148391000055 ], [ 79.861255957000083, 6.920266717000061 ], [ 79.861205337000058, 6.92044604900002 ], [ 79.86119423100007, 6.920618280000042 ], [ 79.861153740000077, 6.920918278000045 ], [ 79.861153002000037, 6.920920462000026 ], [ 79.860975131000032, 6.921068380000065 ], [ 79.860404560000063, 6.921542866000038 ], [ 79.85936044500005, 6.922852330000069 ], [ 79.858651035000037, 6.92396469800002 ], [ 79.85675574000004, 6.926139612000043 ], [ 79.854692083000032, 6.929075807000061 ], [ 79.853277600000069, 6.929553204000058 ], [ 79.853351653000061, 6.930601927000055 ], [ 79.853867533000084, 6.932310554000026 ], [ 79.854145951000078, 6.933319568000059 ], [ 79.854169544000058, 6.93331082800006 ], [ 79.854540607000047, 6.933173388000057 ], [ 79.855755534000082, 6.932805397000038 ], [ 79.856951157000083, 6.93238089700003 ], [ 79.857071586000075, 6.932317539000053 ], [ 79.857248293000055, 6.932306396000058 ], [ 79.857565047000037, 6.932299107000063 ] ] ] ] } },
{ "type": "Feature", "properties": { "Shape_Leng": 0.02726224327, "Shape_Area": 2.475814e-05, "ADM4_EN": "Keselwatta", "ADM4_SI": "කෙසෙල්වත්ත", "ADM4_TA": null, "ADM4_PCODE": "LK1103145", "ADM4_REF": null, "ADM3_EN": "Colombo", "ADM3_SI": "කොළඹ", "ADM3_TA": "கொழும்பு", "ADM3_PCODE": "LK1103", "ADM2_EN": "Colombo", "ADM2_SI": "කොළඹ දිස්ත්‍රික්ක", "ADM2_TA": "கொழும்பு மாவட்டம்", "ADM2_PCODE": "LK11", "ADM1_EN": "Western", "ADM1_SI": "බස්නාහිර පළාත", "ADM1_TA": "மேல் மாகாணம் ", "ADM1_PCODE": "LK1", "ADM0_EN": "Sri Lanka", "ADM0_SI": "ශ්‍රී ලංකා", "ADM0_TA": "இலங்கை", "ADM0_PCODE": "LK", "date": "2022-08-02", "validOn": "2022-08-16", "validTo": null, "length_sum": 16694.0, "damage_sco": 1 }, "geometry": { "type": "MultiPolygon", "coordinates": [ [ [ [ 79.862870644000054, 6.937227589000031 ], [ 79.862718957000084, 6.936868416000038 ], [ 79.862634828000068, 6.936621224000021 ], [ 79.862632129000076, 6.936613263000027 ], [ 79.862533978000044, 6.936317668000072 ], [ 79.862575312000047, 6.936307873000032 ], [ 79.862577315000067, 6.936307397000064 ], [ 79.862524979000057, 6.936162664000051 ], [ 79.862503153000034, 6.936102302000052 ], [ 79.862377249000076, 6.935839854000051 ], [ 79.862278115000038, 6.935600424000029 ], [ 79.86219804600006, 6.935406964000038 ], [ 79.86216943900007, 6.935343750000072 ], [ 79.862156090000042, 6.935313102000066 ], [ 79.862121663000039, 6.935288155000023 ], [ 79.862110275000077, 6.935234544000025 ], [ 79.86213527700005, 6.935181003000025 ], [ 79.862164191000033, 6.935085363000042 ], [ 79.862206479000065, 6.935006974000032 ], [ 79.862239164000073, 6.934941964000075 ], [ 79.862315949000049, 6.934852157000023 ], [ 79.862408048000077, 6.934766208000042 ], [ 79.862492473000032, 6.934687901000075 ], [ 79.862588414000072, 6.934596218000024 ], [ 79.862653714000032, 6.934502562000034 ], [ 79.862774392000063, 6.934330656000043 ], [ 79.863321170000063, 6.934623586000043 ], [ 79.86345945000005, 6.934706060000053 ], [ 79.863541588000032, 6.934604571000023 ], [ 79.863545628000054, 6.934599579000064 ], [ 79.863558137000041, 6.934584123000036 ], [ 79.863642168000069, 6.934461077000037 ], [ 79.863715117000083, 6.93449829900004 ], [ 79.86374617000007, 6.934535441000037 ], [ 79.863881534000029, 6.934624623000047 ], [ 79.863930373000073, 6.93451662700005 ], [ 79.864005469000062, 6.934308632000068 ], [ 79.86404157700008, 6.934206786000061 ], [ 79.864067592000083, 6.934125016000053 ], [ 79.864106585000059, 6.934015998000064 ], [ 79.864174299000069, 6.933857507000027 ], [ 79.864237597000056, 6.933640190000062 ], [ 79.864329994000059, 6.933435473000031 ], [ 79.864309160000062, 6.933426406000024 ], [ 79.864283148000084, 6.933415087000071 ], [ 79.864253913000084, 6.933404673000041 ], [ 79.864254132000042, 6.933403418000069 ], [ 79.864180929000042, 6.933378677000064 ], [ 79.864116225000032, 6.93335563100004 ], [ 79.863484354000036, 6.933124928000041 ], [ 79.862600004000058, 6.932811637000043 ], [ 79.862534912000058, 6.932782036000049 ], [ 79.862491243000079, 6.932763143000045 ], [ 79.86202247500006, 6.932602015000043 ], [ 79.861724713000058, 6.932541222000054 ], [ 79.861564248000036, 6.932511888000022 ], [ 79.861433089000059, 6.932488577000072 ], [ 79.860965626000052, 6.932401596000034 ], [ 79.860744299000032, 6.932354060000023 ], [ 79.860692478000033, 6.932342435000066 ], [ 79.860692330000063, 6.932342400000039 ], [ 79.860690479000084, 6.93234198600004 ], [ 79.860517998000034, 6.93230329000005 ], [ 79.860515827000029, 6.932302800000059 ], [ 79.860333395000055, 6.932217817000037 ], [ 79.860072203000072, 6.932103475000076 ], [ 79.859748768000031, 6.931965032000051 ], [ 79.859743288000061, 6.931962687000066 ], [ 79.859569111000042, 6.931912257000022 ], [ 79.859443289000069, 6.931889862000048 ], [ 79.859422387000052, 6.931889731000069 ], [ 79.859263301000055, 6.931896386000062 ], [ 79.859055844000068, 6.931929171000036 ], [ 79.85893989200008, 6.931949381000038 ], [ 79.858765295000069, 6.931975809000051 ], [ 79.858642947000078, 6.931981450000023 ], [ 79.858567574000062, 6.931981305000022 ], [ 79.85828409100003, 6.93197596400006 ], [ 79.858227015000068, 6.931980623000072 ], [ 79.858159656000055, 6.931986121000023 ], [ 79.85806552400004, 6.931999865000023 ], [ 79.857995437000056, 6.93202457600006 ], [ 79.857940297000084, 6.932044019000045 ], [ 79.857853802000079, 6.932085445000041 ], [ 79.857772822000072, 6.932129686000053 ], [ 79.857663332000072, 6.93220973800004 ], [ 79.857634184000062, 6.932231049000052 ], [ 79.857591266000043, 6.932273297000052 ], [ 79.857565047000037, 6.932299107000063 ], [ 79.857527459000039, 6.932336109000062 ], [ 79.857489185000077, 6.932373787000074 ], [ 79.857426708000048, 6.932435287000033 ], [ 79.857404816000042, 6.932456838000064 ], [ 79.857320938000043, 6.932549086000051 ], [ 79.857201989000032, 6.932668754000076 ], [ 79.856786680000084, 6.933078279000028 ], [ 79.856428480000034, 6.933434024000064 ], [ 79.856074954000064, 6.933805962000065 ], [ 79.855972976000032, 6.933899711000038 ], [ 79.855887146000043, 6.933971610000071 ], [ 79.855643242000042, 6.934087689000023 ], [ 79.855618426000035, 6.934099486000036 ], [ 79.855637621000085, 6.934139943000048 ], [ 79.855676913000082, 6.934222641000076 ], [ 79.855682768000065, 6.93423496500003 ], [ 79.85572981200005, 6.934333982000055 ], [ 79.855849247000037, 6.934616507000044 ], [ 79.855863286000044, 6.93470243400003 ], [ 79.85587772100007, 6.934817658000043 ], [ 79.855870486000072, 6.934955444000025 ], [ 79.855867036000063, 6.935007972000051 ], [ 79.855851061000067, 6.935080278000044 ], [ 79.855825068000058, 6.935431845000039 ], [ 79.85581796200006, 6.935527934000049 ], [ 79.856453033000037, 6.93560960800005 ], [ 79.85664797700008, 6.935574306000035 ], [ 79.856854377000047, 6.93562255300003 ], [ 79.857141968000064, 6.935659331000068 ], [ 79.85723005400007, 6.935526835000076 ], [ 79.85723110400005, 6.935527279000041 ], [ 79.857289455000057, 6.935533271000054 ], [ 79.857369867000045, 6.935550063000051 ], [ 79.857428010000035, 6.935569254000029 ], [ 79.857555778000062, 6.935569049000037 ], [ 79.857637590000081, 6.935569931000032 ], [ 79.857668431000036, 6.935570262000056 ], [ 79.857819345000053, 6.935578872000065 ], [ 79.858213700000078, 6.93561788300002 ], [ 79.858215897000036, 6.935617819000072 ], [ 79.858230328000047, 6.935617406000063 ], [ 79.858272700000043, 6.935616189000029 ], [ 79.858268202000033, 6.935555780000072 ], [ 79.858260131000065, 6.935378359000026 ], [ 79.858267593000051, 6.935299041000064 ], [ 79.858283598000071, 6.935128934000033 ], [ 79.858303411000065, 6.935036381000032 ], [ 79.85833715800004, 6.934898373000067 ], [ 79.858415445000048, 6.934703397000021 ], [ 79.858432706000031, 6.934667985000033 ], [ 79.858481877000031, 6.934555325000076 ], [ 79.85850487600004, 6.934500485000058 ], [ 79.858653519000029, 6.934466954000072 ], [ 79.858799051000062, 6.934451142000057 ], [ 79.858908536000058, 6.93445334200004 ], [ 79.85903281800006, 6.934476730000029 ], [ 79.859079143000031, 6.934486368000023 ], [ 79.859181970000066, 6.93450776100002 ], [ 79.85929393400005, 6.934499006000067 ], [ 79.859311747000049, 6.934497613000076 ], [ 79.859435455000039, 6.934489986000074 ], [ 79.859519958000078, 6.934542503000046 ], [ 79.859578170000077, 6.934574533000045 ], [ 79.85969061600008, 6.934635694000065 ], [ 79.859744356000078, 6.934666794000066 ], [ 79.859828725000057, 6.934715621000066 ], [ 79.859889194000061, 6.934750189000056 ], [ 79.859948922000058, 6.934792801000071 ], [ 79.860023314000046, 6.934880292000059 ], [ 79.860087538000073, 6.934984491000023 ], [ 79.860102501000085, 6.935061286000064 ], [ 79.860112189000063, 6.935115882000048 ], [ 79.860131993000039, 6.935227477000069 ], [ 79.860140543000057, 6.935275656000044 ], [ 79.860176795000029, 6.935526915000025 ], [ 79.860204941000063, 6.935758899000064 ], [ 79.860219964000066, 6.935851248000063 ], [ 79.860267724000039, 6.935906497000076 ], [ 79.860425924000083, 6.936172638000073 ], [ 79.86051991800008, 6.936323552000033 ], [ 79.860653649000085, 6.936561797000024 ], [ 79.860680054000056, 6.936617456000022 ], [ 79.860729710000044, 6.936721988000045 ], [ 79.860828379000054, 6.936936476000028 ], [ 79.860912595000059, 6.937137915000051 ], [ 79.860912726000038, 6.93716368500003 ], [ 79.860904539000046, 6.937238197000056 ], [ 79.860902963000058, 6.93725254900005 ], [ 79.860899291000067, 6.937279398000044 ], [ 79.860889738000083, 6.937306416000069 ], [ 79.860926271000039, 6.937313596000024 ], [ 79.861007154000049, 6.937329494000039 ], [ 79.861325990000068, 6.937392162000037 ], [ 79.861554801000068, 6.937407793000034 ], [ 79.861615328000084, 6.937411979000046 ], [ 79.861915472000078, 6.937412468000048 ], [ 79.862086131000069, 6.937411982000071 ], [ 79.862177082000073, 6.937406010000075 ], [ 79.862311582000075, 6.93738664600005 ], [ 79.862416050000036, 6.937362524000037 ], [ 79.862725844000067, 6.93727056900002 ], [ 79.862740078000058, 6.937266343000033 ], [ 79.862848330000077, 6.937234212000021 ], [ 79.862870644000054, 6.937227589000031 ] ] ] ] } },
{ "type": "Feature", "properties": { "Shape_Leng": 0.02314413453, "Shape_Area": 1.727922e-05, "ADM4_EN": "Panchikawatta", "ADM4_SI": "පංචිකාවත්ත", "ADM4_TA": null, "ADM4_PCODE": "LK1103150", "ADM4_REF": null, "ADM3_EN": "Colombo", "ADM3_SI": "කොළඹ", "ADM3_TA": "கொழும்பு", "ADM3_PCODE": "LK1103", "ADM2_EN": "Colombo", "ADM2_SI": "කොළඹ දිස්ත්‍රික්ක", "ADM2_TA": "கொழும்பு மாவட்டம்", "ADM2_PCODE": "LK11", "ADM1_EN": "Western", "ADM1_SI": "බස්නාහිර පළාත", "ADM1_TA": "மேல் மாகாணம் ", "ADM1_PCODE": "LK1", "ADM0_EN": "Sri Lanka", "ADM0_SI": "ශ්‍රී ලංකා", "ADM0_TA": "இலங்கை", "ADM0_PCODE": "LK", "date": "2022-08-02", "validOn": "2022-08-16", "validTo": null, "length_sum": 17243.0, "damage_sco": 1 }, "geometry": { "type": "MultiPolygon", "coordinates": [ [ [ [ 79.864000609000072, 6.928920627000025 ], [ 79.863980482000045, 6.928941204000068 ], [ 79.863979767000046, 6.928941781000049 ], [ 79.86371435500007, 6.929155950000052 ], [ 79.863639638000052, 6.929216243000042 ], [ 79.863272678000044, 6.929520256000046 ], [ 79.863067279000063, 6.92970766600007 ], [ 79.862970665000034, 6.929797661000066 ], [ 79.862679124000067, 6.930069236000065 ], [ 79.861995775000082, 6.93077528200007 ], [ 79.861566761000063, 6.931209109000065 ], [ 79.86138199100003, 6.931396015000075 ], [ 79.861110347000078, 6.931680227000072 ], [ 79.860752304000073, 6.93205107600005 ], [ 79.860526078000078, 6.932291882000072 ], [ 79.860515827000029, 6.932302800000059 ], [ 79.860517998000034, 6.93230329000005 ], [ 79.860690479000084, 6.93234198600004 ], [ 79.860692330000063, 6.932342400000039 ], [ 79.860692478000033, 6.932342435000066 ], [ 79.860744299000032, 6.932354060000023 ], [ 79.860965626000052, 6.932401596000034 ], [ 79.861433089000059, 6.932488577000072 ], [ 79.861564248000036, 6.932511888000022 ], [ 79.861724713000058, 6.932541222000054 ], [ 79.86202247500006, 6.932602015000043 ], [ 79.862491243000079, 6.932763143000045 ], [ 79.862534912000058, 6.932782036000049 ], [ 79.862600004000058, 6.932811637000043 ], [ 79.863484354000036, 6.933124928000041 ], [ 79.864116225000032, 6.93335563100004 ], [ 79.864180929000042, 6.933378677000064 ], [ 79.864254132000042, 6.933403418000069 ], [ 79.864253913000084, 6.933404673000041 ], [ 79.864283148000084, 6.933415087000071 ], [ 79.864283848000071, 6.933413461000043 ], [ 79.864298748000067, 6.933378882000056 ], [ 79.864302417000033, 6.93337036500003 ], [ 79.864315223000062, 6.933298958000023 ], [ 79.864328249000039, 6.933159554000042 ], [ 79.864347812000062, 6.932962203000045 ], [ 79.864353725000058, 6.932897800000035 ], [ 79.864354983000055, 6.932888028000036 ], [ 79.86435498700007, 6.932887993000065 ], [ 79.864375095000071, 6.932749586000057 ], [ 79.864405411000064, 6.932559489000027 ], [ 79.86441641600004, 6.932456837000075 ], [ 79.864532545000031, 6.93248933700005 ], [ 79.864635892000081, 6.932529728000077 ], [ 79.864743075000035, 6.932568211000046 ], [ 79.864815785000076, 6.932604716000071 ], [ 79.86486169300008, 6.932635426000047 ], [ 79.864928721000069, 6.932639383000037 ], [ 79.864968938000061, 6.93264137500006 ], [ 79.86500914800007, 6.932647193000037 ], [ 79.865053189000037, 6.932653019000043 ], [ 79.865095273000065, 6.932679894000046 ], [ 79.86509970000003, 6.932680871000059 ], [ 79.865141029000085, 6.932699516000071 ], [ 79.865176930000075, 6.932705326000075 ], [ 79.86520779600005, 6.932713998000054 ], [ 79.865270036000084, 6.932692281000072 ], [ 79.86530595000005, 6.932682213000021 ], [ 79.865450261000035, 6.932652561000054 ], [ 79.865487309000059, 6.932722604000048 ], [ 79.86563467700006, 6.932975252000062 ], [ 79.865785269000071, 6.933246350000047 ], [ 79.865832651000062, 6.933359643000074 ], [ 79.865834264000057, 6.933363501000031 ], [ 79.86587417100003, 6.933458919000032 ], [ 79.86593853200003, 6.933680665000054 ], [ 79.865968059000068, 6.933901801000047 ], [ 79.865974735000066, 6.934020105000059 ], [ 79.865983023000069, 6.934166943000037 ], [ 79.865975356000035, 6.934248669000056 ], [ 79.865972451000061, 6.934300385000029 ], [ 79.865971091000063, 6.934301738000045 ], [ 79.865971086000059, 6.934304541000074 ], [ 79.865971624000053, 6.934307254000032 ], [ 79.865973495000048, 6.934432152000056 ], [ 79.866093766000063, 6.934455779000075 ], [ 79.866150411000035, 6.93445588700007 ], [ 79.86617250300003, 6.934452750000048 ], [ 79.866194398000061, 6.934449642000061 ], [ 79.86622578600003, 6.934456032000071 ], [ 79.866230285000086, 6.934456240000031 ], [ 79.866287039000042, 6.934458863000032 ], [ 79.866407180000067, 6.934471932000065 ], [ 79.86653380000007, 6.934481396000024 ], [ 79.866685294000035, 6.934492721000026 ], [ 79.867032596000058, 6.934532085000058 ], [ 79.867167921000032, 6.934543365000025 ], [ 79.867437820000077, 6.934565864000035 ], [ 79.867498966000085, 6.934577557000068 ], [ 79.867568153000036, 6.934595501000047 ], [ 79.867572645000052, 6.934596083000031 ], [ 79.86766244100005, 6.934607714000038 ], [ 79.867664539000032, 6.93460798600006 ], [ 79.867678426000055, 6.934609785000021 ], [ 79.867682499000068, 6.934550914000056 ], [ 79.867693748000079, 6.934383180000054 ], [ 79.867713236000043, 6.934294349000027 ], [ 79.867705673000046, 6.93424361600006 ], [ 79.867675079000037, 6.934177098000021 ], [ 79.867671134000034, 6.934162109000056 ], [ 79.867657046000033, 6.934132197000054 ], [ 79.867633160000082, 6.934103442000037 ], [ 79.867574884000078, 6.934030602000064 ], [ 79.867513725000038, 6.933961585000077 ], [ 79.867412416000036, 6.933857082000031 ], [ 79.867332127000054, 6.933776544000068 ], [ 79.867138098000055, 6.933581911000033 ], [ 79.86704538400005, 6.93348986500007 ], [ 79.866892445000076, 6.933341244000076 ], [ 79.866666530000032, 6.933101975000056 ], [ 79.866649651000046, 6.933086449000029 ], [ 79.866462011000067, 6.932930585000065 ], [ 79.866423804000078, 6.932879075000073 ], [ 79.866374900000039, 6.932788070000072 ], [ 79.866360626000073, 6.932740195000065 ], [ 79.866350172000068, 6.932573904000037 ], [ 79.866322375000038, 6.932088194000073 ], [ 79.866302486000052, 6.931847722000043 ], [ 79.866290689000039, 6.93168148500007 ], [ 79.866344673000071, 6.931587142000069 ], [ 79.866487441000061, 6.93136888500004 ], [ 79.866555356000049, 6.931268443000022 ], [ 79.866556075000062, 6.931268481000075 ], [ 79.866715179000039, 6.931005969000068 ], [ 79.866790774000037, 6.93091161500007 ], [ 79.867049252000072, 6.930699184000048 ], [ 79.867104167000036, 6.930654053000069 ], [ 79.867144670000073, 6.930606502000046 ], [ 79.867149466000058, 6.930600870000035 ], [ 79.867146512000033, 6.930598977000045 ], [ 79.867146640000044, 6.930598450000048 ], [ 79.867158176000032, 6.930528305000053 ], [ 79.866585398000041, 6.93038877400005 ], [ 79.866148008000039, 6.930286394000063 ], [ 79.865744609000046, 6.930199450000032 ], [ 79.865479786000037, 6.930137456000068 ], [ 79.864895310000065, 6.929965620000075 ], [ 79.864859685000056, 6.929904070000021 ], [ 79.864859354000032, 6.92990349300004 ], [ 79.86471881600005, 6.929660654000031 ], [ 79.86464385000005, 6.929542239000057 ], [ 79.864557658000081, 6.929427059000034 ], [ 79.864473059000034, 6.92933032600007 ], [ 79.864359830000069, 6.929205509000042 ], [ 79.86430320900007, 6.92914698900006 ], [ 79.864228057000048, 6.929078486000037 ], [ 79.864176210000039, 6.929030735000026 ], [ 79.864098016000071, 6.928974637000067 ], [ 79.864089012000079, 6.928968178000048 ], [ 79.864045137000062, 6.928944579000074 ], [ 79.864000609000072, 6.928920627000025 ] ] ] ] } },
{ "type": "Feature", "properties": { "Shape_Leng": 0.02854663123, "Shape_Area": 2.520229e-05, "ADM4_EN": "Maligawatta West", "ADM4_SI": "මාළිගාවත්ත බටහිර", "ADM4_TA": null, "ADM4_PCODE": "LK1103155", "ADM4_REF": null, "ADM3_EN": "Colombo", "ADM3_SI": "කොළඹ", "ADM3_TA": "கொழும்பு", "ADM3_PCODE": "LK1103", "ADM2_EN": "Colombo", "ADM2_SI": "කොළඹ දිස්ත්‍රික්ක", "ADM2_TA": "கொழும்பு மாவட்டம்", "ADM2_PCODE": "LK11", "ADM1_EN": "Western", "ADM1_SI": "බස්නාහිර පළාත", "ADM1_TA": "மேல் மாகாணம் ", "ADM1_PCODE": "LK1", "ADM0_EN": "Sri Lanka", "ADM0_SI": "ශ්‍රී ලංකා", "ADM0_TA": "இலங்கை", "ADM0_PCODE": "LK", "date": "2022-08-02", "validOn": "2022-08-16", "validTo": null, "length_sum": 16514.0, "damage_sco": 1 }, "geometry": { "type": "MultiPolygon", "coordinates": [ [ [ [ 79.871763696000073, 6.934190901000022 ], [ 79.871768151000083, 6.934167430000059 ], [ 79.871780694000051, 6.934101347000023 ], [ 79.871803858000078, 6.933947119000038 ], [ 79.871813780000082, 6.93388105400004 ], [ 79.871828920000041, 6.933723569000051 ], [ 79.87184386000007, 6.933529012000065 ], [ 79.871871714000065, 6.933300028000076 ], [ 79.871883105000052, 6.93321035300005 ], [ 79.87189434700008, 6.933103767000034 ], [ 79.871927785000082, 6.932983843000045 ], [ 79.871950119000076, 6.932897261000051 ], [ 79.871983725000064, 6.932783847000053 ], [ 79.872023930000069, 6.93262622900005 ], [ 79.872046285000067, 6.932528527000045 ], [ 79.87209957500005, 6.932532064000043 ], [ 79.872149748000083, 6.932546070000058 ], [ 79.872267996000062, 6.932143366000048 ], [ 79.872279979000041, 6.932102556000075 ], [ 79.872290354000029, 6.932067226000072 ], [ 79.87230141100008, 6.932029570000054 ], [ 79.87230687400006, 6.932010965000075 ], [ 79.872313376000079, 6.93198882300004 ], [ 79.872325320000073, 6.931948146000025 ], [ 79.872336306000079, 6.931910731000073 ], [ 79.872345894000034, 6.931878076000032 ], [ 79.872362318000057, 6.931822147000048 ], [ 79.872403899000062, 6.931709081000065 ], [ 79.872476353000081, 6.931662765000056 ], [ 79.872500158000037, 6.931608262000054 ], [ 79.872513239000057, 6.931527903000074 ], [ 79.872474787000044, 6.93151632200005 ], [ 79.872494996000057, 6.931461372000058 ], [ 79.872464996000076, 6.931434388000071 ], [ 79.87246893300005, 6.931378892000055 ], [ 79.87244415400005, 6.931315686000062 ], [ 79.872522626000034, 6.931344544000069 ], [ 79.872624096000038, 6.931365790000029 ], [ 79.872635674000037, 6.931320834000076 ], [ 79.872661652000033, 6.931256768000026 ], [ 79.872599476000062, 6.931219329000044 ], [ 79.872629509000035, 6.931163244000061 ], [ 79.872646829000075, 6.931120215000021 ], [ 79.872773627000072, 6.930915666000033 ], [ 79.872838131000037, 6.930806053000026 ], [ 79.872817657000041, 6.930794683000045 ], [ 79.872816098000044, 6.930793817000051 ], [ 79.872720024000046, 6.930734499000039 ], [ 79.872625467000034, 6.930674245000034 ], [ 79.872522566000043, 6.93060867500003 ], [ 79.872460284000056, 6.930568987000072 ], [ 79.872340542000074, 6.93050021800002 ], [ 79.872323800000061, 6.930490603000067 ], [ 79.872227816000077, 6.930431737000049 ], [ 79.872035396000058, 6.930314275000057 ], [ 79.871923505000041, 6.930245704000072 ], [ 79.871795889000055, 6.930167429000051 ], [ 79.871675845000084, 6.93010444600003 ], [ 79.871545303000062, 6.930040291000068 ], [ 79.871538798000074, 6.930037094000056 ], [ 79.871480850000069, 6.930008411000074 ], [ 79.871334103000038, 6.929950623000025 ], [ 79.871316835000073, 6.929942271000073 ], [ 79.871317378000072, 6.929942815000061 ], [ 79.871260322000069, 6.929921185000069 ], [ 79.871140296000078, 6.929895821000059 ], [ 79.871087192000061, 6.929890294000074 ], [ 79.870879897000066, 6.929886372000055 ], [ 79.870641019000061, 6.92988510400005 ], [ 79.870598580000035, 6.929884202000039 ], [ 79.870580123000082, 6.929883811000025 ], [ 79.870580352000047, 6.929882984000074 ], [ 79.870579725000084, 6.929883773000029 ], [ 79.870527219000053, 6.929949813000064 ], [ 79.870459856000082, 6.930121937000024 ], [ 79.870352122000043, 6.930372454000064 ], [ 79.870288607000077, 6.930535017000068 ], [ 79.870242355000073, 6.930684213000063 ], [ 79.870221164000043, 6.930913239000063 ], [ 79.870166635000032, 6.931005526000035 ], [ 79.870137034000038, 6.931055621000041 ], [ 79.870118929000057, 6.931086262000065 ], [ 79.870100197000056, 6.93111796200003 ], [ 79.870093308000037, 6.931129622000071 ], [ 79.870077811000044, 6.931155849000049 ], [ 79.869977314000039, 6.931112479000035 ], [ 79.869837800000084, 6.931057145000068 ], [ 79.869702633000031, 6.931000826000059 ], [ 79.869634910000059, 6.930973842000071 ], [ 79.869472618000032, 6.930905897000059 ], [ 79.869249557000046, 6.930818124000041 ], [ 79.868989266000085, 6.930705235000062 ], [ 79.868806717000041, 6.930631143000028 ], [ 79.868754909000074, 6.930610116000025 ], [ 79.868551478000029, 6.930525364000061 ], [ 79.868413661000034, 6.930481970000073 ], [ 79.868397019000042, 6.93047841200007 ], [ 79.868360300000063, 6.930469119000065 ], [ 79.868257396000047, 6.930443423000042 ], [ 79.868248234000077, 6.930441135000024 ], [ 79.868249610000078, 6.930433146000041 ], [ 79.868255140000031, 6.930401059000076 ], [ 79.868267366000055, 6.930330097000024 ], [ 79.868265156000064, 6.930321501000037 ], [ 79.868251864000058, 6.930191061000073 ], [ 79.868250440000054, 6.930190412000059 ], [ 79.868149994000078, 6.930147089000059 ], [ 79.868071168000085, 6.930106702000046 ], [ 79.868050158000074, 6.930092043000059 ], [ 79.868045750000078, 6.930088969000053 ], [ 79.868011257000035, 6.930064903000073 ], [ 79.867922691000047, 6.930006954000021 ], [ 79.867611156000066, 6.929814847000046 ], [ 79.867525016000059, 6.929766488000041 ], [ 79.867384901000037, 6.92969469600007 ], [ 79.867154557000049, 6.92958376200005 ], [ 79.866975566000065, 6.929495168000074 ], [ 79.866900893000036, 6.929459310000027 ], [ 79.866791765000073, 6.929413710000063 ], [ 79.866706111000042, 6.929377764000037 ], [ 79.866697439000063, 6.929374124000049 ], [ 79.866500636000069, 6.929291535000061 ], [ 79.865557975000058, 6.928906978000043 ], [ 79.865533382000081, 6.928897345000053 ], [ 79.865511046000051, 6.92889043200006 ], [ 79.865386430000058, 6.92885284700003 ], [ 79.86532051000006, 6.928829664000034 ], [ 79.865124060000085, 6.928785886000071 ], [ 79.865070206000041, 6.928774545000067 ], [ 79.865007925000043, 6.928761430000066 ], [ 79.864920727000083, 6.928745258000049 ], [ 79.864884280000069, 6.928735784000025 ], [ 79.864856615000065, 6.928723887000046 ], [ 79.864803722000033, 6.928702446000045 ], [ 79.864662678000059, 6.928644035000048 ], [ 79.864467086000047, 6.92857747100004 ], [ 79.864449585000045, 6.928570914000034 ], [ 79.864447194000036, 6.928570018000073 ], [ 79.86439284800008, 6.928551558000038 ], [ 79.864381001000083, 6.928548190000072 ], [ 79.864375190000032, 6.928546200000028 ], [ 79.864345646000061, 6.928536079000025 ], [ 79.864337608000085, 6.928533325000046 ], [ 79.86432158100007, 6.928527835000068 ], [ 79.864312201000075, 6.928535406000037 ], [ 79.864280809000036, 6.928560747000063 ], [ 79.864262745000076, 6.928580018000048 ], [ 79.864240173000042, 6.928604096000072 ], [ 79.864191253000058, 6.928656279000052 ], [ 79.86416360700008, 6.928685769000026 ], [ 79.864151604000085, 6.92869857200003 ], [ 79.864000609000072, 6.928920627000025 ], [ 79.864045137000062, 6.928944579000074 ], [ 79.864089012000079, 6.928968178000048 ], [ 79.864098016000071, 6.928974637000067 ], [ 79.864176210000039, 6.929030735000026 ], [ 79.864228057000048, 6.929078486000037 ], [ 79.86430320900007, 6.92914698900006 ], [ 79.864359830000069, 6.929205509000042 ], [ 79.864473059000034, 6.92933032600007 ], [ 79.864557658000081, 6.929427059000034 ], [ 79.86464385000005, 6.929542239000057 ], [ 79.86471881600005, 6.929660654000031 ], [ 79.864859354000032, 6.92990349300004 ], [ 79.864859685000056, 6.929904070000021 ], [ 79.864895310000065, 6.929965620000075 ], [ 79.865479786000037, 6.930137456000068 ], [ 79.865744609000046, 6.930199450000032 ], [ 79.866148008000039, 6.930286394000063 ], [ 79.866585398000041, 6.93038877400005 ], [ 79.867158176000032, 6.930528305000053 ], [ 79.867146640000044, 6.930598450000048 ], [ 79.867146512000033, 6.930598977000045 ], [ 79.867149466000058, 6.930600870000035 ], [ 79.867144670000073, 6.930606502000046 ], [ 79.867104167000036, 6.930654053000069 ], [ 79.867049252000072, 6.930699184000048 ], [ 79.866790774000037, 6.93091161500007 ], [ 79.866715179000039, 6.931005969000068 ], [ 79.866556075000062, 6.931268481000075 ], [ 79.866555356000049, 6.931268443000022 ], [ 79.866487441000061, 6.93136888500004 ], [ 79.866344673000071, 6.931587142000069 ], [ 79.866290689000039, 6.93168148500007 ], [ 79.866302486000052, 6.931847722000043 ], [ 79.866322375000038, 6.932088194000073 ], [ 79.866350172000068, 6.932573904000037 ], [ 79.866360626000073, 6.932740195000065 ], [ 79.866374900000039, 6.932788070000072 ], [ 79.866423804000078, 6.932879075000073 ], [ 79.866462011000067, 6.932930585000065 ], [ 79.866649651000046, 6.933086449000029 ], [ 79.866666530000032, 6.933101975000056 ], [ 79.866892445000076, 6.933341244000076 ], [ 79.86704538400005, 6.93348986500007 ], [ 79.867138098000055, 6.933581911000033 ], [ 79.867332127000054, 6.933776544000068 ], [ 79.867412416000036, 6.933857082000031 ], [ 79.867513725000038, 6.933961585000077 ], [ 79.867574884000078, 6.934030602000064 ], [ 79.867633160000082, 6.934103442000037 ], [ 79.867657046000033, 6.934132197000054 ], [ 79.867671134000034, 6.934162109000056 ], [ 79.867675079000037, 6.934177098000021 ], [ 79.867705673000046, 6.93424361600006 ], [ 79.867713236000043, 6.934294349000027 ], [ 79.867693748000079, 6.934383180000054 ], [ 79.867682499000068, 6.934550914000056 ], [ 79.867678426000055, 6.934609785000021 ], [ 79.867679057000032, 6.934609866000073 ], [ 79.867688084000065, 6.934611036000035 ], [ 79.867711267000061, 6.934614040000042 ], [ 79.867820916000085, 6.93462482800004 ], [ 79.868157373000031, 6.934657482000034 ], [ 79.868436017000079, 6.934685412000022 ], [ 79.868569818000083, 6.934699774000023 ], [ 79.868798867000066, 6.934732422000025 ], [ 79.868945325000084, 6.934753298000032 ], [ 79.869108531000052, 6.93476961500005 ], [ 79.869378754000081, 6.934801235000066 ], [ 79.86957794500006, 6.934832720000031 ], [ 79.869707928000082, 6.934855098000071 ], [ 79.870917485000064, 6.933572364000042 ], [ 79.870921819000046, 6.933575982000036 ], [ 79.871035845000051, 6.933608488000061 ], [ 79.871084654000072, 6.933624370000075 ], [ 79.87114495000003, 6.933643146000065 ], [ 79.871218205000048, 6.933646157000055 ], [ 79.871268437000083, 6.933669219000024 ], [ 79.871272615000066, 6.933738128000073 ], [ 79.871263914000053, 6.933781174000046 ], [ 79.871253755000055, 6.933835701000021 ], [ 79.871266633000062, 6.93386156400004 ], [ 79.871378535000076, 6.933936421000055 ], [ 79.87150189700003, 6.934028523000052 ], [ 79.871646798000029, 6.934123538000051 ], [ 79.871763696000073, 6.934190901000022 ] ] ] ] } },
{ "type": "Feature", "properties": { "Shape_Leng": 0.01842951049, "Shape_Area": 1.691063e-05, "ADM4_EN": "Maligakanda", "ADM4_SI": "මාළිගාකන්ද", "ADM4_TA": null, "ADM4_PCODE": "LK1103160", "ADM4_REF": null, "ADM3_EN": "Colombo", "ADM3_SI": "කොළඹ", "ADM3_TA": "கொழும்பு", "ADM3_PCODE": "LK1103", "ADM2_EN": "Colombo", "ADM2_SI": "කොළඹ දිස්ත්‍රික්ක", "ADM2_TA": "கொழும்பு மாவட்டம்", "ADM2_PCODE": "LK11", "ADM1_EN": "Western", "ADM1_SI": "බස්නාහිර පළාත", "ADM1_TA": "மேல் மாகாணம் ", "ADM1_PCODE": "LK1", "ADM0_EN": "Sri Lanka", "ADM0_SI": "ශ්‍රී ලංකා", "ADM0_TA": "இலங்கை", "ADM0_PCODE": "LK", "date": "2022-08-02", "validOn": "2022-08-16", "validTo": null, "length_sum": 5678.0, "damage_sco": 0 }, "geometry": { "type": "MultiPolygon", "coordinates": [ [ [ [ 79.870580352000047, 6.929882984000074 ], [ 79.870580798000049, 6.929881365000028 ], [ 79.870599714000036, 6.929812688000027 ], [ 79.870662828000036, 6.929646071000036 ], [ 79.870711573000051, 6.929518580000035 ], [ 79.870738663000054, 6.929452624000021 ], [ 79.87077503900008, 6.929357480000021 ], [ 79.87086060300004, 6.929138915000067 ], [ 79.870921597000063, 6.928993183000046 ], [ 79.870960244000059, 6.928892708000035 ], [ 79.870996802000036, 6.928796841000064 ], [ 79.871032633000084, 6.928702419000047 ], [ 79.871038459000033, 6.92868452700003 ], [ 79.871039763000056, 6.928664817000026 ], [ 79.871036720000063, 6.928647451000074 ], [ 79.871031217000052, 6.928638579000051 ], [ 79.871027604000062, 6.928634955000064 ], [ 79.871021911000071, 6.928631780000046 ], [ 79.870990707000033, 6.928624486000047 ], [ 79.870836306000058, 6.928594353000051 ], [ 79.870690136000064, 6.928565591000051 ], [ 79.870533830000056, 6.92853862000004 ], [ 79.870310225000082, 6.928499403000046 ], [ 79.870195170000045, 6.928477301000044 ], [ 79.870134112000073, 6.928466516000071 ], [ 79.870113316000072, 6.928458790000036 ], [ 79.87009551500006, 6.928445917000033 ], [ 79.870081983000034, 6.928424551000035 ], [ 79.870076865000044, 6.928403926000044 ], [ 79.870076268000048, 6.928384756000071 ], [ 79.870079652000072, 6.928318302000037 ], [ 79.870083902000033, 6.928272828000047 ], [ 79.870090271000038, 6.928206561000025 ], [ 79.87009289100007, 6.928161356000032 ], [ 79.870092832000068, 6.928145080000036 ], [ 79.870090893000054, 6.928117950000058 ], [ 79.870089310000083, 6.928112660000068 ], [ 79.870086128000082, 6.928102027000023 ], [ 79.870080090000044, 6.928088905000038 ], [ 79.870074944000066, 6.92808274600003 ], [ 79.870068712000034, 6.928077399000074 ], [ 79.870058953000068, 6.928070148000074 ], [ 79.870047653000086, 6.928064339000059 ], [ 79.869903968000074, 6.92801415200006 ], [ 79.869856224000046, 6.927997606000076 ], [ 79.869796455000085, 6.927975700000047 ], [ 79.869754269000055, 6.927961484000036 ], [ 79.869692826000062, 6.927940780000029 ], [ 79.869643186000076, 6.927921426000069 ], [ 79.86962402000006, 6.927912979000041 ], [ 79.869612094000047, 6.927903373000049 ], [ 79.869606317000034, 6.927896037000039 ], [ 79.869601627000065, 6.927888432000032 ], [ 79.869596063000074, 6.927863647000038 ], [ 79.869598644000064, 6.927839418000076 ], [ 79.869618742000057, 6.92769207200007 ], [ 79.869624871000042, 6.92765663800003 ], [ 79.869642819000035, 6.927592564000065 ], [ 79.869657852000046, 6.927538883000068 ], [ 79.869687458000044, 6.927434954000034 ], [ 79.869703350000066, 6.927357856000071 ], [ 79.869736944000067, 6.927203118000023 ], [ 79.869666945000063, 6.92718372500002 ], [ 79.869484900000032, 6.927131024000062 ], [ 79.869325010000068, 6.927084966000052 ], [ 79.869049100000041, 6.927006903000063 ], [ 79.868946626000081, 6.926977909000072 ], [ 79.868813777000071, 6.926939621000031 ], [ 79.868597005000083, 6.926877145000049 ], [ 79.868518681000069, 6.926858369000058 ], [ 79.868292215000054, 6.92680187600007 ], [ 79.86817663000005, 6.926773171000036 ], [ 79.868099399000073, 6.926750599000059 ], [ 79.867972166000072, 6.926709577000054 ], [ 79.867871796000031, 6.926673397000059 ], [ 79.867594361000045, 6.926583531000063 ], [ 79.867403032000084, 6.926512365000065 ], [ 79.867291994000084, 6.926471646000039 ], [ 79.867045506000068, 6.926381295000056 ], [ 79.866959698000073, 6.926348580000024 ], [ 79.866834569000048, 6.926295625000023 ], [ 79.866650336000077, 6.926204490000032 ], [ 79.86663691900003, 6.926198015000068 ], [ 79.866502078000053, 6.926132953000035 ], [ 79.86646113200004, 6.926175633000071 ], [ 79.866353748000051, 6.926287561000038 ], [ 79.866055369000037, 6.926597586000071 ], [ 79.865750723000076, 6.926919443000031 ], [ 79.865678459000037, 6.926996071000076 ], [ 79.865445524000052, 6.927245820000053 ], [ 79.865196506000075, 6.927531163000026 ], [ 79.865149442000074, 6.927583969000068 ], [ 79.865030651000041, 6.927717202000053 ], [ 79.864834330000065, 6.927936096000053 ], [ 79.864687696000033, 6.928102642000056 ], [ 79.864634344000081, 6.928179487000023 ], [ 79.864567734000047, 6.928279818000021 ], [ 79.864468267000063, 6.92838686500005 ], [ 79.86440822000003, 6.92845417500007 ], [ 79.864396357000032, 6.928467473000069 ], [ 79.864395761000083, 6.928467955000031 ], [ 79.864341853000042, 6.928511471000036 ], [ 79.86432158100007, 6.928527835000068 ], [ 79.864337608000085, 6.928533325000046 ], [ 79.864345646000061, 6.928536079000025 ], [ 79.864375190000032, 6.928546200000028 ], [ 79.864381001000083, 6.928548190000072 ], [ 79.86439284800008, 6.928551558000038 ], [ 79.864447194000036, 6.928570018000073 ], [ 79.864449585000045, 6.928570914000034 ], [ 79.864467086000047, 6.92857747100004 ], [ 79.864662678000059, 6.928644035000048 ], [ 79.864803722000033, 6.928702446000045 ], [ 79.864856615000065, 6.928723887000046 ], [ 79.864884280000069, 6.928735784000025 ], [ 79.864920727000083, 6.928745258000049 ], [ 79.865007925000043, 6.928761430000066 ], [ 79.865070206000041, 6.928774545000067 ], [ 79.865124060000085, 6.928785886000071 ], [ 79.86532051000006, 6.928829664000034 ], [ 79.865386430000058, 6.92885284700003 ], [ 79.865511046000051, 6.92889043200006 ], [ 79.865533382000081, 6.928897345000053 ], [ 79.865557975000058, 6.928906978000043 ], [ 79.866500636000069, 6.929291535000061 ], [ 79.866697439000063, 6.929374124000049 ], [ 79.866706111000042, 6.929377764000037 ], [ 79.866791765000073, 6.929413710000063 ], [ 79.866900893000036, 6.929459310000027 ], [ 79.866975566000065, 6.929495168000074 ], [ 79.867154557000049, 6.92958376200005 ], [ 79.867384901000037, 6.92969469600007 ], [ 79.867525016000059, 6.929766488000041 ], [ 79.867611156000066, 6.929814847000046 ], [ 79.867922691000047, 6.930006954000021 ], [ 79.868011257000035, 6.930064903000073 ], [ 79.868045750000078, 6.930088969000053 ], [ 79.868050158000074, 6.930092043000059 ], [ 79.868071168000085, 6.930106702000046 ], [ 79.868149994000078, 6.930147089000059 ], [ 79.868250440000054, 6.930190412000059 ], [ 79.868251864000058, 6.930191061000073 ], [ 79.868265156000064, 6.930321501000037 ], [ 79.868267366000055, 6.930330097000024 ], [ 79.868255140000031, 6.930401059000076 ], [ 79.868249610000078, 6.930433146000041 ], [ 79.868248234000077, 6.930441135000024 ], [ 79.868257396000047, 6.930443423000042 ], [ 79.868360300000063, 6.930469119000065 ], [ 79.868397019000042, 6.93047841200007 ], [ 79.868413661000034, 6.930481970000073 ], [ 79.868551478000029, 6.930525364000061 ], [ 79.868754909000074, 6.930610116000025 ], [ 79.868806717000041, 6.930631143000028 ], [ 79.868989266000085, 6.930705235000062 ], [ 79.869249557000046, 6.930818124000041 ], [ 79.869472618000032, 6.930905897000059 ], [ 79.869634910000059, 6.930973842000071 ], [ 79.869702633000031, 6.931000826000059 ], [ 79.869837800000084, 6.931057145000068 ], [ 79.869977314000039, 6.931112479000035 ], [ 79.870077811000044, 6.931155849000049 ], [ 79.870093308000037, 6.931129622000071 ], [ 79.870100197000056, 6.93111796200003 ], [ 79.870118929000057, 6.931086262000065 ], [ 79.870137034000038, 6.931055621000041 ], [ 79.870166635000032, 6.931005526000035 ], [ 79.870221164000043, 6.930913239000063 ], [ 79.870242355000073, 6.930684213000063 ], [ 79.870288607000077, 6.930535017000068 ], [ 79.870352122000043, 6.930372454000064 ], [ 79.870459856000082, 6.930121937000024 ], [ 79.870527219000053, 6.929949813000064 ], [ 79.870579725000084, 6.929883773000029 ], [ 79.870580352000047, 6.929882984000074 ] ] ] ] } },
{ "type": "Feature", "properties": { "Shape_Leng": 0.01994217723, "Shape_Area": 1.722484e-05, "ADM4_EN": "Maradana", "ADM4_SI": "මරදාන", "ADM4_TA": null, "ADM4_PCODE": "LK1103165", "ADM4_REF": null, "ADM3_EN": "Colombo", "ADM3_SI": "කොළඹ", "ADM3_TA": "கொழும்பு", "ADM3_PCODE": "LK1103", "ADM2_EN": "Colombo", "ADM2_SI": "කොළඹ දිස්ත්‍රික්ක", "ADM2_TA": "கொழும்பு மாவட்டம்", "ADM2_PCODE": "LK11", "ADM1_EN": "Western", "ADM1_SI": "බස්නාහිර පළාත", "ADM1_TA": "மேல் மாகாணம் ", "ADM1_PCODE": "LK1", "ADM0_EN": "Sri Lanka", "ADM0_SI": "ශ්‍රී ලංකා", "ADM0_TA": "இலங்கை", "ADM0_PCODE": "LK", "date": "2022-08-02", "validOn": "2022-08-16", "validTo": null, "length_sum": 16925.0, "damage_sco": 1 }, "geometry": { "type": "MultiPolygon", "coordinates": [ [ [ [ 79.86432158100007, 6.928527835000068 ], [ 79.864341853000042, 6.928511471000036 ], [ 79.864395761000083, 6.928467955000031 ], [ 79.864396357000032, 6.928467473000069 ], [ 79.86440822000003, 6.92845417500007 ], [ 79.864468267000063, 6.92838686500005 ], [ 79.864567734000047, 6.928279818000021 ], [ 79.864634344000081, 6.928179487000023 ], [ 79.864687696000033, 6.928102642000056 ], [ 79.864834330000065, 6.927936096000053 ], [ 79.865030651000041, 6.927717202000053 ], [ 79.865149442000074, 6.927583969000068 ], [ 79.865196506000075, 6.927531163000026 ], [ 79.865445524000052, 6.927245820000053 ], [ 79.865678459000037, 6.926996071000076 ], [ 79.865750723000076, 6.926919443000031 ], [ 79.866055369000037, 6.926597586000071 ], [ 79.866353748000051, 6.926287561000038 ], [ 79.86646113200004, 6.926175633000071 ], [ 79.866502078000053, 6.926132953000035 ], [ 79.866534719000072, 6.926098650000029 ], [ 79.866563914000039, 6.92606796900003 ], [ 79.866779066000049, 6.92584223800003 ], [ 79.867015432000073, 6.92559575100006 ], [ 79.867112535000047, 6.92549394100007 ], [ 79.867155602000082, 6.925448724000034 ], [ 79.867343553000069, 6.92525232600002 ], [ 79.867472243000066, 6.925116584000023 ], [ 79.86756269600005, 6.925021177000076 ], [ 79.867647225000042, 6.924933905000046 ], [ 79.86776524000004, 6.924812059000033 ], [ 79.867888378000032, 6.924683897000023 ], [ 79.867923534000056, 6.924647305000065 ], [ 79.867940494000038, 6.924629653000068 ], [ 79.867800652000085, 6.924510483000063 ], [ 79.867612940000072, 6.924394655000071 ], [ 79.867370073000075, 6.924255304000042 ], [ 79.867079322000052, 6.924079332000076 ], [ 79.866782955000076, 6.923906513000077 ], [ 79.86661157900005, 6.923812058000067 ], [ 79.866456116000052, 6.923719207000033 ], [ 79.866380113000048, 6.92367381400004 ], [ 79.866252146000079, 6.923591196000075 ], [ 79.866147606000084, 6.923512689000063 ], [ 79.86605323200007, 6.923418019000053 ], [ 79.866041167000049, 6.923399615000051 ], [ 79.866004151000084, 6.923343148000072 ], [ 79.865958244000069, 6.923265750000041 ], [ 79.865727069000059, 6.923278624000034 ], [ 79.86572480500007, 6.923278508000067 ], [ 79.865622252000037, 6.923283298000058 ], [ 79.865601616000049, 6.923285609000061 ], [ 79.865550117000055, 6.923288477000028 ], [ 79.865513908000082, 6.923290117000022 ], [ 79.865504147000081, 6.923290559000066 ], [ 79.865367412000069, 6.923297441000045 ], [ 79.865231489000053, 6.923305681000045 ], [ 79.865129591000084, 6.923311099000045 ], [ 79.865111676000083, 6.923312051000039 ], [ 79.864992312000084, 6.923320051000076 ], [ 79.864904265000064, 6.923322866000035 ], [ 79.864842923000083, 6.923319765000031 ], [ 79.864725222000061, 6.923310045000051 ], [ 79.86472763200004, 6.923353980000059 ], [ 79.864728719000084, 6.923373799000046 ], [ 79.864730419000068, 6.923413960000062 ], [ 79.864735731000053, 6.923539462000065 ], [ 79.86474972600007, 6.92369609800005 ], [ 79.864779715000054, 6.92386460900002 ], [ 79.864822056000037, 6.924008642000047 ], [ 79.864877422000063, 6.924155320000068 ], [ 79.864941845000033, 6.924297857000056 ], [ 79.864987435000046, 6.924404006000032 ], [ 79.86505922200007, 6.924571152000055 ], [ 79.865116512000043, 6.92470535700005 ], [ 79.86515759100007, 6.924800196000035 ], [ 79.865192606000051, 6.924895657000036 ], [ 79.865047984000057, 6.924895043000049 ], [ 79.865037699000084, 6.92489499900006 ], [ 79.864827865000052, 6.924894687000062 ], [ 79.864550893000057, 6.924894427000027 ], [ 79.86425274700008, 6.924894307000045 ], [ 79.863973527000041, 6.924886448000052 ], [ 79.863756204000083, 6.924875994000047 ], [ 79.863533898000071, 6.924868513000035 ], [ 79.863339368000084, 6.924862715000074 ], [ 79.863261394000062, 6.924861259000068 ], [ 79.863247620000038, 6.924861001000068 ], [ 79.862798311000063, 6.924842236000075 ], [ 79.862433774000067, 6.924829327000054 ], [ 79.862176719000047, 6.924823950000075 ], [ 79.861868739000045, 6.924809072000073 ], [ 79.861852071000044, 6.925194866000027 ], [ 79.861846580000076, 6.925367468000047 ], [ 79.861840894000068, 6.925548208000066 ], [ 79.861837616000059, 6.925652819000049 ], [ 79.861822829000062, 6.92609494900006 ], [ 79.861802247000071, 6.926492489000054 ], [ 79.861841100000049, 6.926615536000043 ], [ 79.861846849000074, 6.926681630000076 ], [ 79.861850571000048, 6.926724421000074 ], [ 79.861868843000082, 6.926821568000037 ], [ 79.861895834000052, 6.926948842000058 ], [ 79.861912261000043, 6.927016961000049 ], [ 79.861951457000032, 6.927149503000066 ], [ 79.862024857000051, 6.927281660000062 ], [ 79.86210993900005, 6.927409406000038 ], [ 79.862230578000037, 6.927538036000044 ], [ 79.862282168000036, 6.927578462000042 ], [ 79.862370889000033, 6.927647986000068 ], [ 79.862437321000073, 6.927687085000059 ], [ 79.862514340000075, 6.927725391000024 ], [ 79.862629166000033, 6.927771997000036 ], [ 79.862703853000085, 6.927800172000047 ], [ 79.862918172000036, 6.927867676000062 ], [ 79.863166862000071, 6.927941848000046 ], [ 79.863384354000061, 6.928006373000073 ], [ 79.863570018000075, 6.928059536000035 ], [ 79.863596333000032, 6.928068267000072 ], [ 79.863766503000079, 6.928131617000076 ], [ 79.863703261000069, 6.928312393000056 ], [ 79.863697543000058, 6.928328730000032 ], [ 79.863696990000051, 6.928330319000054 ], [ 79.863691679000056, 6.928360160000068 ], [ 79.863688850000074, 6.928376056000047 ], [ 79.863687577000064, 6.928390411000066 ], [ 79.863681888000031, 6.928454589000069 ], [ 79.863679600000069, 6.928480385000057 ], [ 79.863679287000082, 6.928489984000066 ], [ 79.863678255000082, 6.928521614000033 ], [ 79.863676897000062, 6.928568359000053 ], [ 79.863696632000085, 6.928657822000048 ], [ 79.863710437000066, 6.92867919400004 ], [ 79.863734703000034, 6.928716760000043 ], [ 79.863788619000047, 6.928770844000042 ], [ 79.863888159000055, 6.928861819000076 ], [ 79.863942025000085, 6.928894383000056 ], [ 79.864000609000072, 6.928920627000025 ], [ 79.864151604000085, 6.92869857200003 ], [ 79.86416360700008, 6.928685769000026 ], [ 79.864191253000058, 6.928656279000052 ], [ 79.864240173000042, 6.928604096000072 ], [ 79.864262745000076, 6.928580018000048 ], [ 79.864280809000036, 6.928560747000063 ], [ 79.864312201000075, 6.928535406000037 ], [ 79.86432158100007, 6.928527835000068 ] ] ] ] } },
{ "type": "Feature", "properties": { "Shape_Leng": 0.04917521415, "Shape_Area": 6.100251e-05, "ADM4_EN": "Ibbanwala", "ADM4_SI": "ඉබ්බන්වල", "ADM4_TA": null, "ADM4_PCODE": "LK1103170", "ADM4_REF": null, "ADM3_EN": "Colombo", "ADM3_SI": "කොළඹ", "ADM3_TA": "கொழும்பு", "ADM3_PCODE": "LK1103", "ADM2_EN": "Colombo", "ADM2_SI": "කොළඹ දිස්ත්‍රික්ක", "ADM2_TA": "கொழும்பு மாவட்டம்", "ADM2_PCODE": "LK11", "ADM1_EN": "Western", "ADM1_SI": "බස්නාහිර පළාත", "ADM1_TA": "மேல் மாகாணம் ", "ADM1_PCODE": "LK1", "ADM0_EN": "Sri Lanka", "ADM0_SI": "ශ්‍රී ලංකා", "ADM0_TA": "இலங்கை", "ADM0_PCODE": "LK", "date": "2022-08-02", "validOn": "2022-08-16", "validTo": null, "length_sum": 30166.0, "damage_sco": 3 }, "geometry": { "type": "MultiPolygon", "coordinates": [ [ [ [ 79.865504147000081, 6.923290559000066 ], [ 79.865510154000049, 6.923270500000058 ], [ 79.865551775000085, 6.923131511000065 ], [ 79.865576402000045, 6.923063432000049 ], [ 79.865614809000078, 6.922957263000058 ], [ 79.865615839000043, 6.922954417000028 ], [ 79.865615878000085, 6.922954306000065 ], [ 79.865615902000059, 6.922954238000045 ], [ 79.865615931000036, 6.922954160000074 ], [ 79.865622980000069, 6.92293444400002 ], [ 79.86562527600006, 6.922928022000065 ], [ 79.865680513000029, 6.922764919000031 ], [ 79.865743144000078, 6.922567830000048 ], [ 79.865837174000035, 6.922275680000041 ], [ 79.865908276000084, 6.922049401000038 ], [ 79.86594141900008, 6.92197012500003 ], [ 79.865949636000039, 6.92195047000007 ], [ 79.865979843000048, 6.921761594000031 ], [ 79.865985445000035, 6.921726566000075 ], [ 79.866064657000038, 6.921328233000054 ], [ 79.86610341100004, 6.921120468000026 ], [ 79.86611356800006, 6.921066014000075 ], [ 79.866161163000072, 6.920829745000049 ], [ 79.866172338000069, 6.920773009000072 ], [ 79.86619747900005, 6.920645366000031 ], [ 79.86619771200003, 6.920644181000057 ], [ 79.866233019000049, 6.920492613000022 ], [ 79.866281194000067, 6.920331393000026 ], [ 79.86632822200005, 6.920201729000041 ], [ 79.86638550300006, 6.920053499000062 ], [ 79.866410107000036, 6.919989829000031 ], [ 79.866413974000068, 6.919979820000037 ], [ 79.866439766000042, 6.919923758000039 ], [ 79.866445685000031, 6.91991088900005 ], [ 79.866481172000078, 6.919829456000059 ], [ 79.866522026000041, 6.919735708000076 ], [ 79.866669121000029, 6.919421054000054 ], [ 79.866814229000056, 6.919057025000029 ], [ 79.866886816000033, 6.918904987000076 ], [ 79.866911696000045, 6.918859823000048 ], [ 79.866938727000047, 6.918824520000044 ], [ 79.866958940000075, 6.918806113000073 ], [ 79.866829149000068, 6.918731538000031 ], [ 79.86669121500006, 6.918656858000077 ], [ 79.866483408000079, 6.918544429000065 ], [ 79.866465512000048, 6.918534720000025 ], [ 79.866123927000046, 6.918351235000046 ], [ 79.866044119000037, 6.918304607000039 ], [ 79.865860378000036, 6.918194755000059 ], [ 79.865757238000072, 6.918141842000068 ], [ 79.865550147000079, 6.918034478000038 ], [ 79.865500401000077, 6.918006042000059 ], [ 79.86527239600008, 6.917875711000022 ], [ 79.865173776000063, 6.917825970000024 ], [ 79.865066279000075, 6.917779741000061 ], [ 79.865050598000039, 6.917776184000047 ], [ 79.864989492000063, 6.917762322000044 ], [ 79.864954392000072, 6.917759 ], [ 79.864916476000076, 6.917760556000076 ], [ 79.864913276000038, 6.917730530000028 ], [ 79.864911686000085, 6.917710634000059 ], [ 79.864906298000051, 6.917689285000051 ], [ 79.864892974000043, 6.917653451000035 ], [ 79.864881265000065, 6.91762594100004 ], [ 79.86486622700005, 6.917585877000022 ], [ 79.864864521000072, 6.917581332000054 ], [ 79.864850098000034, 6.917553003000023 ], [ 79.864841630000058, 6.917533816000059 ], [ 79.864775685000041, 6.917524830000048 ], [ 79.864774981000039, 6.917524735000029 ], [ 79.864724484000078, 6.917517951000036 ], [ 79.864680890000045, 6.917508101000067 ], [ 79.864634518000059, 6.917484141000045 ], [ 79.864593961000082, 6.917447353000057 ], [ 79.864546179000058, 6.917404221000027 ], [ 79.864544890000047, 6.917373422000026 ], [ 79.864543757000035, 6.917346346000045 ], [ 79.86454638500004, 6.917296619000069 ], [ 79.864552379000031, 6.917237948000036 ], [ 79.864560386000051, 6.917167525000025 ], [ 79.864416541000082, 6.917202877000022 ], [ 79.864348842000084, 6.917212151000058 ], [ 79.864288140000042, 6.91720615600002 ], [ 79.864261424000063, 6.917201650000038 ], [ 79.864187285000071, 6.917189145000066 ], [ 79.864080175000083, 6.917177185000071 ], [ 79.864045938000061, 6.917148636000036 ], [ 79.864005889000055, 6.917129933000069 ], [ 79.863960661000078, 6.917123065000055 ], [ 79.863919939000084, 6.91712506600004 ], [ 79.863905918000057, 6.917125102000057 ], [ 79.863879132000079, 6.917125170000077 ], [ 79.863843836000058, 6.917128989000048 ], [ 79.863823174000061, 6.917098478000071 ], [ 79.863798708000047, 6.917069768000033 ], [ 79.86376402500008, 6.91703724000007 ], [ 79.863700708000067, 6.916978978000031 ], [ 79.86361856700006, 6.916922849000059 ], [ 79.863417476000052, 6.91680148100005 ], [ 79.863362003000077, 6.916770562000067 ], [ 79.863287410000055, 6.91672898500002 ], [ 79.863099328000033, 6.916618582000069 ], [ 79.862976643000081, 6.916548749000071 ], [ 79.862756955000066, 6.916423701000042 ], [ 79.862594110000032, 6.916316150000057 ], [ 79.862506278000069, 6.916255308000075 ], [ 79.862426998000046, 6.916170342000044 ], [ 79.862425809000058, 6.916168697000046 ], [ 79.862356337000051, 6.91607255100007 ], [ 79.862314532000084, 6.916091920000042 ], [ 79.862304445000063, 6.916096594000066 ], [ 79.862266437000073, 6.916099505000034 ], [ 79.862236770000038, 6.916093390000071 ], [ 79.86220512400007, 6.916081937000058 ], [ 79.862180186000046, 6.916062899000053 ], [ 79.86215229000004, 6.916030655000043 ], [ 79.862142136000045, 6.916001872000038 ], [ 79.862134449000052, 6.915998329000047 ], [ 79.862138341000048, 6.915991115000054 ], [ 79.862136058000033, 6.915955214000064 ], [ 79.862141459000043, 6.91592249200005 ], [ 79.862063828000032, 6.915920263000032 ], [ 79.861983504000079, 6.915908082000044 ], [ 79.861877332000063, 6.915879215000075 ], [ 79.861859996000078, 6.915871856000024 ], [ 79.861787195000034, 6.915838307000058 ], [ 79.861701603000085, 6.915791621000039 ], [ 79.861596574000032, 6.915733731000046 ], [ 79.861502210000083, 6.915681648000032 ], [ 79.861250750000067, 6.915545805000022 ], [ 79.861135324000031, 6.915483103000042 ], [ 79.860699472000078, 6.915246900000056 ], [ 79.860311345000071, 6.915036738000026 ], [ 79.860182184000053, 6.914965056000028 ], [ 79.859822551000036, 6.914759471000025 ], [ 79.859785276000082, 6.914738733000036 ], [ 79.85977686800004, 6.914734055000054 ], [ 79.859304733000045, 6.914471388000038 ], [ 79.858439937000071, 6.913938046000055 ], [ 79.858123930000033, 6.913773324000033 ], [ 79.858062567000047, 6.913735048000035 ], [ 79.857931195000049, 6.913637501000039 ], [ 79.857701915000064, 6.913580984000021 ], [ 79.857683119000058, 6.913576351000074 ], [ 79.857406258000083, 6.913428974000055 ], [ 79.857149355000047, 6.91330179800002 ], [ 79.857104908000053, 6.913273995000054 ], [ 79.856967524000083, 6.913188059000049 ], [ 79.85688446000006, 6.913141694000046 ], [ 79.856795788000056, 6.91309504700007 ], [ 79.856665595000038, 6.913043164000044 ], [ 79.856525351000073, 6.912994519000051 ], [ 79.856246289000069, 6.912956364000024 ], [ 79.855878894000057, 6.912929524000049 ], [ 79.85568956000003, 6.912906642000053 ], [ 79.855690044000085, 6.912919220000049 ], [ 79.855696493000039, 6.913086397000029 ], [ 79.855698224000037, 6.913103026000044 ], [ 79.855749353000078, 6.913474780000058 ], [ 79.855804774000035, 6.91377815900006 ], [ 79.85581355000005, 6.913844953000023 ], [ 79.855817881000064, 6.913877919000072 ], [ 79.855825220000042, 6.913920430000076 ], [ 79.855883229000085, 6.914242169000033 ], [ 79.85590374800006, 6.914346283000043 ], [ 79.855918485000075, 6.914488906000031 ], [ 79.855934034000029, 6.914639395000052 ], [ 79.855967059000079, 6.915061 ], [ 79.855960970000069, 6.915215246000059 ], [ 79.855963064000036, 6.915254674000039 ], [ 79.855958432000079, 6.915329412000062 ], [ 79.855949429000077, 6.91547464100006 ], [ 79.85592777200003, 6.91560984900002 ], [ 79.85592469900007, 6.915629032000027 ], [ 79.85587255300004, 6.915830299000049 ], [ 79.855792627000085, 6.91603322800006 ], [ 79.855666811000049, 6.916289599000038 ], [ 79.855570668000041, 6.916456330000074 ], [ 79.855493292000062, 6.916556276000051 ], [ 79.855462008000075, 6.916591028000028 ], [ 79.855335780000075, 6.916733648000047 ], [ 79.855174268000042, 6.916921411000033 ], [ 79.855105980000076, 6.917000758000029 ], [ 79.854891004000081, 6.917275220000022 ], [ 79.854879379000067, 6.917291894000073 ], [ 79.854708808000055, 6.917536545000075 ], [ 79.854504438000049, 6.917893763000052 ], [ 79.854320269000084, 6.918239085000039 ], [ 79.854313976000071, 6.918251080000061 ], [ 79.854172507000044, 6.918520730000068 ], [ 79.854065613000046, 6.918724602000054 ], [ 79.854010555000059, 6.918840415000034 ], [ 79.853823245000058, 6.919264758000054 ], [ 79.85377290100007, 6.919376510000063 ], [ 79.853767450000078, 6.919388164000054 ], [ 79.853642117000049, 6.919674193000048 ], [ 79.853597133000051, 6.919774653000047 ], [ 79.85331986500006, 6.920394492000071 ], [ 79.853194729000052, 6.920673196000052 ], [ 79.853179258000068, 6.920708488000059 ], [ 79.853060398000082, 6.920979643000067 ], [ 79.85300275000003, 6.921124746000032 ], [ 79.852890249000041, 6.921419118000074 ], [ 79.85276469400003, 6.921819708000044 ], [ 79.852635840000062, 6.922241362000022 ], [ 79.852580078000074, 6.922408784000027 ], [ 79.852442616000076, 6.922821506000048 ], [ 79.852400377000038, 6.922948326000039 ], [ 79.852390918000083, 6.922976728000037 ], [ 79.852503741000078, 6.922913448000031 ], [ 79.852717649000056, 6.922793470000045 ], [ 79.852758570000049, 6.922773497000037 ], [ 79.853570309000077, 6.92237730100004 ], [ 79.853573784000048, 6.922385594000048 ], [ 79.854067101000055, 6.922152633000053 ], [ 79.854740279000055, 6.921836020000057 ], [ 79.855220918000043, 6.921608548000052 ], [ 79.855784504000042, 6.921346785000026 ], [ 79.856108002000042, 6.921196680000037 ], [ 79.856202551000081, 6.921152919000065 ], [ 79.857293708000043, 6.920630046000042 ], [ 79.857797554000058, 6.920377931000075 ], [ 79.857794974000058, 6.920372560000033 ], [ 79.857802019000076, 6.920369219000065 ], [ 79.857584258000031, 6.919930626000053 ], [ 79.857578118000049, 6.919917718000022 ], [ 79.857441208000068, 6.919594922000044 ], [ 79.857294116000048, 6.919109440000057 ], [ 79.857380865000039, 6.918887806000043 ], [ 79.857417908000059, 6.918822955000053 ], [ 79.857476664000046, 6.918759503000047 ], [ 79.857802057000072, 6.918610577000038 ], [ 79.857963891000054, 6.918537918000027 ], [ 79.85798933600006, 6.918528111000057 ], [ 79.858076445000052, 6.918494552000027 ], [ 79.858110321000083, 6.918476420000047 ], [ 79.858268830000043, 6.918391574000054 ], [ 79.858369697000057, 6.918356684000059 ], [ 79.858823595000047, 6.918150587000071 ], [ 79.859282653000037, 6.917942690000075 ], [ 79.859464062000029, 6.917854246000047 ], [ 79.859590946000083, 6.917793728000049 ], [ 79.859701349000034, 6.917739508000068 ], [ 79.859728790000077, 6.91772626900007 ], [ 79.859772025000041, 6.917705714000022 ], [ 79.859777546000032, 6.917703090000032 ], [ 79.859809484000039, 6.917687904000047 ], [ 79.859883294000042, 6.91765386700007 ], [ 79.859986631000083, 6.917603883000027 ], [ 79.86005790300004, 6.917571468000062 ], [ 79.860107889000062, 6.917551040000035 ], [ 79.860151711000071, 6.917537018000075 ], [ 79.860230676000072, 6.917691428000069 ], [ 79.860264581000081, 6.917759757000056 ], [ 79.86028241300005, 6.917795693000073 ], [ 79.860348139000052, 6.917918429000053 ], [ 79.860408645000064, 6.918025425000053 ], [ 79.860456426000042, 6.918116298000029 ], [ 79.860507625000082, 6.918217939000044 ], [ 79.860557680000056, 6.918302579000056 ], [ 79.860685540000077, 6.918533308000065 ], [ 79.860685811000053, 6.918533761000049 ], [ 79.860737836000055, 6.918629525000028 ], [ 79.860829902000035, 6.91880468200003 ], [ 79.860842502000082, 6.918828653000048 ], [ 79.86089262400003, 6.918925228000035 ], [ 79.861046414000043, 6.918849034000061 ], [ 79.861118052000052, 6.918813540000031 ], [ 79.861350626000046, 6.918702950000068 ], [ 79.861422351000044, 6.918670718000044 ], [ 79.861504077000063, 6.918848190000062 ], [ 79.86156819200005, 6.918961882000076 ], [ 79.86159028700007, 6.919000082000025 ], [ 79.86165666100004, 6.919114863000061 ], [ 79.861769244000072, 6.91933896300003 ], [ 79.861890263000078, 6.919598522000058 ], [ 79.861890506000066, 6.919599442000049 ], [ 79.861910650000084, 6.919675823000034 ], [ 79.861944160000064, 6.91980288600007 ], [ 79.86198282600003, 6.920163468000055 ], [ 79.86202176200004, 6.920431189000055 ], [ 79.862041533000081, 6.920595612000056 ], [ 79.862069198000029, 6.920794952000051 ], [ 79.862100549000047, 6.92100795500005 ], [ 79.862228074000029, 6.920990205000066 ], [ 79.862442379000072, 6.920969368000044 ], [ 79.862478575000068, 6.920968262000031 ], [ 79.862517840000066, 6.92097050700005 ], [ 79.862545964000049, 6.920979423000063 ], [ 79.862576426000032, 6.920995939000022 ], [ 79.862694395000062, 6.921054124000023 ], [ 79.862906112000076, 6.921155350000049 ], [ 79.863145935000034, 6.921275076000029 ], [ 79.863235878000069, 6.921321184000021 ], [ 79.863380179000046, 6.921378786000048 ], [ 79.863550643000053, 6.921430021000049 ], [ 79.863687747000085, 6.921465638000029 ], [ 79.863829087000056, 6.921510486000045 ], [ 79.86397575400008, 6.921561223000026 ], [ 79.86406274400008, 6.921590597000034 ], [ 79.864205347000052, 6.921636803000069 ], [ 79.864278978000073, 6.921648879000031 ], [ 79.864336680000065, 6.92166291500007 ], [ 79.86436234100006, 6.921728610000059 ], [ 79.864401672000042, 6.921838276000074 ], [ 79.864486604000035, 6.922043694000024 ], [ 79.864558203000058, 6.922218163000025 ], [ 79.864621219000071, 6.922386920000065 ], [ 79.864663657000051, 6.922527424000066 ], [ 79.864689236000061, 6.922636792000048 ], [ 79.864703421000058, 6.922741707000057 ], [ 79.864709898000058, 6.922841692000077 ], [ 79.864715636000085, 6.922930259000054 ], [ 79.864716446000045, 6.922979539000039 ], [ 79.864714424000056, 6.923043101000076 ], [ 79.864725222000061, 6.923310045000051 ], [ 79.864842923000083, 6.923319765000031 ], [ 79.864904265000064, 6.923322866000035 ], [ 79.864992312000084, 6.923320051000076 ], [ 79.865111676000083, 6.923312051000039 ], [ 79.865129591000084, 6.923311099000045 ], [ 79.865231489000053, 6.923305681000045 ], [ 79.865367412000069, 6.923297441000045 ], [ 79.865504147000081, 6.923290559000066 ] ] ] ] } },
{ "type": "Feature", "properties": { "Shape_Leng": 0.02512872071, "Shape_Area": 2.704199e-05, "ADM4_EN": "Wekanda", "ADM4_SI": "වෑකන්ද", "ADM4_TA": null, "ADM4_PCODE": "LK1103175", "ADM4_REF": null, "ADM3_EN": "Colombo", "ADM3_SI": "කොළඹ", "ADM3_TA": "கொழும்பு", "ADM3_PCODE": "LK1103", "ADM2_EN": "Colombo", "ADM2_SI": "කොළඹ දිස්ත්‍රික්ක", "ADM2_TA": "கொழும்பு மாவட்டம்", "ADM2_PCODE": "LK11", "ADM1_EN": "Western", "ADM1_SI": "බස්නාහිර පළාත", "ADM1_TA": "மேல் மாகாணம் ", "ADM1_PCODE": "LK1", "ADM0_EN": "Sri Lanka", "ADM0_SI": "ශ්‍රී ලංකා", "ADM0_TA": "இலங்கை", "ADM0_PCODE": "LK", "date": "2022-08-02", "validOn": "2022-08-16", "validTo": null, "length_sum": 11956.0, "damage_sco": 1 }, "geometry": { "type": "MultiPolygon", "coordinates": [ [ [ [ 79.852390918000083, 6.922976728000037 ], [ 79.852400377000038, 6.922948326000039 ], [ 79.852442616000076, 6.922821506000048 ], [ 79.852580078000074, 6.922408784000027 ], [ 79.852635840000062, 6.922241362000022 ], [ 79.85276469400003, 6.921819708000044 ], [ 79.852890249000041, 6.921419118000074 ], [ 79.85300275000003, 6.921124746000032 ], [ 79.853060398000082, 6.920979643000067 ], [ 79.853179258000068, 6.920708488000059 ], [ 79.853194729000052, 6.920673196000052 ], [ 79.85331986500006, 6.920394492000071 ], [ 79.853597133000051, 6.919774653000047 ], [ 79.853642117000049, 6.919674193000048 ], [ 79.853767450000078, 6.919388164000054 ], [ 79.85377290100007, 6.919376510000063 ], [ 79.853823245000058, 6.919264758000054 ], [ 79.854010555000059, 6.918840415000034 ], [ 79.854065613000046, 6.918724602000054 ], [ 79.854172507000044, 6.918520730000068 ], [ 79.854313976000071, 6.918251080000061 ], [ 79.854320269000084, 6.918239085000039 ], [ 79.854504438000049, 6.917893763000052 ], [ 79.854708808000055, 6.917536545000075 ], [ 79.854879379000067, 6.917291894000073 ], [ 79.854891004000081, 6.917275220000022 ], [ 79.855105980000076, 6.917000758000029 ], [ 79.855174268000042, 6.916921411000033 ], [ 79.855335780000075, 6.916733648000047 ], [ 79.855462008000075, 6.916591028000028 ], [ 79.855493292000062, 6.916556276000051 ], [ 79.855570668000041, 6.916456330000074 ], [ 79.855666811000049, 6.916289599000038 ], [ 79.855792627000085, 6.91603322800006 ], [ 79.85587255300004, 6.915830299000049 ], [ 79.85592469900007, 6.915629032000027 ], [ 79.85592777200003, 6.91560984900002 ], [ 79.855949429000077, 6.91547464100006 ], [ 79.855958432000079, 6.915329412000062 ], [ 79.855963064000036, 6.915254674000039 ], [ 79.855960970000069, 6.915215246000059 ], [ 79.855807536000043, 6.91526065000005 ], [ 79.85564038800004, 6.915310110000064 ], [ 79.855035087000033, 6.915483361000042 ], [ 79.854869560000054, 6.915548053000066 ], [ 79.854800118000071, 6.915569711000046 ], [ 79.854568723000057, 6.915679485000055 ], [ 79.854464662000055, 6.915728835000039 ], [ 79.854044410000085, 6.915942136000069 ], [ 79.853697615000044, 6.916116338000052 ], [ 79.853299646000039, 6.916316300000062 ], [ 79.853052873000081, 6.916423513000041 ], [ 79.852859286000069, 6.916485578000049 ], [ 79.852828609000085, 6.916495413000064 ], [ 79.852568842000039, 6.916537498000025 ], [ 79.852495470000065, 6.916541866000046 ], [ 79.852490351000085, 6.916543017000038 ], [ 79.852482206000047, 6.916542657000036 ], [ 79.852440885000078, 6.916545117000055 ], [ 79.852372928000079, 6.916547245000061 ], [ 79.852167092000059, 6.916541421000034 ], [ 79.85179961700004, 6.916508336000049 ], [ 79.851497714000061, 6.916488761000039 ], [ 79.851326319000066, 6.916500092000035 ], [ 79.85112693700006, 6.916525293000063 ], [ 79.851053335000074, 6.91653666600007 ], [ 79.851003845000037, 6.916544314000021 ], [ 79.850965047000045, 6.916557885000032 ], [ 79.850828006000029, 6.916605820000029 ], [ 79.850736919000042, 6.916637449000063 ], [ 79.850578379000069, 6.916692500000067 ], [ 79.850547711000047, 6.91669285100005 ], [ 79.850490789000048, 6.916693504000023 ], [ 79.85046576700006, 6.916764889000035 ], [ 79.850404824000066, 6.916882497000074 ], [ 79.850369256000079, 6.916979721000075 ], [ 79.850345299000082, 6.917062047000059 ], [ 79.850321528000052, 6.917188047000025 ], [ 79.850297986000044, 6.917288910000025 ], [ 79.850247123000031, 6.91738818400006 ], [ 79.850181156000076, 6.917483268000069 ], [ 79.850095581000062, 6.917612313000063 ], [ 79.849994651000031, 6.917725866000069 ], [ 79.849776471000041, 6.917972198000029 ], [ 79.849658577000071, 6.918108595000035 ], [ 79.849573577000058, 6.918220098000063 ], [ 79.84952396400007, 6.918280946000039 ], [ 79.849454254000079, 6.918393292000076 ], [ 79.849417378000055, 6.918511491000061 ], [ 79.84937863600004, 6.918658710000045 ], [ 79.849338725000052, 6.918802130000074 ], [ 79.849294760000078, 6.918935777000058 ], [ 79.849230857000066, 6.919178973000044 ], [ 79.849069082000085, 6.919824080000069 ], [ 79.849037899000052, 6.919944359000056 ], [ 79.849015394000048, 6.920031165000069 ], [ 79.849051413000041, 6.920059151000032 ], [ 79.849059562000036, 6.920065484000077 ], [ 79.849173017000055, 6.920172057000059 ], [ 79.84919431600008, 6.920192065000037 ], [ 79.849214363000044, 6.920216937000021 ], [ 79.849214535000044, 6.920217083000068 ], [ 79.84922653700005, 6.920227323000063 ], [ 79.849273096000047, 6.920290719000036 ], [ 79.849281433000044, 6.920302072000027 ], [ 79.849281662000067, 6.920301480000035 ], [ 79.849341624000033, 6.920376809000061 ], [ 79.849410392000038, 6.920471937000059 ], [ 79.849433397000041, 6.920503758000052 ], [ 79.849559912000075, 6.920725806000064 ], [ 79.849630182000055, 6.920883365000066 ], [ 79.849684250000053, 6.921043334000046 ], [ 79.849712441000065, 6.92115659600006 ], [ 79.84975533800008, 6.921384267000064 ], [ 79.849782938000033, 6.921522122000056 ], [ 79.849788571000033, 6.921568318000027 ], [ 79.849794742000086, 6.921569813000076 ], [ 79.849845028000061, 6.921559497000032 ], [ 79.849883524000063, 6.921568466000053 ], [ 79.850218822000045, 6.921646592000059 ], [ 79.850223238000069, 6.921647620000044 ], [ 79.850414814000032, 6.921692258000064 ], [ 79.850467194000032, 6.921697333000054 ], [ 79.850579435000043, 6.921722870000053 ], [ 79.850726932000043, 6.921764619000044 ], [ 79.850774680000029, 6.921778136000057 ], [ 79.850791793000042, 6.921783020000021 ], [ 79.850796253000055, 6.921784292000041 ], [ 79.850988103000077, 6.921839042000045 ], [ 79.851011164000056, 6.921845054000073 ], [ 79.851043083000036, 6.921857052000064 ], [ 79.85106277400007, 6.921873818000051 ], [ 79.851071252000054, 6.921888031000037 ], [ 79.851077004000047, 6.921907935000036 ], [ 79.851077045000068, 6.921933433000049 ], [ 79.851028222000082, 6.922192754000037 ], [ 79.851018442000054, 6.922241175000067 ], [ 79.850986243000079, 6.922413595000023 ], [ 79.85098987300006, 6.922509786000035 ], [ 79.850916037000047, 6.922789041000044 ], [ 79.850889628000061, 6.922904280000068 ], [ 79.850852575000033, 6.923087807000059 ], [ 79.850778910000031, 6.923508070000025 ], [ 79.850748589000034, 6.923676702000023 ], [ 79.850742228000058, 6.923712078000051 ], [ 79.850723036000034, 6.923763489000066 ], [ 79.850692747000039, 6.92384462800004 ], [ 79.850722907000034, 6.923829345000058 ], [ 79.851516691000029, 6.923427133000075 ], [ 79.85181169100008, 6.923275800000056 ], [ 79.851827995000065, 6.923267422000038 ], [ 79.85190407500005, 6.923228133000066 ], [ 79.852206293000052, 6.923072068000067 ], [ 79.852390918000083, 6.922976728000037 ] ] ] ] } },
{ "type": "Feature", "properties": { "Shape_Leng": 0.04264546846, "Shape_Area": 6.862422e-05, "ADM4_EN": "Kollupitiya", "ADM4_SI": "කොල්ලුපිටිය", "ADM4_TA": null, "ADM4_PCODE": "LK1127005", "ADM4_REF": null, "ADM3_EN": "Thimbirigasyaya", "ADM3_SI": "තිඹිරිගස්යාය", "ADM3_TA": "திம்பிரிகஸ்யாய", "ADM3_PCODE": "LK1127", "ADM2_EN": "Colombo", "ADM2_SI": "කොළඹ දිස්ත්‍රික්ක", "ADM2_TA": "கொழும்பு மாவட்டம்", "ADM2_PCODE": "LK11", "ADM1_EN": "Western", "ADM1_SI": "බස්නාහිර පළාත", "ADM1_TA": "மேல் மாகாணம் ", "ADM1_PCODE": "LK1", "ADM0_EN": "Sri Lanka", "ADM0_SI": "ශ්‍රී ලංකා", "ADM0_TA": "இலங்கை", "ADM0_PCODE": "LK", "date": "2022-08-02", "validOn": "2022-08-16", "validTo": null, "length_sum": 38250.0, "damage_sco": 3 }, "geometry": { "type": "MultiPolygon", "coordinates": [ [ [ [ 79.855960970000069, 6.915215246000059 ], [ 79.855967059000079, 6.915061 ], [ 79.855934034000029, 6.914639395000052 ], [ 79.855918485000075, 6.914488906000031 ], [ 79.85590374800006, 6.914346283000043 ], [ 79.855883229000085, 6.914242169000033 ], [ 79.855825220000042, 6.913920430000076 ], [ 79.855817881000064, 6.913877919000072 ], [ 79.85581355000005, 6.913844953000023 ], [ 79.855804774000035, 6.91377815900006 ], [ 79.855749353000078, 6.913474780000058 ], [ 79.855698224000037, 6.913103026000044 ], [ 79.855696493000039, 6.913086397000029 ], [ 79.855690044000085, 6.912919220000049 ], [ 79.85568956000003, 6.912906642000053 ], [ 79.855703426000048, 6.912826817000052 ], [ 79.855712212000071, 6.912776245000032 ], [ 79.855718655000032, 6.912739148000071 ], [ 79.855778670000063, 6.912586273000045 ], [ 79.85583785700004, 6.912440177000065 ], [ 79.855953937000038, 6.912210100000038 ], [ 79.856075477000047, 6.911962283000037 ], [ 79.856110818000047, 6.911890223000057 ], [ 79.856109445000072, 6.911890281000069 ], [ 79.855936069000052, 6.911897613000065 ], [ 79.85580415000004, 6.911903193000057 ], [ 79.855567506000057, 6.911920821000024 ], [ 79.855084760000068, 6.911934806000033 ], [ 79.854970325000068, 6.911932695000075 ], [ 79.854900089000068, 6.911934127000052 ], [ 79.854889954000043, 6.911934520000045 ], [ 79.854353898000056, 6.911955998000053 ], [ 79.853963273000033, 6.911963921000051 ], [ 79.853775976000065, 6.911964552000029 ], [ 79.853703672000051, 6.91196848200002 ], [ 79.853722712000035, 6.911901969000041 ], [ 79.85384483200005, 6.911498115000029 ], [ 79.853965511000069, 6.911136847000023 ], [ 79.854172644000073, 6.910566151000069 ], [ 79.854185679000068, 6.910516445000042 ], [ 79.854209684000068, 6.91045527700004 ], [ 79.854438935000076, 6.909863555000072 ], [ 79.854453579000051, 6.909823527000071 ], [ 79.854477319000068, 6.909759283000028 ], [ 79.85452187900006, 6.909630722000031 ], [ 79.854572346000054, 6.909485116000042 ], [ 79.854485986000043, 6.909477578000065 ], [ 79.854387385000052, 6.909399634000067 ], [ 79.854311284000062, 6.909377118000066 ], [ 79.854309193000063, 6.909383374000072 ], [ 79.854277266000054, 6.90947886400005 ], [ 79.85422875900008, 6.909623987000032 ], [ 79.854204991000074, 6.909702244000073 ], [ 79.854199743000038, 6.909717748000048 ], [ 79.854194071000052, 6.909734503000038 ], [ 79.853820222000081, 6.909631062000074 ], [ 79.853526074000058, 6.909534103000055 ], [ 79.853475432000039, 6.909519990000035 ], [ 79.853132365000079, 6.909382422000022 ], [ 79.853119260000085, 6.909379122000075 ], [ 79.853113142000041, 6.90936861800003 ], [ 79.853096477000065, 6.909362689000034 ], [ 79.853014085000041, 6.90934091400004 ], [ 79.852985458000035, 6.90935573400003 ], [ 79.852763741000047, 6.909289607000062 ], [ 79.852561323000032, 6.909229234000065 ], [ 79.852478215000076, 6.909206378000022 ], [ 79.852421914000047, 6.909362138000063 ], [ 79.852415081000061, 6.909381039000039 ], [ 79.852370382000061, 6.909368349000033 ], [ 79.852236118000064, 6.909330237000063 ], [ 79.852131684000085, 6.909294131000024 ], [ 79.852043071000082, 6.909263493000026 ], [ 79.851781, 6.909166771000059 ], [ 79.851669199000071, 6.909125509000035 ], [ 79.851527058000045, 6.90907667700003 ], [ 79.85115494300004, 6.908966727000063 ], [ 79.850860234000038, 6.908872682000037 ], [ 79.850752100000079, 6.908838175000028 ], [ 79.850615559000062, 6.908794603000047 ], [ 79.850518163000061, 6.908763240000042 ], [ 79.850488150000047, 6.908753576000038 ], [ 79.85051446500006, 6.908668542000044 ], [ 79.850625644000047, 6.908307708000052 ], [ 79.850701833000073, 6.908080984000037 ], [ 79.850719291000075, 6.908029033000048 ], [ 79.850753913000062, 6.907905740000047 ], [ 79.85077532400004, 6.907829493000065 ], [ 79.850888983000061, 6.907496061000074 ], [ 79.851090123000063, 6.906890272000055 ], [ 79.851177843000073, 6.90663545700005 ], [ 79.851218319000054, 6.906522203000065 ], [ 79.851232791000029, 6.906481709000047 ], [ 79.850836230000084, 6.906418649000045 ], [ 79.850736399000084, 6.90638864500005 ], [ 79.850379782000061, 6.906317811000065 ], [ 79.849701749000076, 6.906166198000051 ], [ 79.849680989000035, 6.906161556000029 ], [ 79.849566571000082, 6.906129023000062 ], [ 79.849527217000059, 6.906117835000032 ], [ 79.849423373000036, 6.906088308000051 ], [ 79.849297241000045, 6.906522936000044 ], [ 79.849140548000037, 6.907070128000043 ], [ 79.849060081000061, 6.907363929000041 ], [ 79.849024530000065, 6.907499310000048 ], [ 79.848904966000077, 6.907937436000054 ], [ 79.848791734000031, 6.90837620700006 ], [ 79.84872800900007, 6.908575190000022 ], [ 79.848674514000038, 6.908771569000066 ], [ 79.848655549000057, 6.908837321000021 ], [ 79.848654621000037, 6.908840602000055 ], [ 79.84862550400004, 6.908941646000073 ], [ 79.848616289000063, 6.908979230000057 ], [ 79.848599921000073, 6.909045994000053 ], [ 79.848589386000071, 6.909088960000076 ], [ 79.848554548000038, 6.909229586000038 ], [ 79.848552150000046, 6.909237678000068 ], [ 79.848511560000077, 6.909374628000023 ], [ 79.848481247000052, 6.909467612000071 ], [ 79.848468595000043, 6.909506377000071 ], [ 79.848412393000046, 6.909698595000066 ], [ 79.848369286000036, 6.909857920000036 ], [ 79.848338997000042, 6.909985807000055 ], [ 79.848254003000079, 6.910234026000069 ], [ 79.848163795000062, 6.910603761000061 ], [ 79.848002088000044, 6.911076165000054 ], [ 79.847848903000056, 6.911725448000027 ], [ 79.84776613400004, 6.912038683000048 ], [ 79.847710049000057, 6.912263179000036 ], [ 79.847676086000035, 6.912419089000025 ], [ 79.847642529000041, 6.912551489000066 ], [ 79.847577366000053, 6.912791609000067 ], [ 79.847517411000069, 6.91295886100005 ], [ 79.847476261000054, 6.913089527000068 ], [ 79.847418280000056, 6.913357874000042 ], [ 79.847286558000064, 6.913857101000076 ], [ 79.847162239000056, 6.91436438900007 ], [ 79.847121706000053, 6.91454849400003 ], [ 79.847114586000032, 6.914580852000029 ], [ 79.847000941000033, 6.914949816000046 ], [ 79.846973949000073, 6.915057637000075 ], [ 79.84691805500006, 6.915276345000052 ], [ 79.846854746000076, 6.915493773000037 ], [ 79.846773054000039, 6.915718126000058 ], [ 79.846733006000079, 6.915838671000074 ], [ 79.846695158000045, 6.915945202000046 ], [ 79.846653267000079, 6.916082196000048 ], [ 79.846614468000041, 6.916211694000026 ], [ 79.846570900000074, 6.916374004000033 ], [ 79.846505108000031, 6.916564933000075 ], [ 79.84647252700006, 6.916661349000037 ], [ 79.846447341000044, 6.916769714000054 ], [ 79.846422258000075, 6.91687193000007 ], [ 79.846394199000031, 6.91696980200004 ], [ 79.846312695000051, 6.917283309000027 ], [ 79.846310710000068, 6.917305571000043 ], [ 79.846306497000057, 6.917352831000073 ], [ 79.846273709000059, 6.917468539000026 ], [ 79.846273656000051, 6.917468725000049 ], [ 79.846309101000031, 6.91750526200002 ], [ 79.846324596000045, 6.917527391000021 ], [ 79.846437252000044, 6.917688281000039 ], [ 79.846476026000062, 6.917743656000027 ], [ 79.84647885000004, 6.917822812000054 ], [ 79.84653744700006, 6.918072035000023 ], [ 79.846564268000066, 6.918147826000052 ], [ 79.846610515000066, 6.918278517000033 ], [ 79.846705692000057, 6.918468948000054 ], [ 79.846727788000067, 6.918506243000024 ], [ 79.846836427000085, 6.918660714000055 ], [ 79.846889774000033, 6.918726553000056 ], [ 79.846951269000044, 6.918789606000075 ], [ 79.847014947000048, 6.91884705700005 ], [ 79.847067433000063, 6.918890471000054 ], [ 79.847113144000048, 6.918927813000039 ], [ 79.847143777000042, 6.918952843000056 ], [ 79.847240160000069, 6.919031593000057 ], [ 79.847262112000067, 6.919049629000028 ], [ 79.847416482000085, 6.919138634000035 ], [ 79.847687096000072, 6.919287904000043 ], [ 79.847879456000044, 6.919384125000022 ], [ 79.848088622000034, 6.919492495000043 ], [ 79.848322755000083, 6.919603898000048 ], [ 79.848485206000078, 6.919694776000028 ], [ 79.848774315000071, 6.919856509000056 ], [ 79.848940937000066, 6.919973477000042 ], [ 79.848972649000075, 6.919997952000074 ], [ 79.849015394000048, 6.920031165000069 ], [ 79.849037899000052, 6.919944359000056 ], [ 79.849069082000085, 6.919824080000069 ], [ 79.849230857000066, 6.919178973000044 ], [ 79.849294760000078, 6.918935777000058 ], [ 79.849338725000052, 6.918802130000074 ], [ 79.84937863600004, 6.918658710000045 ], [ 79.849417378000055, 6.918511491000061 ], [ 79.849454254000079, 6.918393292000076 ], [ 79.84952396400007, 6.918280946000039 ], [ 79.849573577000058, 6.918220098000063 ], [ 79.849658577000071, 6.918108595000035 ], [ 79.849776471000041, 6.917972198000029 ], [ 79.849994651000031, 6.917725866000069 ], [ 79.850095581000062, 6.917612313000063 ], [ 79.850181156000076, 6.917483268000069 ], [ 79.850247123000031, 6.91738818400006 ], [ 79.850297986000044, 6.917288910000025 ], [ 79.850321528000052, 6.917188047000025 ], [ 79.850345299000082, 6.917062047000059 ], [ 79.850369256000079, 6.916979721000075 ], [ 79.850404824000066, 6.916882497000074 ], [ 79.85046576700006, 6.916764889000035 ], [ 79.850490789000048, 6.916693504000023 ], [ 79.850547711000047, 6.91669285100005 ], [ 79.850578379000069, 6.916692500000067 ], [ 79.850736919000042, 6.916637449000063 ], [ 79.850828006000029, 6.916605820000029 ], [ 79.850965047000045, 6.916557885000032 ], [ 79.851003845000037, 6.916544314000021 ], [ 79.851053335000074, 6.91653666600007 ], [ 79.85112693700006, 6.916525293000063 ], [ 79.851326319000066, 6.916500092000035 ], [ 79.851497714000061, 6.916488761000039 ], [ 79.85179961700004, 6.916508336000049 ], [ 79.852167092000059, 6.916541421000034 ], [ 79.852372928000079, 6.916547245000061 ], [ 79.852440885000078, 6.916545117000055 ], [ 79.852482206000047, 6.916542657000036 ], [ 79.852490351000085, 6.916543017000038 ], [ 79.852495470000065, 6.916541866000046 ], [ 79.852568842000039, 6.916537498000025 ], [ 79.852828609000085, 6.916495413000064 ], [ 79.852859286000069, 6.916485578000049 ], [ 79.853052873000081, 6.916423513000041 ], [ 79.853299646000039, 6.916316300000062 ], [ 79.853697615000044, 6.916116338000052 ], [ 79.854044410000085, 6.915942136000069 ], [ 79.854464662000055, 6.915728835000039 ], [ 79.854568723000057, 6.915679485000055 ], [ 79.854800118000071, 6.915569711000046 ], [ 79.854869560000054, 6.915548053000066 ], [ 79.855035087000033, 6.915483361000042 ], [ 79.85564038800004, 6.915310110000064 ], [ 79.855807536000043, 6.91526065000005 ], [ 79.855960970000069, 6.915215246000059 ] ] ] ] } },
{ "type": "Feature", "properties": { "Shape_Leng": 0.05718683452, "Shape_Area": 0.00011718518, "ADM4_EN": "Bambalapitiya", "ADM4_SI": "බම්බලපිටිය", "ADM4_TA": null, "ADM4_PCODE": "LK1127010", "ADM4_REF": null, "ADM3_EN": "Thimbirigasyaya", "ADM3_SI": "තිඹිරිගස්යාය", "ADM3_TA": "திம்பிரிகஸ்யாய", "ADM3_PCODE": "LK1127", "ADM2_EN": "Colombo", "ADM2_SI": "කොළඹ දිස්ත්‍රික්ක", "ADM2_TA": "கொழும்பு மாவட்டம்", "ADM2_PCODE": "LK11", "ADM1_EN": "Western", "ADM1_SI": "බස්නාහිර පළාත", "ADM1_TA": "மேல் மாகாணம் ", "ADM1_PCODE": "LK1", "ADM0_EN": "Sri Lanka", "ADM0_SI": "ශ්‍රී ලංකා", "ADM0_TA": "இலங்கை", "ADM0_PCODE": "LK", "date": "2022-08-02", "validOn": "2022-08-16", "validTo": null, "length_sum": 54586.0, "damage_sco": 5 }, "geometry": { "type": "MultiPolygon", "coordinates": [ [ [ [ 79.856110818000047, 6.911890223000057 ], [ 79.85611528000004, 6.911880441000051 ], [ 79.85612138700003, 6.911867052000048 ], [ 79.856292734000078, 6.911491367000053 ], [ 79.856377974000054, 6.911312537000072 ], [ 79.856472981000081, 6.911113214000068 ], [ 79.856526312000085, 6.911000200000046 ], [ 79.856557851000048, 6.910927202000039 ], [ 79.856694036000079, 6.910641012000042 ], [ 79.85671730200005, 6.910587346000057 ], [ 79.856787266000083, 6.91043602600007 ], [ 79.856950568000059, 6.910116704000075 ], [ 79.857005539000056, 6.909997726000029 ], [ 79.857058184000039, 6.909897190000038 ], [ 79.857159928000044, 6.909702891000052 ], [ 79.857209266000041, 6.909596109000063 ], [ 79.857262503000072, 6.909484631000055 ], [ 79.857318466000038, 6.909367283000051 ], [ 79.857343824000054, 6.909308468000063 ], [ 79.857385819000058, 6.909208815000056 ], [ 79.857432694000067, 6.909112156000049 ], [ 79.857472033000079, 6.909028591000038 ], [ 79.857490002000077, 6.908988922000049 ], [ 79.857501293000041, 6.908963998000047 ], [ 79.857609856000067, 6.908737341000062 ], [ 79.857669903000044, 6.90861349000005 ], [ 79.857774199000062, 6.908393787000023 ], [ 79.857783735000055, 6.908374998000056 ], [ 79.857804459000079, 6.908327386000053 ], [ 79.85786127800003, 6.908214331000067 ], [ 79.857941156000038, 6.908055393000041 ], [ 79.858127406000051, 6.907660071000066 ], [ 79.858271214000069, 6.90735101000007 ], [ 79.858296904000042, 6.907295798000064 ], [ 79.858335597000064, 6.907214182000075 ], [ 79.858488053000031, 6.906914522000022 ], [ 79.858545369000069, 6.906799076000027 ], [ 79.858658707000075, 6.906570832000057 ], [ 79.858680075000052, 6.906527800000049 ], [ 79.858816274000048, 6.906279858000062 ], [ 79.858847963000073, 6.906222592000063 ], [ 79.858907879000071, 6.906118543000048 ], [ 79.858928330000083, 6.906090672000062 ], [ 79.858971746000066, 6.906031499000051 ], [ 79.859003766000058, 6.905989878000071 ], [ 79.858990492000032, 6.905979968000054 ], [ 79.858958229000052, 6.905955881000068 ], [ 79.858874294000032, 6.90589342100003 ], [ 79.858839781000086, 6.905867313000044 ], [ 79.858790628000065, 6.905831050000074 ], [ 79.85878142100006, 6.905822448000038 ], [ 79.858703743000035, 6.905749866000065 ], [ 79.858638563000056, 6.905672520000053 ], [ 79.858607303000042, 6.905626743000028 ], [ 79.858589275000043, 6.905600342000071 ], [ 79.858588670000074, 6.905599456000061 ], [ 79.858544218000077, 6.905518985000072 ], [ 79.858506273000046, 6.905441783000072 ], [ 79.858496930000058, 6.905360839000025 ], [ 79.858472747000064, 6.905138719000036 ], [ 79.85846902000003, 6.905093022000074 ], [ 79.858457722000082, 6.904954503000056 ], [ 79.85842561000004, 6.904573769000024 ], [ 79.858406075000062, 6.904334659000028 ], [ 79.85838487500007, 6.904161010000053 ], [ 79.858382688000063, 6.904028267000058 ], [ 79.858383695000043, 6.903975916000036 ], [ 79.858387313000037, 6.903929719000075 ], [ 79.858393491000072, 6.903869149000059 ], [ 79.858414594000067, 6.903765295000028 ], [ 79.858478770000033, 6.903563148000046 ], [ 79.858578594000051, 6.90326847700004 ], [ 79.858600799000044, 6.903202603000068 ], [ 79.858777324000073, 6.902688306000073 ], [ 79.858820542000046, 6.902562394000029 ], [ 79.858972104000031, 6.902087886000061 ], [ 79.85936866600008, 6.900778359000071 ], [ 79.859465484000054, 6.900446791000036 ], [ 79.859545088000061, 6.900174235000065 ], [ 79.85963515800006, 6.899869871000021 ], [ 79.859666028000049, 6.899766488000068 ], [ 79.859710397000072, 6.899655447000043 ], [ 79.859815250000054, 6.899462153000059 ], [ 79.859821084000032, 6.899451399000043 ], [ 79.859934344000067, 6.899320506000038 ], [ 79.85994120600003, 6.899312966000025 ], [ 79.860010507000084, 6.899236832000042 ], [ 79.86015328700006, 6.899094421000029 ], [ 79.860194708000051, 6.899056707000057 ], [ 79.860336095000036, 6.898925817000077 ], [ 79.860338078000041, 6.898923981000053 ], [ 79.86035135700007, 6.898911688000055 ], [ 79.860352027000033, 6.898911067000029 ], [ 79.860388097000055, 6.898877673000072 ], [ 79.860407114000054, 6.898877903000027 ], [ 79.860521009000081, 6.898879278000038 ], [ 79.860602405000066, 6.898935823000045 ], [ 79.860664472000053, 6.898985728000071 ], [ 79.860688395000068, 6.899004964000028 ], [ 79.860695691000046, 6.899010829000076 ], [ 79.86067158600008, 6.898823178000043 ], [ 79.860646762000044, 6.898691555000028 ], [ 79.860559433000049, 6.898459563000074 ], [ 79.86055280000005, 6.898446774000035 ], [ 79.860517405000053, 6.898378541000056 ], [ 79.860403273000031, 6.898158519000049 ], [ 79.860313580000081, 6.897976898000024 ], [ 79.860211087000039, 6.897744640000042 ], [ 79.86012231400008, 6.897550227000067 ], [ 79.860118384000032, 6.897543969000026 ], [ 79.860117310000078, 6.897542258000044 ], [ 79.860106132000055, 6.897524458000021 ], [ 79.86004889700007, 6.897433318000026 ], [ 79.860042885000041, 6.897422076000055 ], [ 79.859979722000048, 6.897303996000062 ], [ 79.859966505000045, 6.897272298000075 ], [ 79.85988461900007, 6.897075928000049 ], [ 79.859875315000068, 6.897065711000039 ], [ 79.859852118000049, 6.897047663000023 ], [ 79.859832204000043, 6.89703836800004 ], [ 79.859810677000041, 6.897028757000044 ], [ 79.859800721000056, 6.897028990000024 ], [ 79.85977305800003, 6.897128677000069 ], [ 79.859802092000052, 6.897250663000023 ], [ 79.859900239000069, 6.897531690000051 ], [ 79.859940515000062, 6.897594523000066 ], [ 79.860140091000062, 6.897905872000024 ], [ 79.860279293000076, 6.898156817000029 ], [ 79.860191435000047, 6.898163614000055 ], [ 79.860190942000031, 6.89816273100007 ], [ 79.859973947000071, 6.898164224000027 ], [ 79.859957377000057, 6.898164339000061 ], [ 79.859817366000073, 6.898158292000062 ], [ 79.859799595000084, 6.898157525000045 ], [ 79.859678836000057, 6.898141650000071 ], [ 79.859554290000062, 6.898118353000029 ], [ 79.859365370000035, 6.898071063000032 ], [ 79.859219688000053, 6.89802927900007 ], [ 79.859106030000078, 6.897996085000045 ], [ 79.858972275000042, 6.897958004000031 ], [ 79.858971550000035, 6.897955575000026 ], [ 79.858812123000064, 6.897892096000021 ], [ 79.858570963000034, 6.89781507500004 ], [ 79.858484847000057, 6.897780460000035 ], [ 79.858498416000032, 6.897696274000054 ], [ 79.858544658000085, 6.89752468000006 ], [ 79.858346178000033, 6.897455620000073 ], [ 79.858017186000041, 6.897343295000042 ], [ 79.857706693000068, 6.897233289000042 ], [ 79.857368062000035, 6.89712322500003 ], [ 79.856986034000045, 6.896995813000046 ], [ 79.856794443000069, 6.896924682000076 ], [ 79.856540855000048, 6.89683053400006 ], [ 79.856538193000063, 6.896838701000036 ], [ 79.856537593000041, 6.896840592000046 ], [ 79.85652222300007, 6.896835560000056 ], [ 79.856506756000044, 6.896831035000048 ], [ 79.856434282000066, 6.896813364000025 ], [ 79.856351781000058, 6.896785704000024 ], [ 79.856249011000045, 6.896751249000033 ], [ 79.856000713000071, 6.896669393000025 ], [ 79.855752963000043, 6.896586540000044 ], [ 79.855498620000049, 6.896495720000075 ], [ 79.855251672000065, 6.89641892800006 ], [ 79.854813997000065, 6.896293484000068 ], [ 79.854722026000047, 6.896269797000059 ], [ 79.854627294000068, 6.89624867200007 ], [ 79.854596043000072, 6.896241703000044 ], [ 79.854620154000031, 6.896172397000043 ], [ 79.854726458000073, 6.895857043000035 ], [ 79.854744005000043, 6.895804985000041 ], [ 79.854820718000042, 6.895577907000074 ], [ 79.854861756000048, 6.895457546000046 ], [ 79.854863576000071, 6.895452394000074 ], [ 79.854888062000043, 6.895375857000033 ], [ 79.854980001000058, 6.89508930900007 ], [ 79.854997162000075, 6.895038036000074 ], [ 79.855148812000039, 6.894584997000038 ], [ 79.855184918000077, 6.894441839000024 ], [ 79.855277662000049, 6.894158018000041 ], [ 79.855310977000045, 6.894056077000073 ], [ 79.85535892200005, 6.893906580000021 ], [ 79.855362298000045, 6.893896056000074 ], [ 79.855385444000035, 6.893823886000064 ], [ 79.855387255000039, 6.893818236000072 ], [ 79.855072866000057, 6.893712923000066 ], [ 79.85503228500005, 6.893700599000056 ], [ 79.854670901000077, 6.893590854000024 ], [ 79.854616491000058, 6.893574330000035 ], [ 79.854429135000032, 6.893514924000044 ], [ 79.854208869000047, 6.893445573000065 ], [ 79.854115909000029, 6.893416304000027 ], [ 79.853635599000029, 6.89327453900006 ], [ 79.853564849000065, 6.89325365600007 ], [ 79.853501815000072, 6.893223545000069 ], [ 79.853425733000051, 6.893187200000057 ], [ 79.853308086000084, 6.893110423000053 ], [ 79.853299793000076, 6.893145662000052 ], [ 79.853196766000053, 6.893105566000031 ], [ 79.853077600000063, 6.893059187000063 ], [ 79.852946365000037, 6.893008111000029 ], [ 79.852939634000052, 6.893026307000071 ], [ 79.852929620000054, 6.893058025000073 ], [ 79.852921236000043, 6.893088933000058 ], [ 79.852912309000033, 6.893120201000045 ], [ 79.852902647000064, 6.893156441000031 ], [ 79.852892718000078, 6.893191414000057 ], [ 79.852882247000082, 6.893225483000037 ], [ 79.852870601000063, 6.893258283000023 ], [ 79.852858859000037, 6.893294881000031 ], [ 79.85284521300008, 6.893333645000041 ], [ 79.852834200000075, 6.893367802000057 ], [ 79.852825900000084, 6.893402145000039 ], [ 79.85281380300006, 6.893434674000048 ], [ 79.852801787000033, 6.89347226600006 ], [ 79.852787877000083, 6.893506780000052 ], [ 79.852779945000066, 6.893537598000023 ], [ 79.852767584000048, 6.893566870000029 ], [ 79.852753301000064, 6.893606808000072 ], [ 79.852745635000076, 6.893640791000053 ], [ 79.852734896000072, 6.89367259900007 ], [ 79.852723793000052, 6.893706576000056 ], [ 79.852712691000079, 6.89373919600007 ], [ 79.852706811000076, 6.893756554000049 ], [ 79.852705765000053, 6.893759640000042 ], [ 79.852699588000064, 6.893777872000044 ], [ 79.852688930000056, 6.893814381000027 ], [ 79.852679465000051, 6.893843298000036 ], [ 79.852669536000064, 6.893877819000068 ], [ 79.852660520000029, 6.893908364000026 ], [ 79.852650677000042, 6.893945597000027 ], [ 79.852641020000078, 6.893979577000039 ], [ 79.852629555000078, 6.894012377000024 ], [ 79.852617280000061, 6.894044092000058 ], [ 79.852605179000079, 6.894079060000024 ], [ 79.852593526000078, 6.894116292000035 ], [ 79.852582331000065, 6.894150178000075 ], [ 79.852570686000035, 6.894183068000075 ], [ 79.852558950000059, 6.894216050000068 ], [ 79.852547566000055, 6.894254366000041 ], [ 79.852535916000079, 6.894289698000023 ], [ 79.852524997000046, 6.894321685000023 ], [ 79.852514350000035, 6.894353221000074 ], [ 79.852504602000067, 6.894388196000023 ], [ 79.852494577000073, 6.894424707000042 ], [ 79.852483838000069, 6.89445723700004 ], [ 79.852472105000061, 6.894489494000027 ], [ 79.852459739000039, 6.894520847000024 ], [ 79.852449083000067, 6.894556994000027 ], [ 79.852440690000037, 6.894592423000063 ], [ 79.852432125000064, 6.894623240000044 ], [ 79.852421390000075, 6.89465332900005 ], [ 79.852410563000035, 6.89468441300005 ], [ 79.852401627000063, 6.894720383000049 ], [ 79.852394321000077, 6.894755362000069 ], [ 79.852388196000049, 6.894787720000068 ], [ 79.852382163000073, 6.894819718000065 ], [ 79.852375037000058, 6.894854244000044 ], [ 79.852363655000033, 6.894891476000055 ], [ 79.852354277000074, 6.894922472000076 ], [ 79.852344438000046, 6.894957354000042 ], [ 79.852331506000041, 6.895000461000052 ], [ 79.852323470000044, 6.895038513000031 ], [ 79.85231589600005, 6.895071230000042 ], [ 79.852307968000048, 6.895100782000043 ], [ 79.852297759000066, 6.895139191000055 ], [ 79.852289552000059, 6.895172451000064 ], [ 79.852283164000085, 6.895200469000031 ], [ 79.852274502000057, 6.895234992000042 ], [ 79.852265645000045, 6.895276840000065 ], [ 79.852262234000079, 6.89530983700007 ], [ 79.852257097000063, 6.895345723000048 ], [ 79.852251696000053, 6.895377993000068 ], [ 79.85224355500003, 6.895423731000051 ], [ 79.852236979000054, 6.895455727000069 ], [ 79.85222686000003, 6.895494498000062 ], [ 79.85221802600006, 6.895524590000036 ], [ 79.852209459000051, 6.895556494000061 ], [ 79.852196071000037, 6.895601407000072 ], [ 79.852187860000072, 6.895636655000033 ], [ 79.852181002000066, 6.895673895000073 ], [ 79.852174424000054, 6.895706614000062 ], [ 79.852166579000084, 6.895739150000054 ], [ 79.852158280000083, 6.895773041000041 ], [ 79.85214852200005, 6.895812446000036 ], [ 79.852140309000049, 6.895849142000031 ], [ 79.852131090000057, 6.895890626000039 ], [ 79.852124423000078, 6.895922713000061 ], [ 79.852118416000053, 6.895951694000075 ], [ 79.852118400000052, 6.895951766000053 ], [ 79.852116735000038, 6.895959418000075 ], [ 79.852107910000029, 6.895993118000035 ], [ 79.852101169000036, 6.896016344000031 ], [ 79.852092680000055, 6.896054666000055 ], [ 79.852084924000053, 6.896088558000031 ], [ 79.852078695000046, 6.896127609000075 ], [ 79.852073020000034, 6.896161686000028 ], [ 79.852067076000083, 6.896194225000045 ], [ 79.852060588000029, 6.896226402000025 ], [ 79.852052920000062, 6.896261924000044 ], [ 79.852044616000057, 6.896298346000037 ], [ 79.852036774000055, 6.896329527000034 ], [ 79.852026465000051, 6.896373632000063 ], [ 79.852020158000073, 6.896406624000065 ], [ 79.852013485000043, 6.896442055000023 ], [ 79.852002178000077, 6.896486882000033 ], [ 79.851989699000057, 6.896530079000058 ], [ 79.851980859000037, 6.896562705000065 ], [ 79.851972284000055, 6.896598856000026 ], [ 79.851964622000082, 6.89663076000005 ], [ 79.851954222000074, 6.896674412000039 ], [ 79.851940564000074, 6.89671878300004 ], [ 79.85193289700004, 6.896753037000053 ], [ 79.851921140000059, 6.896797321000065 ], [ 79.85190893500004, 6.896839524000029 ], [ 79.851901183000052, 6.896870704000037 ], [ 79.851892791000068, 6.896906042000069 ], [ 79.851884406000067, 6.896937672000035 ], [ 79.851874457000065, 6.896981779000043 ], [ 79.851867946000084, 6.897026435000043 ], [ 79.851865256000053, 6.897061330000042 ], [ 79.851862299000061, 6.897093064000046 ], [ 79.85185660500008, 6.897136545000023 ], [ 79.851850633000083, 6.89718282900003 ], [ 79.851845321000042, 6.897216454000045 ], [ 79.851833471000077, 6.897261280000066 ], [ 79.851821990000076, 6.897302671000034 ], [ 79.851811496000039, 6.897348583000053 ], [ 79.851803652000058, 6.897381302000042 ], [ 79.851792436000039, 6.897426038000049 ], [ 79.851781948000053, 6.897468877000051 ], [ 79.85176946200005, 6.897515690000034 ], [ 79.851761350000061, 6.897546508000062 ], [ 79.851747971000066, 6.897587172000044 ], [ 79.851733152000065, 6.897623853000027 ], [ 79.851714170000037, 6.897660619000021 ], [ 79.851698903000056, 6.897695671000065 ], [ 79.851682010000047, 6.897727828000029 ], [ 79.851672535000034, 6.897761537000065 ], [ 79.851668031000031, 6.897797787000059 ], [ 79.851665958000069, 6.897840552000048 ], [ 79.851661088000071, 6.897878972000058 ], [ 79.851652783000077, 6.897916209000073 ], [ 79.851641306000033, 6.897955700000068 ], [ 79.851633734000075, 6.897987424000064 ], [ 79.851620987000047, 6.898028630000056 ], [ 79.851616510000042, 6.898041103000025 ], [ 79.851598046000049, 6.898076594000031 ], [ 79.85159344300007, 6.89808941800004 ], [ 79.85158086000007, 6.898139214000025 ], [ 79.851571113000034, 6.898173647000021 ], [ 79.85156263500005, 6.898206182000024 ], [ 79.851555970000049, 6.898237454000025 ], [ 79.851548103000084, 6.89828174400003 ], [ 79.851540091000061, 6.898307138000064 ], [ 79.851524976000064, 6.898356749000072 ], [ 79.85151485800003, 6.89839579300002 ], [ 79.851506004000044, 6.898435921000043 ], [ 79.85149343900008, 6.898476948000052 ], [ 79.851486428000044, 6.89850017200007 ], [ 79.851471882000055, 6.898536039000021 ], [ 79.85146115200007, 6.898563780000075 ], [ 79.851453596000056, 6.898587637000048 ], [ 79.851444560000061, 6.898627766000061 ], [ 79.851437694000083, 6.898654574000034 ], [ 79.851435718000062, 6.898662289000072 ], [ 79.851426159000084, 6.898693012000024 ], [ 79.851415424000038, 6.898723103000066 ], [ 79.851398596000081, 6.898769276000053 ], [ 79.851389028000085, 6.898804792000021 ], [ 79.851379739000038, 6.898835698000028 ], [ 79.851365994000048, 6.898878440000033 ], [ 79.851353607000078, 6.898921003000055 ], [ 79.851345129000038, 6.898953448000043 ], [ 79.851333016000069, 6.898995200000059 ], [ 79.851323801000035, 6.899034696000058 ], [ 79.851312860000064, 6.899077985000076 ], [ 79.851301939000052, 6.89911042600005 ], [ 79.85129054500004, 6.899154438000039 ], [ 79.85128239900007, 6.899202435000063 ], [ 79.851275642000076, 6.899234250000063 ], [ 79.851269964000039, 6.899270045000037 ], [ 79.851262573000042, 6.899301951000041 ], [ 79.851253829000029, 6.899332404000063 ], [ 79.851238729000045, 6.899374692000038 ], [ 79.851227983000058, 6.89940993600004 ], [ 79.851217336000047, 6.899441381000031 ], [ 79.851206577000085, 6.899484129000029 ], [ 79.851200256000084, 6.899524444000065 ], [ 79.851189232000081, 6.899564119000047 ], [ 79.851177764000056, 6.899599088000059 ], [ 79.85115948300006, 6.899647880000032 ], [ 79.851147811000033, 6.899694875000023 ], [ 79.851136798000084, 6.89972894400006 ], [ 79.851126420000071, 6.899761294000029 ], [ 79.851113758000054, 6.899805576000063 ], [ 79.851098745000058, 6.89984903900006 ], [ 79.85108845700006, 6.899882475000027 ], [ 79.851079619000075, 6.899914465000052 ], [ 79.85106668700007, 6.899956938000059 ], [ 79.851053037000042, 6.899998324000023 ], [ 79.851046557000075, 6.900027429000033 ], [ 79.851040444000034, 6.900052735000031 ], [ 79.851023146000045, 6.900108579000062 ], [ 79.851011302000074, 6.900151144000063 ], [ 79.851000386000067, 6.900181595000049 ], [ 79.850988814000061, 6.900223799000059 ], [ 79.85098395600005, 6.900255709000021 ], [ 79.850975995000056, 6.90030153500004 ], [ 79.85096513700006, 6.900349167000059 ], [ 79.85095349900007, 6.900379164000071 ], [ 79.850940755000067, 6.900418925000054 ], [ 79.850931373000037, 6.900450824000075 ], [ 79.850927917000035, 6.900459860000069 ], [ 79.850912719000064, 6.90050594500002 ], [ 79.850904154000034, 6.90053658100004 ], [ 79.85089249400005, 6.900577247000058 ], [ 79.850881740000034, 6.900616831000036 ], [ 79.850870521000047, 6.900664461000076 ], [ 79.850863219000075, 6.900696545000073 ], [ 79.850853003000054, 6.900739746000056 ], [ 79.850842155000066, 6.900781137000024 ], [ 79.850834581000072, 6.900814579000041 ], [ 79.850832350000076, 6.900824494000062 ], [ 79.850827282000068, 6.900847026000065 ], [ 79.850817150000069, 6.900891946000058 ], [ 79.850804762000053, 6.900934689000053 ], [ 79.850795738000045, 6.900969393000025 ], [ 79.850787439000044, 6.901003467000066 ], [ 79.850772860000063, 6.901056334000032 ], [ 79.85076519200004, 6.901091222000048 ], [ 79.850756622000063, 6.901125112000045 ], [ 79.850747781000052, 6.901157467000075 ], [ 79.850735846000077, 6.901200664000044 ], [ 79.850726260000044, 6.901244680000048 ], [ 79.85072150600007, 6.901270260000047 ], [ 79.850717010000039, 6.901302532000045 ], [ 79.850704608000058, 6.901352961000043 ], [ 79.850704261000033, 6.90135415900005 ], [ 79.85069285600008, 6.901393808000023 ], [ 79.850686191000079, 6.901425262000032 ], [ 79.850680607000072, 6.901459160000059 ], [ 79.850671926000075, 6.901503539000032 ], [ 79.85066279800003, 6.901544391000073 ], [ 79.850653839000074, 6.901591664000023 ], [ 79.85064754800004, 6.901617241000054 ], [ 79.850638674000038, 6.901667677000034 ], [ 79.850628548000032, 6.901710157000025 ], [ 79.850621335000085, 6.901743506000059 ], [ 79.850613672000065, 6.90177658600004 ], [ 79.85060082800004, 6.90182095800003 ], [ 79.850586098000065, 6.901858183000058 ], [ 79.850570393000055, 6.901885548000052 ], [ 79.850555827000051, 6.901931544000036 ], [ 79.850547704000064, 6.901968422000039 ], [ 79.85053702600004, 6.902015329000051 ], [ 79.850527800000066, 6.902060611000024 ], [ 79.850521293000043, 6.902103640000064 ], [ 79.85051517100004, 6.902134913000054 ], [ 79.850509789000057, 6.902157327000054 ], [ 79.850502866000056, 6.902181274000043 ], [ 79.850494034000064, 6.902210190000062 ], [ 79.85048327800007, 6.902250861000027 ], [ 79.850473707000049, 6.902287462000061 ], [ 79.850461052000071, 6.902328579000027 ], [ 79.850450312000078, 6.902361289000055 ], [ 79.850443720000044, 6.902400882000052 ], [ 79.85043377900007, 6.902442456000074 ], [ 79.850422209000044, 6.902482760000055 ], [ 79.850409549000062, 6.902525413000035 ], [ 79.850398872000085, 6.90257259200007 ], [ 79.850391196000032, 6.902611820000061 ], [ 79.850382426000067, 6.902655477000053 ], [ 79.85037449400005, 6.902687289000028 ], [ 79.850366833000066, 6.902718017000041 ], [ 79.850352815000065, 6.902761392000059 ], [ 79.850335089000055, 6.902804397000068 ], [ 79.850322086000062, 6.902837104000071 ], [ 79.850310079000053, 6.902870538000059 ], [ 79.850300882000056, 6.902901081000039 ], [ 79.850288130000081, 6.902944460000072 ], [ 79.85027492200004, 6.902990368000076 ], [ 79.850265900000068, 6.903022992000047 ], [ 79.850251882000066, 6.903066907000039 ], [ 79.850237594000077, 6.903110011000024 ], [ 79.850229841000044, 6.90314173400003 ], [ 79.850222899000073, 6.903176080000037 ], [ 79.850215329000036, 6.903207261000034 ], [ 79.850206494000076, 6.903237715000046 ], [ 79.850192926000034, 6.903282175000072 ], [ 79.850183082000058, 6.903319408000073 ], [ 79.850175689000082, 6.903352579000057 ], [ 79.850166473000058, 6.903392889000031 ], [ 79.850156810000044, 6.903430574000026 ], [ 79.850150687000053, 6.903461398000047 ], [ 79.850145289000068, 6.903492762000042 ], [ 79.850136424000084, 6.903538408000031 ], [ 79.850128019000067, 6.903563610000049 ], [ 79.850122953000039, 6.903578800000048 ], [ 79.85010922400005, 6.903613403000065 ], [ 79.850098032000062, 6.903646476000063 ], [ 79.85008891800004, 6.903680096000073 ], [ 79.850078160000066, 6.903722753000068 ], [ 79.850068142000055, 6.903755645000047 ], [ 79.85005929600004, 6.903791797000054 ], [ 79.850050911000039, 6.903823791000036 ], [ 79.850042321000046, 6.903868078000073 ], [ 79.850033099000029, 6.90391082900004 ], [ 79.850023899000064, 6.903942459000064 ], [ 79.85001198100008, 6.903976344000057 ], [ 79.849997062000057, 6.904017817000067 ], [ 79.849980603000063, 6.904060012000059 ], [ 79.849970218000067, 6.904096612000046 ], [ 79.84996102000008, 6.904127427000049 ], [ 79.849915091000071, 6.904296062000071 ], [ 79.849856646000035, 6.904527968000025 ], [ 79.849809496000034, 6.904719387000057 ], [ 79.849722541000062, 6.905002053000032 ], [ 79.849711282000044, 6.905069214000036 ], [ 79.849658720000036, 6.90520600900004 ], [ 79.849560625000038, 6.905541097000025 ], [ 79.849451860000045, 6.905965864000052 ], [ 79.84941824200007, 6.90608170400003 ], [ 79.849416862000055, 6.906086458000061 ], [ 79.849423373000036, 6.906088308000051 ], [ 79.849527217000059, 6.906117835000032 ], [ 79.849566571000082, 6.906129023000062 ], [ 79.849680989000035, 6.906161556000029 ], [ 79.849701749000076, 6.906166198000051 ], [ 79.850379782000061, 6.906317811000065 ], [ 79.850736399000084, 6.90638864500005 ], [ 79.850836230000084, 6.906418649000045 ], [ 79.851232791000029, 6.906481709000047 ], [ 79.851218319000054, 6.906522203000065 ], [ 79.851177843000073, 6.90663545700005 ], [ 79.851090123000063, 6.906890272000055 ], [ 79.850888983000061, 6.907496061000074 ], [ 79.85077532400004, 6.907829493000065 ], [ 79.850753913000062, 6.907905740000047 ], [ 79.850719291000075, 6.908029033000048 ], [ 79.850701833000073, 6.908080984000037 ], [ 79.850625644000047, 6.908307708000052 ], [ 79.85051446500006, 6.908668542000044 ], [ 79.850488150000047, 6.908753576000038 ], [ 79.850518163000061, 6.908763240000042 ], [ 79.850615559000062, 6.908794603000047 ], [ 79.850752100000079, 6.908838175000028 ], [ 79.850860234000038, 6.908872682000037 ], [ 79.85115494300004, 6.908966727000063 ], [ 79.851527058000045, 6.90907667700003 ], [ 79.851669199000071, 6.909125509000035 ], [ 79.851781, 6.909166771000059 ], [ 79.852043071000082, 6.909263493000026 ], [ 79.852131684000085, 6.909294131000024 ], [ 79.852236118000064, 6.909330237000063 ], [ 79.852370382000061, 6.909368349000033 ], [ 79.852415081000061, 6.909381039000039 ], [ 79.852421914000047, 6.909362138000063 ], [ 79.852478215000076, 6.909206378000022 ], [ 79.852561323000032, 6.909229234000065 ], [ 79.852763741000047, 6.909289607000062 ], [ 79.852985458000035, 6.90935573400003 ], [ 79.853014085000041, 6.90934091400004 ], [ 79.853096477000065, 6.909362689000034 ], [ 79.853113142000041, 6.90936861800003 ], [ 79.853119260000085, 6.909379122000075 ], [ 79.853132365000079, 6.909382422000022 ], [ 79.853475432000039, 6.909519990000035 ], [ 79.853526074000058, 6.909534103000055 ], [ 79.853820222000081, 6.909631062000074 ], [ 79.854194071000052, 6.909734503000038 ], [ 79.854199743000038, 6.909717748000048 ], [ 79.854204991000074, 6.909702244000073 ], [ 79.85422875900008, 6.909623987000032 ], [ 79.854277266000054, 6.90947886400005 ], [ 79.854309193000063, 6.909383374000072 ], [ 79.854311284000062, 6.909377118000066 ], [ 79.854387385000052, 6.909399634000067 ], [ 79.854485986000043, 6.909477578000065 ], [ 79.854572346000054, 6.909485116000042 ], [ 79.85452187900006, 6.909630722000031 ], [ 79.854477319000068, 6.909759283000028 ], [ 79.854453579000051, 6.909823527000071 ], [ 79.854438935000076, 6.909863555000072 ], [ 79.854209684000068, 6.91045527700004 ], [ 79.854185679000068, 6.910516445000042 ], [ 79.854172644000073, 6.910566151000069 ], [ 79.853965511000069, 6.911136847000023 ], [ 79.85384483200005, 6.911498115000029 ], [ 79.853722712000035, 6.911901969000041 ], [ 79.853703672000051, 6.91196848200002 ], [ 79.853775976000065, 6.911964552000029 ], [ 79.853963273000033, 6.911963921000051 ], [ 79.854353898000056, 6.911955998000053 ], [ 79.854889954000043, 6.911934520000045 ], [ 79.854900089000068, 6.911934127000052 ], [ 79.854970325000068, 6.911932695000075 ], [ 79.855084760000068, 6.911934806000033 ], [ 79.855567506000057, 6.911920821000024 ], [ 79.85580415000004, 6.911903193000057 ], [ 79.855936069000052, 6.911897613000065 ], [ 79.856109445000072, 6.911890281000069 ], [ 79.856110818000047, 6.911890223000057 ] ] ] ] } },
{ "type": "Feature", "properties": { "Shape_Leng": 0.07827050684, "Shape_Area": 0.00029997868, "ADM4_EN": "Kurunduwatta", "ADM4_SI": "කුරුඳුවත්ත", "ADM4_TA": null, "ADM4_PCODE": "LK1127015", "ADM4_REF": null, "ADM3_EN": "Thimbirigasyaya", "ADM3_SI": "තිඹිරිගස්යාය", "ADM3_TA": "திம்பிரிகஸ்யாய", "ADM3_PCODE": "LK1127", "ADM2_EN": "Colombo", "ADM2_SI": "කොළඹ දිස්ත්‍රික්ක", "ADM2_TA": "கொழும்பு மாவட்டம்", "ADM2_PCODE": "LK11", "ADM1_EN": "Western", "ADM1_SI": "බස්නාහිර පළාත", "ADM1_TA": "மேல் மாகாணம் ", "ADM1_PCODE": "LK1", "ADM0_EN": "Sri Lanka", "ADM0_SI": "ශ්‍රී ලංකා", "ADM0_TA": "இலங்கை", "ADM0_PCODE": "LK", "date": "2022-08-02", "validOn": "2022-08-16", "validTo": null, "length_sum": 108191.0, "damage_sco": 10 }, "geometry": { "type": "MultiPolygon", "coordinates": [ [ [ [ 79.871160978000034, 6.921327560000066 ], [ 79.871246854000049, 6.921229888000028 ], [ 79.871328918000074, 6.92113654800005 ], [ 79.871600676000071, 6.920833432000052 ], [ 79.87191010500004, 6.920514020000041 ], [ 79.872260418000053, 6.920154628000034 ], [ 79.872716518000061, 6.919693533000043 ], [ 79.872742814000048, 6.919664829000055 ], [ 79.873001222000084, 6.919386010000039 ], [ 79.873233460000051, 6.919165643000042 ], [ 79.87346754500004, 6.918925386000069 ], [ 79.873607250000077, 6.918783057000041 ], [ 79.873832618000051, 6.918558425000072 ], [ 79.873854012000038, 6.918537398000069 ], [ 79.873920918000067, 6.918469799000036 ], [ 79.874102118000053, 6.918299157000035 ], [ 79.874319329000059, 6.918081925000024 ], [ 79.874499208000032, 6.917892109000036 ], [ 79.874689864000061, 6.917698066000071 ], [ 79.874980249000032, 6.917398327000058 ], [ 79.875290125000049, 6.917079184000045 ], [ 79.875531991000059, 6.916838759000029 ], [ 79.87557329200007, 6.916792905000023 ], [ 79.875644517000069, 6.916713831000038 ], [ 79.875656846000084, 6.916701465000074 ], [ 79.875558689000059, 6.916597114000069 ], [ 79.875425108000059, 6.916468102000067 ], [ 79.875335681000081, 6.916388363000067 ], [ 79.875185282000075, 6.916254345000027 ], [ 79.875128301000075, 6.916194288000042 ], [ 79.875097890000063, 6.916151009000032 ], [ 79.875081214000033, 6.916117522000036 ], [ 79.875051918000054, 6.916011311000034 ], [ 79.875050238000085, 6.916002171000059 ], [ 79.875029080000047, 6.915887120000036 ], [ 79.875006064000047, 6.915761661000033 ], [ 79.874969773000032, 6.915569894000043 ], [ 79.874963869000055, 6.91553869300003 ], [ 79.874916231000043, 6.915323039000043 ], [ 79.874895557000059, 6.915240909000033 ], [ 79.874882823000064, 6.91519032900004 ], [ 79.874616178000053, 6.915234401000021 ], [ 79.874574353000071, 6.91524305300004 ], [ 79.874423012000079, 6.915274363000037 ], [ 79.874424196000064, 6.915257023000038 ], [ 79.874425711000072, 6.915234853000072 ], [ 79.87443341200003, 6.915181701000051 ], [ 79.874446177000038, 6.915130366000028 ], [ 79.874463011000046, 6.915080666000051 ], [ 79.874565292000057, 6.914823340000055 ], [ 79.874611666000078, 6.914702986000066 ], [ 79.874738966000052, 6.914373824000052 ], [ 79.874792510000077, 6.914242181000077 ], [ 79.874877130000073, 6.914041697000073 ], [ 79.874923489000082, 6.913929120000034 ], [ 79.874936687000059, 6.913888455000063 ], [ 79.874978638000073, 6.913784478000025 ], [ 79.87497953500008, 6.913780815000052 ], [ 79.874987075000035, 6.913763566000057 ], [ 79.875039233000052, 6.913634295000065 ], [ 79.875101157000074, 6.913472467000076 ], [ 79.875166540000066, 6.913300881000055 ], [ 79.875199548000069, 6.91321477300005 ], [ 79.875247664000085, 6.913087074000032 ], [ 79.875265631000048, 6.91303939200003 ], [ 79.875328410000066, 6.912872772000071 ], [ 79.875358947000052, 6.912801488000071 ], [ 79.875474165000071, 6.91249725800003 ], [ 79.875536150000073, 6.912349379000034 ], [ 79.875536425000064, 6.912348722000047 ], [ 79.87555061900008, 6.912309813000036 ], [ 79.875565168000037, 6.912269929000047 ], [ 79.875643621000052, 6.912076124000066 ], [ 79.875728279000043, 6.911854842000025 ], [ 79.875842952000085, 6.911550792000071 ], [ 79.875892976000046, 6.911414170000057 ], [ 79.875932901000056, 6.911306464000063 ], [ 79.876061667000045, 6.911301372000025 ], [ 79.876082207000081, 6.911301050000077 ], [ 79.876198571000032, 6.911299009000061 ], [ 79.876292833000036, 6.91131021800004 ], [ 79.876837648000048, 6.911297955000066 ], [ 79.87729949900006, 6.911282099000061 ], [ 79.877479315000073, 6.911267518000045 ], [ 79.877459792000082, 6.910394194000048 ], [ 79.877455545000032, 6.910151495000036 ], [ 79.877434392000055, 6.909613900000068 ], [ 79.877433116000077, 6.90952311500007 ], [ 79.87742882200007, 6.909409240000059 ], [ 79.877411534000032, 6.909293302000037 ], [ 79.877409908000061, 6.909282406000045 ], [ 79.877356716000065, 6.909204178000039 ], [ 79.877314507000051, 6.909093228000074 ], [ 79.877223523000055, 6.908906270000045 ], [ 79.877212475000078, 6.908889962000046 ], [ 79.87720153500004, 6.908873815000049 ], [ 79.877097131000085, 6.908723518000045 ], [ 79.87706178500008, 6.908683822000057 ], [ 79.876807977000055, 6.908422866000024 ], [ 79.876803568000071, 6.908419623000043 ], [ 79.876560492000067, 6.908240923000051 ], [ 79.876441668000041, 6.908156968000071 ], [ 79.876350974000047, 6.908077821000063 ], [ 79.876316648000056, 6.908047864000025 ], [ 79.876180189000081, 6.907944871000041 ], [ 79.876149586000054, 6.907921773000055 ], [ 79.876088692000053, 6.907873643000073 ], [ 79.876013900000032, 6.907807496000032 ], [ 79.875758357000052, 6.907580688000053 ], [ 79.875742098000046, 6.907565557000055 ], [ 79.875687638000045, 6.90751246800005 ], [ 79.875637937000079, 6.907468902000062 ], [ 79.875589772000069, 6.907426687000054 ], [ 79.87542721300008, 6.907284204000064 ], [ 79.87487475000006, 6.906797507000022 ], [ 79.874797066000042, 6.906729182000049 ], [ 79.874644240000066, 6.906588108000051 ], [ 79.874226823000072, 6.906220479000069 ], [ 79.874082431000033, 6.906091782000033 ], [ 79.873753682000086, 6.905798764000053 ], [ 79.873502669000061, 6.905570064000074 ], [ 79.873444041000084, 6.905520764000073 ], [ 79.873097465000058, 6.905204991000062 ], [ 79.872927381000068, 6.905051313000058 ], [ 79.872716569000033, 6.904856147000032 ], [ 79.872676281000054, 6.904821168000069 ], [ 79.872504392000053, 6.904665679000061 ], [ 79.872336755000049, 6.904510018000053 ], [ 79.871964707000075, 6.904171680000047 ], [ 79.871946372000082, 6.904154103000053 ], [ 79.871577481000031, 6.903821739000023 ], [ 79.871363147000068, 6.903624395000065 ], [ 79.87114646100008, 6.903425238000068 ], [ 79.870973999000057, 6.903269825000052 ], [ 79.87071308000003, 6.903034699000045 ], [ 79.870671551000044, 6.902998718000049 ], [ 79.870339468000054, 6.902711005000072 ], [ 79.870214006000083, 6.902597831000037 ], [ 79.869956485000046, 6.902368215000024 ], [ 79.869766131000063, 6.902217122000025 ], [ 79.869517661000032, 6.902033004000032 ], [ 79.869241587000033, 6.901852359000031 ], [ 79.86916721800003, 6.901808952000067 ], [ 79.868862083000067, 6.901630856000054 ], [ 79.868860637000068, 6.901630012000055 ], [ 79.868572967000034, 6.901457666000056 ], [ 79.868305774000078, 6.901318270000047 ], [ 79.868100122000044, 6.901217963000022 ], [ 79.868012066000063, 6.901181266000037 ], [ 79.867980229000068, 6.901174333000029 ], [ 79.867961237000031, 6.901170409000031 ], [ 79.867791146000059, 6.90111646500003 ], [ 79.867541602000074, 6.90102186200005 ], [ 79.867379442000072, 6.900937008000028 ], [ 79.866997637000054, 6.900737173000039 ], [ 79.866441252000072, 6.900461410000048 ], [ 79.866438457000072, 6.900460142000043 ], [ 79.86627754400007, 6.900386956000034 ], [ 79.865416420000031, 6.899975162000032 ], [ 79.865221627000039, 6.899876052000025 ], [ 79.865187383000034, 6.899874563000026 ], [ 79.864730321000081, 6.899639747000037 ], [ 79.864676828000086, 6.899609558000066 ], [ 79.864640934000079, 6.899589302000038 ], [ 79.864288083000076, 6.899389701000075 ], [ 79.864075962000072, 6.899267679000047 ], [ 79.863960704000078, 6.899214202000053 ], [ 79.863594062000061, 6.89902081300005 ], [ 79.863568598000029, 6.899007381000047 ], [ 79.863287218000039, 6.898860361000061 ], [ 79.863217343000031, 6.898825867000028 ], [ 79.862776961000066, 6.898600147000025 ], [ 79.862401204000037, 6.898409183000069 ], [ 79.862326907000067, 6.898368803000039 ], [ 79.86210879500004, 6.898256806000063 ], [ 79.861630630000036, 6.898011753000048 ], [ 79.861405741000056, 6.897896216000049 ], [ 79.860885336000081, 6.897680659000059 ], [ 79.860823091000043, 6.897654876000047 ], [ 79.860768457000063, 6.897630082000035 ], [ 79.86073134600008, 6.897621793000042 ], [ 79.86064172500005, 6.897597001000065 ], [ 79.86058904600003, 6.897582427000032 ], [ 79.86041080800004, 6.897500656000034 ], [ 79.86026049600008, 6.897418917000039 ], [ 79.86016027900007, 6.897368601000039 ], [ 79.86005902800008, 6.897293741000055 ], [ 79.860041329000069, 6.897280656000021 ], [ 79.859976364000033, 6.897182724000061 ], [ 79.859961582000039, 6.897160443000075 ], [ 79.859956851000049, 6.897155245000022 ], [ 79.85988461900007, 6.897075928000049 ], [ 79.859966505000045, 6.897272298000075 ], [ 79.859979722000048, 6.897303996000062 ], [ 79.860042885000041, 6.897422076000055 ], [ 79.86004889700007, 6.897433318000026 ], [ 79.860106132000055, 6.897524458000021 ], [ 79.860117310000078, 6.897542258000044 ], [ 79.860118384000032, 6.897543969000026 ], [ 79.86012231400008, 6.897550227000067 ], [ 79.860211087000039, 6.897744640000042 ], [ 79.860313580000081, 6.897976898000024 ], [ 79.860403273000031, 6.898158519000049 ], [ 79.860517405000053, 6.898378541000056 ], [ 79.86055280000005, 6.898446774000035 ], [ 79.860559433000049, 6.898459563000074 ], [ 79.860646762000044, 6.898691555000028 ], [ 79.86067158600008, 6.898823178000043 ], [ 79.860695691000046, 6.899010829000076 ], [ 79.860688395000068, 6.899004964000028 ], [ 79.860664472000053, 6.898985728000071 ], [ 79.860602405000066, 6.898935823000045 ], [ 79.860521009000081, 6.898879278000038 ], [ 79.860407114000054, 6.898877903000027 ], [ 79.860388097000055, 6.898877673000072 ], [ 79.860352027000033, 6.898911067000029 ], [ 79.86035135700007, 6.898911688000055 ], [ 79.860338078000041, 6.898923981000053 ], [ 79.860336095000036, 6.898925817000077 ], [ 79.860194708000051, 6.899056707000057 ], [ 79.86015328700006, 6.899094421000029 ], [ 79.860010507000084, 6.899236832000042 ], [ 79.85994120600003, 6.899312966000025 ], [ 79.859934344000067, 6.899320506000038 ], [ 79.859821084000032, 6.899451399000043 ], [ 79.859815250000054, 6.899462153000059 ], [ 79.859710397000072, 6.899655447000043 ], [ 79.859666028000049, 6.899766488000068 ], [ 79.85963515800006, 6.899869871000021 ], [ 79.859545088000061, 6.900174235000065 ], [ 79.859465484000054, 6.900446791000036 ], [ 79.85936866600008, 6.900778359000071 ], [ 79.858972104000031, 6.902087886000061 ], [ 79.858820542000046, 6.902562394000029 ], [ 79.858777324000073, 6.902688306000073 ], [ 79.858600799000044, 6.903202603000068 ], [ 79.858578594000051, 6.90326847700004 ], [ 79.858478770000033, 6.903563148000046 ], [ 79.858414594000067, 6.903765295000028 ], [ 79.858393491000072, 6.903869149000059 ], [ 79.858387313000037, 6.903929719000075 ], [ 79.858383695000043, 6.903975916000036 ], [ 79.858382688000063, 6.904028267000058 ], [ 79.85838487500007, 6.904161010000053 ], [ 79.858406075000062, 6.904334659000028 ], [ 79.85842561000004, 6.904573769000024 ], [ 79.858457722000082, 6.904954503000056 ], [ 79.85846902000003, 6.905093022000074 ], [ 79.858472747000064, 6.905138719000036 ], [ 79.858496930000058, 6.905360839000025 ], [ 79.858506273000046, 6.905441783000072 ], [ 79.858544218000077, 6.905518985000072 ], [ 79.858588670000074, 6.905599456000061 ], [ 79.858589275000043, 6.905600342000071 ], [ 79.858607303000042, 6.905626743000028 ], [ 79.858638563000056, 6.905672520000053 ], [ 79.858703743000035, 6.905749866000065 ], [ 79.85878142100006, 6.905822448000038 ], [ 79.858790628000065, 6.905831050000074 ], [ 79.858839781000086, 6.905867313000044 ], [ 79.858874294000032, 6.90589342100003 ], [ 79.858958229000052, 6.905955881000068 ], [ 79.858990492000032, 6.905979968000054 ], [ 79.859003766000058, 6.905989878000071 ], [ 79.858971746000066, 6.906031499000051 ], [ 79.858928330000083, 6.906090672000062 ], [ 79.858907879000071, 6.906118543000048 ], [ 79.858847963000073, 6.906222592000063 ], [ 79.858816274000048, 6.906279858000062 ], [ 79.858680075000052, 6.906527800000049 ], [ 79.858658707000075, 6.906570832000057 ], [ 79.858545369000069, 6.906799076000027 ], [ 79.858488053000031, 6.906914522000022 ], [ 79.858335597000064, 6.907214182000075 ], [ 79.858296904000042, 6.907295798000064 ], [ 79.858271214000069, 6.90735101000007 ], [ 79.858127406000051, 6.907660071000066 ], [ 79.857941156000038, 6.908055393000041 ], [ 79.85786127800003, 6.908214331000067 ], [ 79.857804459000079, 6.908327386000053 ], [ 79.857783735000055, 6.908374998000056 ], [ 79.857774199000062, 6.908393787000023 ], [ 79.857669903000044, 6.90861349000005 ], [ 79.857609856000067, 6.908737341000062 ], [ 79.857501293000041, 6.908963998000047 ], [ 79.857490002000077, 6.908988922000049 ], [ 79.857472033000079, 6.909028591000038 ], [ 79.857432694000067, 6.909112156000049 ], [ 79.857385819000058, 6.909208815000056 ], [ 79.857343824000054, 6.909308468000063 ], [ 79.857318466000038, 6.909367283000051 ], [ 79.857262503000072, 6.909484631000055 ], [ 79.857209266000041, 6.909596109000063 ], [ 79.857159928000044, 6.909702891000052 ], [ 79.857058184000039, 6.909897190000038 ], [ 79.857005539000056, 6.909997726000029 ], [ 79.856950568000059, 6.910116704000075 ], [ 79.856787266000083, 6.91043602600007 ], [ 79.85671730200005, 6.910587346000057 ], [ 79.856694036000079, 6.910641012000042 ], [ 79.856557851000048, 6.910927202000039 ], [ 79.856526312000085, 6.911000200000046 ], [ 79.856472981000081, 6.911113214000068 ], [ 79.856377974000054, 6.911312537000072 ], [ 79.856292734000078, 6.911491367000053 ], [ 79.85612138700003, 6.911867052000048 ], [ 79.85611528000004, 6.911880441000051 ], [ 79.856110818000047, 6.911890223000057 ], [ 79.856075477000047, 6.911962283000037 ], [ 79.855953937000038, 6.912210100000038 ], [ 79.85583785700004, 6.912440177000065 ], [ 79.855778670000063, 6.912586273000045 ], [ 79.855718655000032, 6.912739148000071 ], [ 79.855712212000071, 6.912776245000032 ], [ 79.855703426000048, 6.912826817000052 ], [ 79.85568956000003, 6.912906642000053 ], [ 79.855878894000057, 6.912929524000049 ], [ 79.856246289000069, 6.912956364000024 ], [ 79.856525351000073, 6.912994519000051 ], [ 79.856665595000038, 6.913043164000044 ], [ 79.856795788000056, 6.91309504700007 ], [ 79.85688446000006, 6.913141694000046 ], [ 79.856967524000083, 6.913188059000049 ], [ 79.857104908000053, 6.913273995000054 ], [ 79.857149355000047, 6.91330179800002 ], [ 79.857406258000083, 6.913428974000055 ], [ 79.857683119000058, 6.913576351000074 ], [ 79.857701915000064, 6.913580984000021 ], [ 79.857931195000049, 6.913637501000039 ], [ 79.858062567000047, 6.913735048000035 ], [ 79.858123930000033, 6.913773324000033 ], [ 79.858439937000071, 6.913938046000055 ], [ 79.859304733000045, 6.914471388000038 ], [ 79.85977686800004, 6.914734055000054 ], [ 79.859785276000082, 6.914738733000036 ], [ 79.859822551000036, 6.914759471000025 ], [ 79.860182184000053, 6.914965056000028 ], [ 79.860311345000071, 6.915036738000026 ], [ 79.860699472000078, 6.915246900000056 ], [ 79.861135324000031, 6.915483103000042 ], [ 79.861250750000067, 6.915545805000022 ], [ 79.861502210000083, 6.915681648000032 ], [ 79.861596574000032, 6.915733731000046 ], [ 79.861701603000085, 6.915791621000039 ], [ 79.861787195000034, 6.915838307000058 ], [ 79.861859996000078, 6.915871856000024 ], [ 79.861877332000063, 6.915879215000075 ], [ 79.861983504000079, 6.915908082000044 ], [ 79.862063828000032, 6.915920263000032 ], [ 79.862141459000043, 6.91592249200005 ], [ 79.862136058000033, 6.915955214000064 ], [ 79.862138341000048, 6.915991115000054 ], [ 79.862134449000052, 6.915998329000047 ], [ 79.862142136000045, 6.916001872000038 ], [ 79.86215229000004, 6.916030655000043 ], [ 79.862180186000046, 6.916062899000053 ], [ 79.86220512400007, 6.916081937000058 ], [ 79.862236770000038, 6.916093390000071 ], [ 79.862266437000073, 6.916099505000034 ], [ 79.862304445000063, 6.916096594000066 ], [ 79.862314532000084, 6.916091920000042 ], [ 79.862356337000051, 6.91607255100007 ], [ 79.862425809000058, 6.916168697000046 ], [ 79.862426998000046, 6.916170342000044 ], [ 79.862506278000069, 6.916255308000075 ], [ 79.862594110000032, 6.916316150000057 ], [ 79.862756955000066, 6.916423701000042 ], [ 79.862976643000081, 6.916548749000071 ], [ 79.863099328000033, 6.916618582000069 ], [ 79.863287410000055, 6.91672898500002 ], [ 79.863362003000077, 6.916770562000067 ], [ 79.863417476000052, 6.91680148100005 ], [ 79.86361856700006, 6.916922849000059 ], [ 79.863700708000067, 6.916978978000031 ], [ 79.86376402500008, 6.91703724000007 ], [ 79.863798708000047, 6.917069768000033 ], [ 79.863823174000061, 6.917098478000071 ], [ 79.863843836000058, 6.917128989000048 ], [ 79.863879132000079, 6.917125170000077 ], [ 79.863905918000057, 6.917125102000057 ], [ 79.863919939000084, 6.91712506600004 ], [ 79.863960661000078, 6.917123065000055 ], [ 79.864005889000055, 6.917129933000069 ], [ 79.864045938000061, 6.917148636000036 ], [ 79.864080175000083, 6.917177185000071 ], [ 79.864187285000071, 6.917189145000066 ], [ 79.864261424000063, 6.917201650000038 ], [ 79.864288140000042, 6.91720615600002 ], [ 79.864348842000084, 6.917212151000058 ], [ 79.864416541000082, 6.917202877000022 ], [ 79.864560386000051, 6.917167525000025 ], [ 79.864552379000031, 6.917237948000036 ], [ 79.86454638500004, 6.917296619000069 ], [ 79.864543757000035, 6.917346346000045 ], [ 79.864544890000047, 6.917373422000026 ], [ 79.864546179000058, 6.917404221000027 ], [ 79.864593961000082, 6.917447353000057 ], [ 79.864634518000059, 6.917484141000045 ], [ 79.864680890000045, 6.917508101000067 ], [ 79.864724484000078, 6.917517951000036 ], [ 79.864774981000039, 6.917524735000029 ], [ 79.864775685000041, 6.917524830000048 ], [ 79.864841630000058, 6.917533816000059 ], [ 79.864850098000034, 6.917553003000023 ], [ 79.864864521000072, 6.917581332000054 ], [ 79.86486622700005, 6.917585877000022 ], [ 79.864881265000065, 6.91762594100004 ], [ 79.864892974000043, 6.917653451000035 ], [ 79.864906298000051, 6.917689285000051 ], [ 79.864911686000085, 6.917710634000059 ], [ 79.864913276000038, 6.917730530000028 ], [ 79.864916476000076, 6.917760556000076 ], [ 79.864954392000072, 6.917759 ], [ 79.864989492000063, 6.917762322000044 ], [ 79.865050598000039, 6.917776184000047 ], [ 79.865066279000075, 6.917779741000061 ], [ 79.865173776000063, 6.917825970000024 ], [ 79.86527239600008, 6.917875711000022 ], [ 79.865500401000077, 6.918006042000059 ], [ 79.865550147000079, 6.918034478000038 ], [ 79.865757238000072, 6.918141842000068 ], [ 79.865860378000036, 6.918194755000059 ], [ 79.866044119000037, 6.918304607000039 ], [ 79.866123927000046, 6.918351235000046 ], [ 79.866465512000048, 6.918534720000025 ], [ 79.866483408000079, 6.918544429000065 ], [ 79.86669121500006, 6.918656858000077 ], [ 79.866829149000068, 6.918731538000031 ], [ 79.866958940000075, 6.918806113000073 ], [ 79.866938727000047, 6.918824520000044 ], [ 79.866911696000045, 6.918859823000048 ], [ 79.866886816000033, 6.918904987000076 ], [ 79.866814229000056, 6.919057025000029 ], [ 79.866669121000029, 6.919421054000054 ], [ 79.866522026000041, 6.919735708000076 ], [ 79.866481172000078, 6.919829456000059 ], [ 79.866445685000031, 6.91991088900005 ], [ 79.866476591000037, 6.919930321000038 ], [ 79.866491414000052, 6.919939640000052 ], [ 79.866743144000054, 6.920078556000021 ], [ 79.866993157000081, 6.920216926000023 ], [ 79.867239466000058, 6.920352034000075 ], [ 79.867450981000047, 6.920465555000021 ], [ 79.867642148000073, 6.920572978000052 ], [ 79.86774863200003, 6.920628157000067 ], [ 79.867905456000074, 6.920714808000071 ], [ 79.868094553000049, 6.920816623000064 ], [ 79.868322076000084, 6.920934333000048 ], [ 79.868418980000058, 6.920983254000021 ], [ 79.868668557000035, 6.921113938000076 ], [ 79.868824757000084, 6.92119537800005 ], [ 79.868860372000086, 6.921213948000059 ], [ 79.868991640000047, 6.921273695000025 ], [ 79.868982558000084, 6.921291229000076 ], [ 79.868934787000057, 6.921383447000039 ], [ 79.868924607000054, 6.921406309000076 ], [ 79.868906708000054, 6.92144650900002 ], [ 79.868846425000072, 6.921552096000028 ], [ 79.868824004000032, 6.921589773000051 ], [ 79.868732320000049, 6.921743842000069 ], [ 79.868625843000075, 6.921921406000024 ], [ 79.868602063000083, 6.921959879000042 ], [ 79.868521096000052, 6.922093548000021 ], [ 79.868464520000032, 6.922200229000055 ], [ 79.86843815800006, 6.922263563000058 ], [ 79.868405969000037, 6.922393617000068 ], [ 79.868415950000042, 6.922396581000044 ], [ 79.868466650000073, 6.922411636000049 ], [ 79.868622819000052, 6.922462028000041 ], [ 79.868821134000029, 6.92252307800004 ], [ 79.868822219000037, 6.922523417000036 ], [ 79.868936162000068, 6.922558834000029 ], [ 79.868996202000062, 6.922580107000044 ], [ 79.869066821000047, 6.922606011000028 ], [ 79.869168806000062, 6.922647980000022 ], [ 79.869267954000065, 6.922707485000046 ], [ 79.86943218600004, 6.922848312000042 ], [ 79.869570969000051, 6.922953014000029 ], [ 79.869623941000043, 6.922899364000045 ], [ 79.86977939500008, 6.922741916000064 ], [ 79.869996531000083, 6.922518447000073 ], [ 79.870280758000035, 6.92222539200003 ], [ 79.870402244000047, 6.922100933000024 ], [ 79.87076208600007, 6.921727999000041 ], [ 79.871100598000055, 6.921389564000037 ], [ 79.871160978000034, 6.921327560000066 ] ] ] ] } },
{ "type": "Feature", "properties": { "Shape_Leng": 0.03154167789, "Shape_Area": 3.14574e-05, "ADM4_EN": "Kuppiyawatta West", "ADM4_SI": "කුප්පියාවත්ත බටහි", "ADM4_TA": null, "ADM4_PCODE": "LK1127020", "ADM4_REF": null, "ADM3_EN": "Thimbirigasyaya", "ADM3_SI": "තිඹිරිගස්යාය", "ADM3_TA": "திம்பிரிகஸ்யாய", "ADM3_PCODE": "LK1127", "ADM2_EN": "Colombo", "ADM2_SI": "කොළඹ දිස්ත්‍රික්ක", "ADM2_TA": "கொழும்பு மாவட்டம்", "ADM2_PCODE": "LK11", "ADM1_EN": "Western", "ADM1_SI": "බස්නාහිර පළාත", "ADM1_TA": "மேல் மாகாணம் ", "ADM1_PCODE": "LK1", "ADM0_EN": "Sri Lanka", "ADM0_SI": "ශ්‍රී ලංකා", "ADM0_TA": "இலங்கை", "ADM0_PCODE": "LK", "date": "2022-08-02", "validOn": "2022-08-16", "validTo": null, "length_sum": 21675.0, "damage_sco": 2 }, "geometry": { "type": "MultiPolygon", "coordinates": [ [ [ [ 79.873623484000063, 6.921430257000054 ], [ 79.873547475000066, 6.921431287000075 ], [ 79.873320896000052, 6.921435108000026 ], [ 79.873150422000037, 6.921436862000064 ], [ 79.872821956000053, 6.921441483000024 ], [ 79.872468874000049, 6.921448318000046 ], [ 79.872110359000033, 6.921457674000067 ], [ 79.871876348000058, 6.92146826000004 ], [ 79.871711210000058, 6.921470207000027 ], [ 79.871520256000053, 6.921439913000029 ], [ 79.87139281900005, 6.921411822000039 ], [ 79.871339817000035, 6.921400237000057 ], [ 79.871283938000033, 6.921382408000056 ], [ 79.871278235000034, 6.921380588000034 ], [ 79.871235373000047, 6.921366491000072 ], [ 79.871162045000062, 6.92132811700003 ], [ 79.871160978000034, 6.921327560000066 ], [ 79.871100598000055, 6.921389564000037 ], [ 79.87076208600007, 6.921727999000041 ], [ 79.870402244000047, 6.922100933000024 ], [ 79.870280758000035, 6.92222539200003 ], [ 79.869996531000083, 6.922518447000073 ], [ 79.86977939500008, 6.922741916000064 ], [ 79.869623941000043, 6.922899364000045 ], [ 79.869570969000051, 6.922953014000029 ], [ 79.86943218600004, 6.922848312000042 ], [ 79.869267954000065, 6.922707485000046 ], [ 79.869168806000062, 6.922647980000022 ], [ 79.869066821000047, 6.922606011000028 ], [ 79.868996202000062, 6.922580107000044 ], [ 79.868936162000068, 6.922558834000029 ], [ 79.868822219000037, 6.922523417000036 ], [ 79.868821134000029, 6.92252307800004 ], [ 79.868622819000052, 6.922462028000041 ], [ 79.868466650000073, 6.922411636000049 ], [ 79.868415950000042, 6.922396581000044 ], [ 79.868405969000037, 6.922393617000068 ], [ 79.86843815800006, 6.922263563000058 ], [ 79.868464520000032, 6.922200229000055 ], [ 79.868521096000052, 6.922093548000021 ], [ 79.868602063000083, 6.921959879000042 ], [ 79.868625843000075, 6.921921406000024 ], [ 79.868732320000049, 6.921743842000069 ], [ 79.868824004000032, 6.921589773000051 ], [ 79.868846425000072, 6.921552096000028 ], [ 79.868906708000054, 6.92144650900002 ], [ 79.868924607000054, 6.921406309000076 ], [ 79.868934787000057, 6.921383447000039 ], [ 79.868982558000084, 6.921291229000076 ], [ 79.868991640000047, 6.921273695000025 ], [ 79.868860372000086, 6.921213948000059 ], [ 79.868824757000084, 6.92119537800005 ], [ 79.868668557000035, 6.921113938000076 ], [ 79.868418980000058, 6.920983254000021 ], [ 79.868322076000084, 6.920934333000048 ], [ 79.868094553000049, 6.920816623000064 ], [ 79.867905456000074, 6.920714808000071 ], [ 79.86774863200003, 6.920628157000067 ], [ 79.867642148000073, 6.920572978000052 ], [ 79.867450981000047, 6.920465555000021 ], [ 79.867239466000058, 6.920352034000075 ], [ 79.866993157000081, 6.920216926000023 ], [ 79.866743144000054, 6.920078556000021 ], [ 79.866491414000052, 6.919939640000052 ], [ 79.866476591000037, 6.919930321000038 ], [ 79.866445685000031, 6.91991088900005 ], [ 79.866439766000042, 6.919923758000039 ], [ 79.866413974000068, 6.919979820000037 ], [ 79.866410107000036, 6.919989829000031 ], [ 79.86638550300006, 6.920053499000062 ], [ 79.86632822200005, 6.920201729000041 ], [ 79.866281194000067, 6.920331393000026 ], [ 79.866233019000049, 6.920492613000022 ], [ 79.86619771200003, 6.920644181000057 ], [ 79.86619747900005, 6.920645366000031 ], [ 79.866172338000069, 6.920773009000072 ], [ 79.866161163000072, 6.920829745000049 ], [ 79.86611356800006, 6.921066014000075 ], [ 79.86610341100004, 6.921120468000026 ], [ 79.866064657000038, 6.921328233000054 ], [ 79.865985445000035, 6.921726566000075 ], [ 79.865979843000048, 6.921761594000031 ], [ 79.865949636000039, 6.92195047000007 ], [ 79.86594141900008, 6.92197012500003 ], [ 79.865908276000084, 6.922049401000038 ], [ 79.865837174000035, 6.922275680000041 ], [ 79.865743144000078, 6.922567830000048 ], [ 79.865680513000029, 6.922764919000031 ], [ 79.86562527600006, 6.922928022000065 ], [ 79.865622980000069, 6.92293444400002 ], [ 79.865615931000036, 6.922954160000074 ], [ 79.865615902000059, 6.922954238000045 ], [ 79.865615878000085, 6.922954306000065 ], [ 79.865615839000043, 6.922954417000028 ], [ 79.865614809000078, 6.922957263000058 ], [ 79.865576402000045, 6.923063432000049 ], [ 79.865551775000085, 6.923131511000065 ], [ 79.865510154000049, 6.923270500000058 ], [ 79.865504147000081, 6.923290559000066 ], [ 79.865513908000082, 6.923290117000022 ], [ 79.865550117000055, 6.923288477000028 ], [ 79.865601616000049, 6.923285609000061 ], [ 79.865622252000037, 6.923283298000058 ], [ 79.86572480500007, 6.923278508000067 ], [ 79.865727069000059, 6.923278624000034 ], [ 79.865958244000069, 6.923265750000041 ], [ 79.866004151000084, 6.923343148000072 ], [ 79.866041167000049, 6.923399615000051 ], [ 79.86605323200007, 6.923418019000053 ], [ 79.866147606000084, 6.923512689000063 ], [ 79.866252146000079, 6.923591196000075 ], [ 79.866380113000048, 6.92367381400004 ], [ 79.866456116000052, 6.923719207000033 ], [ 79.86661157900005, 6.923812058000067 ], [ 79.866782955000076, 6.923906513000077 ], [ 79.867079322000052, 6.924079332000076 ], [ 79.867370073000075, 6.924255304000042 ], [ 79.867612940000072, 6.924394655000071 ], [ 79.867800652000085, 6.924510483000063 ], [ 79.867940494000038, 6.924629653000068 ], [ 79.867923534000056, 6.924647305000065 ], [ 79.867888378000032, 6.924683897000023 ], [ 79.86776524000004, 6.924812059000033 ], [ 79.867647225000042, 6.924933905000046 ], [ 79.86756269600005, 6.925021177000076 ], [ 79.867472243000066, 6.925116584000023 ], [ 79.867343553000069, 6.92525232600002 ], [ 79.867155602000082, 6.925448724000034 ], [ 79.867112535000047, 6.92549394100007 ], [ 79.867015432000073, 6.92559575100006 ], [ 79.866779066000049, 6.92584223800003 ], [ 79.866563914000039, 6.92606796900003 ], [ 79.866534719000072, 6.926098650000029 ], [ 79.866502078000053, 6.926132953000035 ], [ 79.86663691900003, 6.926198015000068 ], [ 79.866650336000077, 6.926204490000032 ], [ 79.866834569000048, 6.926295625000023 ], [ 79.866959698000073, 6.926348580000024 ], [ 79.867045506000068, 6.926381295000056 ], [ 79.867291994000084, 6.926471646000039 ], [ 79.867403032000084, 6.926512365000065 ], [ 79.867594361000045, 6.926583531000063 ], [ 79.867871796000031, 6.926673397000059 ], [ 79.867972166000072, 6.926709577000054 ], [ 79.868099399000073, 6.926750599000059 ], [ 79.86817663000005, 6.926773171000036 ], [ 79.868292215000054, 6.92680187600007 ], [ 79.868518681000069, 6.926858369000058 ], [ 79.868597005000083, 6.926877145000049 ], [ 79.868813777000071, 6.926939621000031 ], [ 79.868946626000081, 6.926977909000072 ], [ 79.869049100000041, 6.927006903000063 ], [ 79.869325010000068, 6.927084966000052 ], [ 79.869484900000032, 6.927131024000062 ], [ 79.869666945000063, 6.92718372500002 ], [ 79.869736944000067, 6.927203118000023 ], [ 79.86974495100003, 6.927205351000055 ], [ 79.869798667000055, 6.927220327000043 ], [ 79.869821480000041, 6.927226687000029 ], [ 79.869850261000067, 6.92723471100004 ], [ 79.869985200000031, 6.927268424000033 ], [ 79.870004290000054, 6.92726981800007 ], [ 79.87002067700007, 6.92726569000007 ], [ 79.87003362400003, 6.927261012000031 ], [ 79.870048943000029, 6.927246754000066 ], [ 79.870065839000063, 6.927212697000073 ], [ 79.87014485900005, 6.927008949000026 ], [ 79.870212904000084, 6.926819194000075 ], [ 79.870263178000073, 6.926695775000042 ], [ 79.870308160000036, 6.926595132000045 ], [ 79.870362994000061, 6.926500113000031 ], [ 79.870427754000048, 6.926372381000022 ], [ 79.870459243000084, 6.926277681000045 ], [ 79.870518882000056, 6.926082485000052 ], [ 79.87062528000007, 6.925709429000051 ], [ 79.870853978000071, 6.92578184000007 ], [ 79.871044642000072, 6.925823255000068 ], [ 79.871308385000077, 6.925880631000041 ], [ 79.871525252000083, 6.925940813000068 ], [ 79.871762492000073, 6.925994071000048 ], [ 79.872013768000045, 6.926042472000063 ], [ 79.872121070000048, 6.926049006000028 ], [ 79.872136431000058, 6.926049911000064 ], [ 79.872144864000063, 6.926050406000059 ], [ 79.872118472000068, 6.925940405000063 ], [ 79.872117837000076, 6.925933013000076 ], [ 79.872107584000048, 6.925813614000049 ], [ 79.872107485000072, 6.925801316000047 ], [ 79.872106488000043, 6.925676714000076 ], [ 79.872088140000074, 6.925575597000034 ], [ 79.872079176000057, 6.925526202000071 ], [ 79.872066171000085, 6.92541794300007 ], [ 79.872036327000046, 6.925214470000071 ], [ 79.872034015000054, 6.925198701000056 ], [ 79.87201476000007, 6.925093685000036 ], [ 79.87200062900007, 6.925023004000025 ], [ 79.872000509000031, 6.92502240500005 ], [ 79.871983459000035, 6.924948139000037 ], [ 79.871950448000064, 6.924797071000057 ], [ 79.871928414000081, 6.92467903000005 ], [ 79.871913493000079, 6.924579720000054 ], [ 79.871905694000077, 6.924493172000041 ], [ 79.871892787000036, 6.92428617500002 ], [ 79.87188801700006, 6.924177750000069 ], [ 79.871914865000065, 6.924181386000043 ], [ 79.871940277000078, 6.924184829000069 ], [ 79.871969251000053, 6.924188755000046 ], [ 79.871983870000065, 6.92419089200007 ], [ 79.872035015000051, 6.92419837500006 ], [ 79.872125391000054, 6.924207587000069 ], [ 79.872167190000084, 6.924210381000023 ], [ 79.872214694000036, 6.924210922000043 ], [ 79.872268624000071, 6.924209849000022 ], [ 79.872335679000059, 6.924206993000041 ], [ 79.872412517000043, 6.924197735000064 ], [ 79.872514353000042, 6.924176499000055 ], [ 79.872553823000032, 6.924166629000069 ], [ 79.872602710000081, 6.92415306700002 ], [ 79.872716284000035, 6.924097494000023 ], [ 79.872847979000085, 6.924028843000031 ], [ 79.87285487500003, 6.924024276000068 ], [ 79.872896419000085, 6.923996763000048 ], [ 79.872923266000043, 6.92397898300004 ], [ 79.872938337000051, 6.923964733000048 ], [ 79.872982821000051, 6.923922674000039 ], [ 79.873100126000054, 6.923808152000049 ], [ 79.873182893000035, 6.923726659000067 ], [ 79.873299255000063, 6.923632686000076 ], [ 79.873410540000066, 6.92354281300004 ], [ 79.873304816000029, 6.92342018100004 ], [ 79.873258528000065, 6.92335137300006 ], [ 79.873218214000076, 6.923281854000038 ], [ 79.873195034000048, 6.923195186000044 ], [ 79.87318752200008, 6.923148606000041 ], [ 79.873183133000055, 6.923077164000063 ], [ 79.87319251200006, 6.922999059000063 ], [ 79.87321773900004, 6.922913206000032 ], [ 79.873258872000065, 6.922790132000046 ], [ 79.873315319000085, 6.922607859000038 ], [ 79.873372859000085, 6.922421249000024 ], [ 79.873456125000075, 6.922172386000057 ], [ 79.873564943000076, 6.921857475000024 ], [ 79.873605495000049, 6.921706911000058 ], [ 79.873605897000061, 6.921704199000033 ], [ 79.873629142000084, 6.921547363000059 ], [ 79.873628708000069, 6.921538381000062 ], [ 79.873624147000044, 6.921443969000052 ], [ 79.873623484000063, 6.921430257000054 ] ] ] ] } },
{ "type": "Feature", "properties": { "Shape_Leng": 0.03658183452, "Shape_Area": 4.188999e-05, "ADM4_EN": "Kuppiyawatta East", "ADM4_SI": "කුප්පියාවත්ත නැගෙ", "ADM4_TA": null, "ADM4_PCODE": "LK1127025", "ADM4_REF": null, "ADM3_EN": "Thimbirigasyaya", "ADM3_SI": "තිඹිරිගස්යාය", "ADM3_TA": "திம்பிரிகஸ்யாய", "ADM3_PCODE": "LK1127", "ADM2_EN": "Colombo", "ADM2_SI": "කොළඹ දිස්ත්‍රික්ක", "ADM2_TA": "கொழும்பு மாவட்டம்", "ADM2_PCODE": "LK11", "ADM1_EN": "Western", "ADM1_SI": "බස්නාහිර පළාත", "ADM1_TA": "மேல் மாகாணம் ", "ADM1_PCODE": "LK1", "ADM0_EN": "Sri Lanka", "ADM0_SI": "ශ්‍රී ලංකා", "ADM0_TA": "இலங்கை", "ADM0_PCODE": "LK", "date": "2022-08-02", "validOn": "2022-08-16", "validTo": null, "length_sum": 19709.0, "damage_sco": 2 }, "geometry": { "type": "MultiPolygon", "coordinates": [ [ [ [ 79.876284343000066, 6.930928076000043 ], [ 79.876283374000081, 6.930866045000073 ], [ 79.876290751000056, 6.930698329000052 ], [ 79.876295602000084, 6.930621750000057 ], [ 79.876300077000053, 6.93053082800003 ], [ 79.876245032000043, 6.930548357000021 ], [ 79.876182365000034, 6.930569525000067 ], [ 79.876080353000077, 6.930582250000043 ], [ 79.876068173000078, 6.930566437000039 ], [ 79.87603053600003, 6.930361944000026 ], [ 79.875942201000043, 6.930390394000028 ], [ 79.875906531000055, 6.930401256000039 ], [ 79.875889833000031, 6.930327888000022 ], [ 79.875714517000063, 6.930363441000054 ], [ 79.875547269000037, 6.930401760000052 ], [ 79.875503323000032, 6.930403452000064 ], [ 79.87550252300008, 6.930399286000068 ], [ 79.875491981000039, 6.930344352000077 ], [ 79.875452673000041, 6.930174015000034 ], [ 79.875367830000073, 6.929870943000026 ], [ 79.875352439000039, 6.929820655000071 ], [ 79.875295618000052, 6.929634989000022 ], [ 79.875284174000058, 6.929609648000053 ], [ 79.875278047000052, 6.929595982000023 ], [ 79.875267762000078, 6.929579777000072 ], [ 79.875262724000038, 6.929574488000071 ], [ 79.875260961000038, 6.929572636000046 ], [ 79.875255752000044, 6.929566736000027 ], [ 79.875255493000054, 6.929560767000055 ], [ 79.87525305500003, 6.929510035000021 ], [ 79.875233302000083, 6.929429071000072 ], [ 79.87518431400008, 6.929256997000039 ], [ 79.875150159000043, 6.929137033000075 ], [ 79.875126111000043, 6.929035775000045 ], [ 79.875121972000045, 6.929018348000056 ], [ 79.875115986000083, 6.928977377000024 ], [ 79.875114111000073, 6.928964081000061 ], [ 79.875110806000066, 6.928941560000055 ], [ 79.875094387000047, 6.92882009300007 ], [ 79.875086113000066, 6.928712482000037 ], [ 79.875075314000071, 6.928572030000055 ], [ 79.875071151000043, 6.928492376000065 ], [ 79.875067630000046, 6.928424991000043 ], [ 79.875065507000045, 6.928313658000036 ], [ 79.875064549000058, 6.92826339800007 ], [ 79.875062282000044, 6.928144495000026 ], [ 79.875062725000078, 6.928101727000069 ], [ 79.875065793000033, 6.927819890000023 ], [ 79.875068829000043, 6.927602884000066 ], [ 79.875068831000078, 6.927602252000042 ], [ 79.875068848000069, 6.927599634000046 ], [ 79.875070214000061, 6.927398173000029 ], [ 79.875069837000069, 6.927311008000061 ], [ 79.875077203000046, 6.927100973000051 ], [ 79.875094991000083, 6.926882187000047 ], [ 79.875121389000071, 6.926608803000022 ], [ 79.875137993000067, 6.926346342000045 ], [ 79.875143213000058, 6.926171479000061 ], [ 79.875145436000082, 6.926095890000056 ], [ 79.875142172000039, 6.925861965000024 ], [ 79.875140091000048, 6.925766386000021 ], [ 79.87511863900005, 6.925627187000032 ], [ 79.87511654900004, 6.925619986000072 ], [ 79.875076637000063, 6.925482466000062 ], [ 79.875057329000072, 6.925415937000025 ], [ 79.875312331000032, 6.925407287000041 ], [ 79.875562706000039, 6.925405321000028 ], [ 79.87569264800004, 6.925402222000059 ], [ 79.875813507000032, 6.92539967600004 ], [ 79.875838334000036, 6.925399152000068 ], [ 79.875856972000065, 6.925352801000031 ], [ 79.875884687000053, 6.925291005000076 ], [ 79.875911975000065, 6.925215645000037 ], [ 79.875924272000077, 6.925172719000045 ], [ 79.875952107000046, 6.925047358000029 ], [ 79.875965842000085, 6.924962117000064 ], [ 79.875966685000037, 6.924954760000048 ], [ 79.875973203000058, 6.924897932000022 ], [ 79.876000774000033, 6.924673107000046 ], [ 79.876027089000047, 6.92444294400002 ], [ 79.87603669300006, 6.924340786000073 ], [ 79.876045238000074, 6.924225696000065 ], [ 79.876047740000047, 6.924146131000043 ], [ 79.876045411000064, 6.924085634000051 ], [ 79.876047254000071, 6.924068459000068 ], [ 79.876058040000032, 6.924058350000053 ], [ 79.876073975000054, 6.924053680000043 ], [ 79.876112283000055, 6.924052087000064 ], [ 79.87616971500006, 6.924049701000058 ], [ 79.876313157000084, 6.924036771000033 ], [ 79.876371987000084, 6.92402865400004 ], [ 79.876388016000078, 6.924021813000024 ], [ 79.876391345000059, 6.924019021000049 ], [ 79.876399526000057, 6.924012159000029 ], [ 79.876409352000053, 6.923984057000041 ], [ 79.876431965000052, 6.923988259000055 ], [ 79.87647196100005, 6.923987068000031 ], [ 79.876514028000031, 6.92398266500004 ], [ 79.876560201000075, 6.923977831000059 ], [ 79.876664908000066, 6.923969168000042 ], [ 79.876729530000034, 6.923968226000056 ], [ 79.876846063000073, 6.92396652900004 ], [ 79.876982518000034, 6.923964344000069 ], [ 79.877179150000075, 6.92395920000007 ], [ 79.877424190000056, 6.923955595000052 ], [ 79.877474770000049, 6.92395605300004 ], [ 79.877522814000031, 6.923957499000039 ], [ 79.877673555000058, 6.923954095000056 ], [ 79.877739863000045, 6.923952598000028 ], [ 79.877862779000054, 6.923949824000033 ], [ 79.877850579000039, 6.92351125700003 ], [ 79.877832939000029, 6.922935512000038 ], [ 79.877825888000075, 6.922740459000067 ], [ 79.877823750000061, 6.922674720000032 ], [ 79.877810889000045, 6.922394209000061 ], [ 79.877797396000062, 6.922065322000037 ], [ 79.877783829000066, 6.921775856000068 ], [ 79.877775644000053, 6.921558289000075 ], [ 79.877768272000083, 6.92143720100006 ], [ 79.877763798000046, 6.921343140000033 ], [ 79.87776270300003, 6.921320094000066 ], [ 79.877697731000069, 6.921322141000076 ], [ 79.87761340000003, 6.921322073000056 ], [ 79.877313697000034, 6.921332900000039 ], [ 79.877096347000077, 6.921336558000064 ], [ 79.877093089000084, 6.921336641000039 ], [ 79.876794103000066, 6.921351087000062 ], [ 79.876703520000035, 6.921355617000074 ], [ 79.876479536000033, 6.921362588000022 ], [ 79.876383098000076, 6.92136559000005 ], [ 79.876298942000062, 6.921368233000067 ], [ 79.876222815000062, 6.921369257000038 ], [ 79.876063134000049, 6.92137140400007 ], [ 79.876000350000083, 6.921373671000026 ], [ 79.875846122000041, 6.921379238000043 ], [ 79.875832246000073, 6.921380100000022 ], [ 79.87578964800008, 6.92138274000007 ], [ 79.87578985500005, 6.921380472000067 ], [ 79.875285915000063, 6.92139886700005 ], [ 79.875234427000066, 6.92140039800006 ], [ 79.874983058000055, 6.921402724000075 ], [ 79.874868143000072, 6.921402959000034 ], [ 79.874580576000085, 6.921407567000074 ], [ 79.874520042000086, 6.921407363000071 ], [ 79.874280160000069, 6.921412333000035 ], [ 79.873989873000085, 6.921420010000077 ], [ 79.873623484000063, 6.921430257000054 ], [ 79.873624147000044, 6.921443969000052 ], [ 79.873628708000069, 6.921538381000062 ], [ 79.873629142000084, 6.921547363000059 ], [ 79.873605897000061, 6.921704199000033 ], [ 79.873605495000049, 6.921706911000058 ], [ 79.873564943000076, 6.921857475000024 ], [ 79.873456125000075, 6.922172386000057 ], [ 79.873372859000085, 6.922421249000024 ], [ 79.873315319000085, 6.922607859000038 ], [ 79.873258872000065, 6.922790132000046 ], [ 79.87321773900004, 6.922913206000032 ], [ 79.87319251200006, 6.922999059000063 ], [ 79.873183133000055, 6.923077164000063 ], [ 79.87318752200008, 6.923148606000041 ], [ 79.873195034000048, 6.923195186000044 ], [ 79.873218214000076, 6.923281854000038 ], [ 79.873258528000065, 6.92335137300006 ], [ 79.873304816000029, 6.92342018100004 ], [ 79.873410540000066, 6.92354281300004 ], [ 79.873299255000063, 6.923632686000076 ], [ 79.873182893000035, 6.923726659000067 ], [ 79.873100126000054, 6.923808152000049 ], [ 79.872982821000051, 6.923922674000039 ], [ 79.872938337000051, 6.923964733000048 ], [ 79.872923266000043, 6.92397898300004 ], [ 79.872896419000085, 6.923996763000048 ], [ 79.87285487500003, 6.924024276000068 ], [ 79.872847979000085, 6.924028843000031 ], [ 79.872716284000035, 6.924097494000023 ], [ 79.872602710000081, 6.92415306700002 ], [ 79.872553823000032, 6.924166629000069 ], [ 79.872514353000042, 6.924176499000055 ], [ 79.872412517000043, 6.924197735000064 ], [ 79.872335679000059, 6.924206993000041 ], [ 79.872268624000071, 6.924209849000022 ], [ 79.872214694000036, 6.924210922000043 ], [ 79.872167190000084, 6.924210381000023 ], [ 79.872125391000054, 6.924207587000069 ], [ 79.872035015000051, 6.92419837500006 ], [ 79.871983870000065, 6.92419089200007 ], [ 79.871969251000053, 6.924188755000046 ], [ 79.871940277000078, 6.924184829000069 ], [ 79.871914865000065, 6.924181386000043 ], [ 79.87188801700006, 6.924177750000069 ], [ 79.871892787000036, 6.92428617500002 ], [ 79.871905694000077, 6.924493172000041 ], [ 79.871913493000079, 6.924579720000054 ], [ 79.871928414000081, 6.92467903000005 ], [ 79.871950448000064, 6.924797071000057 ], [ 79.871983459000035, 6.924948139000037 ], [ 79.872000509000031, 6.92502240500005 ], [ 79.87200062900007, 6.925023004000025 ], [ 79.87201476000007, 6.925093685000036 ], [ 79.872034015000054, 6.925198701000056 ], [ 79.872036327000046, 6.925214470000071 ], [ 79.872066171000085, 6.92541794300007 ], [ 79.872079176000057, 6.925526202000071 ], [ 79.872088140000074, 6.925575597000034 ], [ 79.872106488000043, 6.925676714000076 ], [ 79.872107485000072, 6.925801316000047 ], [ 79.872107584000048, 6.925813614000049 ], [ 79.872117837000076, 6.925933013000076 ], [ 79.872118472000068, 6.925940405000063 ], [ 79.872144864000063, 6.926050406000059 ], [ 79.872136431000058, 6.926049911000064 ], [ 79.872121070000048, 6.926049006000028 ], [ 79.872013768000045, 6.926042472000063 ], [ 79.871762492000073, 6.925994071000048 ], [ 79.871525252000083, 6.925940813000068 ], [ 79.871308385000077, 6.925880631000041 ], [ 79.871044642000072, 6.925823255000068 ], [ 79.870853978000071, 6.92578184000007 ], [ 79.87062528000007, 6.925709429000051 ], [ 79.870518882000056, 6.926082485000052 ], [ 79.870459243000084, 6.926277681000045 ], [ 79.870427754000048, 6.926372381000022 ], [ 79.870362994000061, 6.926500113000031 ], [ 79.870308160000036, 6.926595132000045 ], [ 79.870263178000073, 6.926695775000042 ], [ 79.870212904000084, 6.926819194000075 ], [ 79.87014485900005, 6.927008949000026 ], [ 79.870065839000063, 6.927212697000073 ], [ 79.870048943000029, 6.927246754000066 ], [ 79.87003362400003, 6.927261012000031 ], [ 79.87002067700007, 6.92726569000007 ], [ 79.870004290000054, 6.92726981800007 ], [ 79.869985200000031, 6.927268424000033 ], [ 79.869850261000067, 6.92723471100004 ], [ 79.869821480000041, 6.927226687000029 ], [ 79.869798667000055, 6.927220327000043 ], [ 79.86974495100003, 6.927205351000055 ], [ 79.869736944000067, 6.927203118000023 ], [ 79.869703350000066, 6.927357856000071 ], [ 79.869687458000044, 6.927434954000034 ], [ 79.869657852000046, 6.927538883000068 ], [ 79.869642819000035, 6.927592564000065 ], [ 79.869624871000042, 6.92765663800003 ], [ 79.869618742000057, 6.92769207200007 ], [ 79.869598644000064, 6.927839418000076 ], [ 79.869596063000074, 6.927863647000038 ], [ 79.869601627000065, 6.927888432000032 ], [ 79.869606317000034, 6.927896037000039 ], [ 79.869612094000047, 6.927903373000049 ], [ 79.86962402000006, 6.927912979000041 ], [ 79.869643186000076, 6.927921426000069 ], [ 79.869692826000062, 6.927940780000029 ], [ 79.869754269000055, 6.927961484000036 ], [ 79.869796455000085, 6.927975700000047 ], [ 79.869856224000046, 6.927997606000076 ], [ 79.869903968000074, 6.92801415200006 ], [ 79.870047653000086, 6.928064339000059 ], [ 79.870058953000068, 6.928070148000074 ], [ 79.870068712000034, 6.928077399000074 ], [ 79.870074944000066, 6.92808274600003 ], [ 79.870080090000044, 6.928088905000038 ], [ 79.870086128000082, 6.928102027000023 ], [ 79.870089310000083, 6.928112660000068 ], [ 79.870090893000054, 6.928117950000058 ], [ 79.870092832000068, 6.928145080000036 ], [ 79.87009289100007, 6.928161356000032 ], [ 79.870090271000038, 6.928206561000025 ], [ 79.870083902000033, 6.928272828000047 ], [ 79.870079652000072, 6.928318302000037 ], [ 79.870076268000048, 6.928384756000071 ], [ 79.870076865000044, 6.928403926000044 ], [ 79.870081983000034, 6.928424551000035 ], [ 79.87009551500006, 6.928445917000033 ], [ 79.870113316000072, 6.928458790000036 ], [ 79.870134112000073, 6.928466516000071 ], [ 79.870195170000045, 6.928477301000044 ], [ 79.870310225000082, 6.928499403000046 ], [ 79.870533830000056, 6.92853862000004 ], [ 79.870690136000064, 6.928565591000051 ], [ 79.870836306000058, 6.928594353000051 ], [ 79.870990707000033, 6.928624486000047 ], [ 79.871021911000071, 6.928631780000046 ], [ 79.871027604000062, 6.928634955000064 ], [ 79.871031217000052, 6.928638579000051 ], [ 79.871036720000063, 6.928647451000074 ], [ 79.871039763000056, 6.928664817000026 ], [ 79.871038459000033, 6.92868452700003 ], [ 79.871032633000084, 6.928702419000047 ], [ 79.870996802000036, 6.928796841000064 ], [ 79.870960244000059, 6.928892708000035 ], [ 79.870921597000063, 6.928993183000046 ], [ 79.87086060300004, 6.929138915000067 ], [ 79.87077503900008, 6.929357480000021 ], [ 79.870738663000054, 6.929452624000021 ], [ 79.870711573000051, 6.929518580000035 ], [ 79.870662828000036, 6.929646071000036 ], [ 79.870599714000036, 6.929812688000027 ], [ 79.870580798000049, 6.929881365000028 ], [ 79.870580352000047, 6.929882984000074 ], [ 79.870580123000082, 6.929883811000025 ], [ 79.870598580000035, 6.929884202000039 ], [ 79.870641019000061, 6.92988510400005 ], [ 79.870879897000066, 6.929886372000055 ], [ 79.871087192000061, 6.929890294000074 ], [ 79.871140296000078, 6.929895821000059 ], [ 79.871260322000069, 6.929921185000069 ], [ 79.871317378000072, 6.929942815000061 ], [ 79.871316835000073, 6.929942271000073 ], [ 79.871334103000038, 6.929950623000025 ], [ 79.871480850000069, 6.930008411000074 ], [ 79.871538798000074, 6.930037094000056 ], [ 79.871545303000062, 6.930040291000068 ], [ 79.871675845000084, 6.93010444600003 ], [ 79.871795889000055, 6.930167429000051 ], [ 79.871923505000041, 6.930245704000072 ], [ 79.872035396000058, 6.930314275000057 ], [ 79.872227816000077, 6.930431737000049 ], [ 79.872323800000061, 6.930490603000067 ], [ 79.872340542000074, 6.93050021800002 ], [ 79.872460284000056, 6.930568987000072 ], [ 79.872522566000043, 6.93060867500003 ], [ 79.872625467000034, 6.930674245000034 ], [ 79.872720024000046, 6.930734499000039 ], [ 79.872816098000044, 6.930793817000051 ], [ 79.872817657000041, 6.930794683000045 ], [ 79.872838131000037, 6.930806053000026 ], [ 79.872855959000049, 6.93081595600006 ], [ 79.872909026000059, 6.930841013000077 ], [ 79.87293814700007, 6.930849206000062 ], [ 79.872961487000055, 6.930852415000061 ], [ 79.873181539000029, 6.930857174000039 ], [ 79.873259537000081, 6.930857322000065 ], [ 79.873335631000032, 6.930860089000021 ], [ 79.873501015000045, 6.930872429000033 ], [ 79.873742555000035, 6.93090227600004 ], [ 79.873873540000034, 6.930922326000029 ], [ 79.873928655000043, 6.930934150000041 ], [ 79.873934310000038, 6.930934290000039 ], [ 79.873942685000031, 6.930937160000042 ], [ 79.873974753000084, 6.930944040000043 ], [ 79.874206839000067, 6.930997015000059 ], [ 79.874270873000057, 6.93101278000006 ], [ 79.874315013000057, 6.93102136300007 ], [ 79.874539043000084, 6.93107567900006 ], [ 79.874669642000072, 6.931108840000036 ], [ 79.874793926000052, 6.931131410000035 ], [ 79.874861956000075, 6.931140581000022 ], [ 79.874928908000072, 6.931143511000073 ], [ 79.87500265400007, 6.931143560000066 ], [ 79.875272421000034, 6.931128430000058 ], [ 79.875534591000076, 6.93111183700006 ], [ 79.875615871000036, 6.931099152000058 ], [ 79.875702742000044, 6.931096514000046 ], [ 79.875754151000081, 6.931089468000039 ], [ 79.875808282000037, 6.931078538000065 ], [ 79.876044849000039, 6.931011623000074 ], [ 79.876066306000041, 6.931005515000038 ], [ 79.876185638000038, 6.930967958000053 ], [ 79.876195959000086, 6.930964711000058 ], [ 79.876284343000066, 6.930928076000043 ] ] ] ] } },
{ "type": "Feature", "properties": { "Shape_Leng": 0.04079138276, "Shape_Area": 6.02513e-05, "ADM4_EN": "Dematagoda", "ADM4_SI": "දෙමටගොඩ", "ADM4_TA": null, "ADM4_PCODE": "LK1127030", "ADM4_REF": null, "ADM3_EN": "Thimbirigasyaya", "ADM3_SI": "තිඹිරිගස්යාය", "ADM3_TA": "திம்பிரிகஸ்யாய", "ADM3_PCODE": "LK1127", "ADM2_EN": "Colombo", "ADM2_SI": "කොළඹ දිස්ත්‍රික්ක", "ADM2_TA": "கொழும்பு மாவட்டம்", "ADM2_PCODE": "LK11", "ADM1_EN": "Western", "ADM1_SI": "බස්නාහිර පළාත", "ADM1_TA": "மேல் மாகாணம் ", "ADM1_PCODE": "LK1", "ADM0_EN": "Sri Lanka", "ADM0_SI": "ශ්‍රී ලංකා", "ADM0_TA": "இலங்கை", "ADM0_PCODE": "LK", "date": "2022-08-02", "validOn": "2022-08-16", "validTo": null, "length_sum": 18697.0, "damage_sco": 1 }, "geometry": { "type": "MultiPolygon", "coordinates": [ [ [ [ 79.882190741000045, 6.940311787000041 ], [ 79.882266253000068, 6.940161721000038 ], [ 79.88232296700005, 6.940049864000059 ], [ 79.882392073000062, 6.939967695000064 ], [ 79.882481287000076, 6.939887479000049 ], [ 79.882692940000084, 6.939692657000023 ], [ 79.882956769000032, 6.939441953000028 ], [ 79.883235450000029, 6.939251085000024 ], [ 79.883499077000067, 6.93910803700004 ], [ 79.883682025000041, 6.938899046000074 ], [ 79.883760212000084, 6.938698830000021 ], [ 79.883709737000061, 6.938486409000063 ], [ 79.883527414000071, 6.938363455000058 ], [ 79.88321660400004, 6.938135592000037 ], [ 79.883025502000066, 6.937907955000071 ], [ 79.882861270000035, 6.937713262000045 ], [ 79.882753957000034, 6.937488773000041 ], [ 79.88261688700004, 6.937174513000059 ], [ 79.882491623000078, 6.936946998000053 ], [ 79.882282649000047, 6.936674469000025 ], [ 79.882148301000029, 6.936503757000025 ], [ 79.881864643000085, 6.936165292000055 ], [ 79.881823152000038, 6.936093438000057 ], [ 79.881651859000044, 6.935712844000022 ], [ 79.881587876000083, 6.935529332000044 ], [ 79.881568454000046, 6.935317480000037 ], [ 79.881581997000069, 6.934648878000075 ], [ 79.88161124800007, 6.934372610000025 ], [ 79.88171974200003, 6.933970891000058 ], [ 79.881903657000066, 6.93356572700003 ], [ 79.881986951000044, 6.933196257000077 ], [ 79.882069988000069, 6.932963154000049 ], [ 79.882201888000054, 6.932621493000056 ], [ 79.882566821000069, 6.932300198000064 ], [ 79.882847493000043, 6.932002872000055 ], [ 79.883005952000076, 6.931766323000033 ], [ 79.883139325000059, 6.931501016000027 ], [ 79.883234006000066, 6.931225492000067 ], [ 79.88324897800004, 6.931181922000064 ], [ 79.883248343000048, 6.931181709000043 ], [ 79.883251993000044, 6.931173922000028 ], [ 79.883268778000058, 6.931138103000023 ], [ 79.883347410000056, 6.930970298000034 ], [ 79.883451269000034, 6.930740823000065 ], [ 79.883612516000085, 6.930547820000072 ], [ 79.883815983000034, 6.930310876000021 ], [ 79.883965806000049, 6.930081488000042 ], [ 79.884159797000052, 6.929790936000074 ], [ 79.884248166000077, 6.929649470000072 ], [ 79.884348149000061, 6.92944295500007 ], [ 79.884386671000073, 6.929328191000025 ], [ 79.88439461300004, 6.929219939000063 ], [ 79.884483394000085, 6.928818313000022 ], [ 79.884483812000042, 6.928595819000066 ], [ 79.884383408000076, 6.928516683000055 ], [ 79.884118001000047, 6.928336754000043 ], [ 79.883905532000085, 6.928269367000041 ], [ 79.883735718000082, 6.92818053000002 ], [ 79.883633174000067, 6.928149652000059 ], [ 79.883631931000082, 6.92814628800005 ], [ 79.883623785000054, 6.928124231000027 ], [ 79.883623641000042, 6.928123841000058 ], [ 79.883549972000083, 6.928211150000038 ], [ 79.883495260000075, 6.928287324000053 ], [ 79.883409522000079, 6.928451863000021 ], [ 79.883353168000042, 6.928538200000048 ], [ 79.883240414000056, 6.928735197000037 ], [ 79.883178622000059, 6.928825953000057 ], [ 79.883170310000082, 6.92883852600005 ], [ 79.883130075000054, 6.928899375000071 ], [ 79.883067180000069, 6.928855131000034 ], [ 79.88301105100004, 6.928821841000058 ], [ 79.882969008000032, 6.928804129000071 ], [ 79.882922888000053, 6.92878939600007 ], [ 79.882874951000076, 6.928778815000044 ], [ 79.882835154000077, 6.92876996900003 ], [ 79.882787939000082, 6.928761768000072 ], [ 79.882766226000058, 6.928757995000069 ], [ 79.882609175000084, 6.928741695000042 ], [ 79.882555083000057, 6.928731648000053 ], [ 79.882453869000074, 6.928710661000025 ], [ 79.882281498000054, 6.928660604000072 ], [ 79.882187559000045, 6.928621003000046 ], [ 79.882115513000031, 6.928582800000072 ], [ 79.882004966000068, 6.928521105000073 ], [ 79.881977476000031, 6.928511380000032 ], [ 79.881948173000069, 6.928503638000052 ], [ 79.881869848000065, 6.92848540600005 ], [ 79.881758142000081, 6.928461867000067 ], [ 79.881509151000046, 6.928400454000041 ], [ 79.881384435000029, 6.928367216000026 ], [ 79.881274639000083, 6.928338978000056 ], [ 79.881204368000056, 6.928319316000056 ], [ 79.881120906000035, 6.928289771000038 ], [ 79.88108266100005, 6.928273513000022 ], [ 79.881058195000037, 6.928261274000022 ], [ 79.881056355000055, 6.928260353000042 ], [ 79.881016334000037, 6.928227093000032 ], [ 79.88097814200006, 6.928230728000074 ], [ 79.880941664000034, 6.928236899000069 ], [ 79.880910158000063, 6.928245791000052 ], [ 79.880881360000046, 6.928258576000076 ], [ 79.88085480400008, 6.928281945000037 ], [ 79.880841652000072, 6.92829873900007 ], [ 79.880830849000063, 6.928317255000024 ], [ 79.880806195000048, 6.928387648000069 ], [ 79.880796797000073, 6.928428770000039 ], [ 79.880791481000074, 6.928560775000051 ], [ 79.880789206000031, 6.928615205000028 ], [ 79.880783283000085, 6.928685452000025 ], [ 79.880769636000082, 6.928707744000064 ], [ 79.880760228000042, 6.928723113000046 ], [ 79.880750343000045, 6.928734668000061 ], [ 79.880737020000083, 6.928746308000029 ], [ 79.880723885000066, 6.928754149000042 ], [ 79.880704147000074, 6.928760715000067 ], [ 79.880666857000051, 6.928765617000067 ], [ 79.880514278000078, 6.928776361000075 ], [ 79.880508311000085, 6.928776647000063 ], [ 79.880490750000035, 6.928777491000062 ], [ 79.880280628000037, 6.92878505300007 ], [ 79.880215728000053, 6.928796323000029 ], [ 79.880168644000037, 6.928813414000047 ], [ 79.880132231000061, 6.928833599000029 ], [ 79.880089917000078, 6.928864353000051 ], [ 79.880023319000031, 6.928912241000035 ], [ 79.879994320000037, 6.928935336000052 ], [ 79.879938293000066, 6.928991652000036 ], [ 79.879877721000071, 6.929059173000041 ], [ 79.879797992000078, 6.929161470000054 ], [ 79.879680916000041, 6.929298237000069 ], [ 79.879678368000043, 6.929301448000047 ], [ 79.879658052000082, 6.929327060000048 ], [ 79.879654703000085, 6.929331281000032 ], [ 79.879638005000061, 6.929356749000021 ], [ 79.879627468000081, 6.929378339000039 ], [ 79.879610195000055, 6.929414367000049 ], [ 79.87958177400003, 6.929473648000055 ], [ 79.879543785000067, 6.929561556000067 ], [ 79.879520334000063, 6.929617122000025 ], [ 79.879496626000048, 6.929665361000048 ], [ 79.879485639000052, 6.929685776000042 ], [ 79.879458498000076, 6.929731116000028 ], [ 79.879404150000084, 6.929809046000059 ], [ 79.879366469000047, 6.929850084000066 ], [ 79.879319281000051, 6.929901478000033 ], [ 79.879271419000077, 6.929946598000072 ], [ 79.879224466000039, 6.929989370000044 ], [ 79.879202431000067, 6.930014194000023 ], [ 79.879197258000033, 6.930022321000024 ], [ 79.879193713000063, 6.930030996000028 ], [ 79.879190059000052, 6.930049343000064 ], [ 79.879188136000039, 6.930076954000072 ], [ 79.879187547000072, 6.930085417000043 ], [ 79.879162755000038, 6.930085009000038 ], [ 79.879154429000039, 6.930084900000054 ], [ 79.87909833100008, 6.93008416300006 ], [ 79.87905444200004, 6.930086251000034 ], [ 79.878991448000079, 6.930094089000022 ], [ 79.878981841000041, 6.930096573000071 ], [ 79.878867875000083, 6.930126045000065 ], [ 79.878695311000058, 6.930177531000027 ], [ 79.878513516000055, 6.930230265000034 ], [ 79.878314712000076, 6.930281881000042 ], [ 79.87803668600003, 6.930358303000048 ], [ 79.878035833000069, 6.930425938000042 ], [ 79.878037523000046, 6.930540416000042 ], [ 79.878039123000065, 6.93064865100007 ], [ 79.878050418000043, 6.931038207000029 ], [ 79.878060631000039, 6.931283629000063 ], [ 79.878074497000057, 6.931654563000052 ], [ 79.878082289000076, 6.931887775000064 ], [ 79.878088509000065, 6.932139157000051 ], [ 79.878093182000043, 6.932347315000072 ], [ 79.878098027000078, 6.932557139000039 ], [ 79.878094880000049, 6.932603237000023 ], [ 79.878104956000072, 6.932872207000059 ], [ 79.87810711700007, 6.932929887000057 ], [ 79.878113859000052, 6.93307296100005 ], [ 79.87811180500006, 6.933072981000066 ], [ 79.878119556000058, 6.933327983000027 ], [ 79.878124462000073, 6.93346082100004 ], [ 79.878141579000044, 6.933835288000068 ], [ 79.878149848000078, 6.934006108000062 ], [ 79.87815429300008, 6.934097896000026 ], [ 79.878170490000059, 6.934525068000028 ], [ 79.878173080000067, 6.934593348000021 ], [ 79.878180457000042, 6.934901879000051 ], [ 79.878186085000038, 6.935131560000059 ], [ 79.878191051000044, 6.935376520000034 ], [ 79.878198828000052, 6.935665611000047 ], [ 79.878205329000082, 6.935910901000057 ], [ 79.878206090000049, 6.93593960100003 ], [ 79.87821316600008, 6.93621657500006 ], [ 79.878216232000057, 6.936413338000023 ], [ 79.878223925000043, 6.936650979000035 ], [ 79.878224100000068, 6.936656225000036 ], [ 79.87822538000006, 6.936694746000057 ], [ 79.87822570700007, 6.936711212000034 ], [ 79.878226780000034, 6.936765385000058 ], [ 79.878228723000063, 6.936863503000041 ], [ 79.878230418000044, 6.936949109000068 ], [ 79.878230786000074, 6.936963813000034 ], [ 79.878232612000033, 6.937036896000052 ], [ 79.878232710000077, 6.937040836000051 ], [ 79.878235312000072, 6.937144982000063 ], [ 79.878238072000045, 6.937255471000071 ], [ 79.878239757000074, 6.937317760000042 ], [ 79.878244714000061, 6.937500945000068 ], [ 79.878245091000053, 6.937514903000022 ], [ 79.878250334000029, 6.937731720000045 ], [ 79.878253314000062, 6.93785499300003 ], [ 79.878254612000035, 6.937933556000075 ], [ 79.878259645000071, 6.938238210000065 ], [ 79.878262791000054, 6.938547776000064 ], [ 79.878263307000054, 6.938598455000033 ], [ 79.878262522000057, 6.938916645000063 ], [ 79.878259479000064, 6.939202098000067 ], [ 79.878259220000075, 6.939226331000043 ], [ 79.878255859000035, 6.93951947100004 ], [ 79.878246360000048, 6.939852655000038 ], [ 79.878240379000033, 6.940048314000023 ], [ 79.878239894000046, 6.940065765000043 ], [ 79.878238739000039, 6.940102203000038 ], [ 79.878241133000074, 6.940136984000048 ], [ 79.878241268000068, 6.940138942000033 ], [ 79.878259609000054, 6.940405334000047 ], [ 79.878282297000055, 6.940657019000071 ], [ 79.878287168000043, 6.940903697000067 ], [ 79.878296770000077, 6.941184293000049 ], [ 79.878296895000062, 6.941500134000023 ], [ 79.878299589000051, 6.941749972000025 ], [ 79.878299687000037, 6.941752583000039 ], [ 79.878299804000051, 6.941755687000068 ], [ 79.878313629000047, 6.942124071000023 ], [ 79.878313696000077, 6.942279686000063 ], [ 79.878315962000045, 6.942564066000045 ], [ 79.878310258000056, 6.942804574000036 ], [ 79.87830832800006, 6.94283491300007 ], [ 79.878307923000079, 6.942841289000057 ], [ 79.878300931000069, 6.942951311000058 ], [ 79.878294829000083, 6.943067038000038 ], [ 79.87829432500007, 6.943076090000034 ], [ 79.878286080000066, 6.943199551000021 ], [ 79.878285075000065, 6.943214599000044 ], [ 79.878326773000083, 6.943214283000032 ], [ 79.87832858400003, 6.943214776000048 ], [ 79.878329240000085, 6.94321495500003 ], [ 79.878333287000032, 6.94321605500005 ], [ 79.878435402000036, 6.943284216000052 ], [ 79.878583184000036, 6.943377800000064 ], [ 79.878669224000078, 6.943456911000055 ], [ 79.878761089000079, 6.94349440700006 ], [ 79.878837240000053, 6.943485939000027 ], [ 79.878920688000051, 6.943417195000052 ], [ 79.878961097000058, 6.943318226000031 ], [ 79.878995756000052, 6.943222117000062 ], [ 79.879053487000078, 6.943078682000021 ], [ 79.87916428300008, 6.942981283000051 ], [ 79.879288015000043, 6.942879600000026 ], [ 79.879374334000033, 6.942810862000044 ], [ 79.879476457000067, 6.942742155000076 ], [ 79.879594355000052, 6.942686395000067 ], [ 79.879828561000068, 6.94265669400005 ], [ 79.880049892000045, 6.942599695000069 ], [ 79.880170600000042, 6.942576957000028 ], [ 79.880664877000072, 6.942513474000066 ], [ 79.881054177000067, 6.942382628000075 ], [ 79.881383895000056, 6.942108124000072 ], [ 79.881635994000078, 6.941731796000056 ], [ 79.881810123000037, 6.941439055000046 ], [ 79.881930227000055, 6.941229947000068 ], [ 79.882014858000048, 6.940787513000032 ], [ 79.88202418000003, 6.940631191000023 ], [ 79.88219028900005, 6.940311380000026 ], [ 79.882190741000045, 6.940311787000041 ] ] ] ] } },
{ "type": "Feature", "properties": { "Shape_Leng": 0.03574247318, "Shape_Area": 5.322776e-05, "ADM4_EN": "Wanathamulla", "ADM4_SI": "වනාතමුල්ල", "ADM4_TA": null, "ADM4_PCODE": "LK1127035", "ADM4_REF": null, "ADM3_EN": "Thimbirigasyaya", "ADM3_SI": "තිඹිරිගස්යාය", "ADM3_TA": "திம்பிரிகஸ்யாய", "ADM3_PCODE": "LK1127", "ADM2_EN": "Colombo", "ADM2_SI": "කොළඹ දිස්ත්‍රික්ක", "ADM2_TA": "கொழும்பு மாவட்டம்", "ADM2_PCODE": "LK11", "ADM1_EN": "Western", "ADM1_SI": "බස්නාහිර පළාත", "ADM1_TA": "மேல் மாகாணம் ", "ADM1_PCODE": "LK1", "ADM0_EN": "Sri Lanka", "ADM0_SI": "ශ්‍රී ලංකා", "ADM0_TA": "இலங்கை", "ADM0_PCODE": "LK", "date": "2022-08-02", "validOn": "2022-08-16", "validTo": null, "length_sum": 28277.0, "damage_sco": 2 }, "geometry": { "type": "MultiPolygon", "coordinates": [ [ [ [ 79.878035833000069, 6.930425938000042 ], [ 79.87803668600003, 6.930358303000048 ], [ 79.878314712000076, 6.930281881000042 ], [ 79.878513516000055, 6.930230265000034 ], [ 79.878695311000058, 6.930177531000027 ], [ 79.878867875000083, 6.930126045000065 ], [ 79.878981841000041, 6.930096573000071 ], [ 79.878991448000079, 6.930094089000022 ], [ 79.87905444200004, 6.930086251000034 ], [ 79.87909833100008, 6.93008416300006 ], [ 79.879154429000039, 6.930084900000054 ], [ 79.879162755000038, 6.930085009000038 ], [ 79.879187547000072, 6.930085417000043 ], [ 79.879188136000039, 6.930076954000072 ], [ 79.879190059000052, 6.930049343000064 ], [ 79.879193713000063, 6.930030996000028 ], [ 79.879197258000033, 6.930022321000024 ], [ 79.879202431000067, 6.930014194000023 ], [ 79.879224466000039, 6.929989370000044 ], [ 79.879271419000077, 6.929946598000072 ], [ 79.879319281000051, 6.929901478000033 ], [ 79.879366469000047, 6.929850084000066 ], [ 79.879404150000084, 6.929809046000059 ], [ 79.879458498000076, 6.929731116000028 ], [ 79.879485639000052, 6.929685776000042 ], [ 79.879496626000048, 6.929665361000048 ], [ 79.879520334000063, 6.929617122000025 ], [ 79.879543785000067, 6.929561556000067 ], [ 79.87958177400003, 6.929473648000055 ], [ 79.879610195000055, 6.929414367000049 ], [ 79.879627468000081, 6.929378339000039 ], [ 79.879638005000061, 6.929356749000021 ], [ 79.879654703000085, 6.929331281000032 ], [ 79.879658052000082, 6.929327060000048 ], [ 79.879678368000043, 6.929301448000047 ], [ 79.879680916000041, 6.929298237000069 ], [ 79.879797992000078, 6.929161470000054 ], [ 79.879877721000071, 6.929059173000041 ], [ 79.879938293000066, 6.928991652000036 ], [ 79.879994320000037, 6.928935336000052 ], [ 79.880023319000031, 6.928912241000035 ], [ 79.880089917000078, 6.928864353000051 ], [ 79.880132231000061, 6.928833599000029 ], [ 79.880168644000037, 6.928813414000047 ], [ 79.880215728000053, 6.928796323000029 ], [ 79.880280628000037, 6.92878505300007 ], [ 79.880490750000035, 6.928777491000062 ], [ 79.880508311000085, 6.928776647000063 ], [ 79.880514278000078, 6.928776361000075 ], [ 79.880666857000051, 6.928765617000067 ], [ 79.880704147000074, 6.928760715000067 ], [ 79.880723885000066, 6.928754149000042 ], [ 79.880737020000083, 6.928746308000029 ], [ 79.880750343000045, 6.928734668000061 ], [ 79.880760228000042, 6.928723113000046 ], [ 79.880769636000082, 6.928707744000064 ], [ 79.880783283000085, 6.928685452000025 ], [ 79.880789206000031, 6.928615205000028 ], [ 79.880791481000074, 6.928560775000051 ], [ 79.880796797000073, 6.928428770000039 ], [ 79.880806195000048, 6.928387648000069 ], [ 79.880830849000063, 6.928317255000024 ], [ 79.880841652000072, 6.92829873900007 ], [ 79.88085480400008, 6.928281945000037 ], [ 79.880881360000046, 6.928258576000076 ], [ 79.880910158000063, 6.928245791000052 ], [ 79.880941664000034, 6.928236899000069 ], [ 79.88097814200006, 6.928230728000074 ], [ 79.881016334000037, 6.928227093000032 ], [ 79.881056355000055, 6.928260353000042 ], [ 79.881058195000037, 6.928261274000022 ], [ 79.88108266100005, 6.928273513000022 ], [ 79.881120906000035, 6.928289771000038 ], [ 79.881204368000056, 6.928319316000056 ], [ 79.881274639000083, 6.928338978000056 ], [ 79.881384435000029, 6.928367216000026 ], [ 79.881509151000046, 6.928400454000041 ], [ 79.881758142000081, 6.928461867000067 ], [ 79.881869848000065, 6.92848540600005 ], [ 79.881948173000069, 6.928503638000052 ], [ 79.881977476000031, 6.928511380000032 ], [ 79.882004966000068, 6.928521105000073 ], [ 79.882115513000031, 6.928582800000072 ], [ 79.882187559000045, 6.928621003000046 ], [ 79.882281498000054, 6.928660604000072 ], [ 79.882453869000074, 6.928710661000025 ], [ 79.882555083000057, 6.928731648000053 ], [ 79.882609175000084, 6.928741695000042 ], [ 79.882766226000058, 6.928757995000069 ], [ 79.882787939000082, 6.928761768000072 ], [ 79.882835154000077, 6.92876996900003 ], [ 79.882874951000076, 6.928778815000044 ], [ 79.882922888000053, 6.92878939600007 ], [ 79.882969008000032, 6.928804129000071 ], [ 79.88301105100004, 6.928821841000058 ], [ 79.883067180000069, 6.928855131000034 ], [ 79.883130075000054, 6.928899375000071 ], [ 79.883170310000082, 6.92883852600005 ], [ 79.883178622000059, 6.928825953000057 ], [ 79.883240414000056, 6.928735197000037 ], [ 79.883353168000042, 6.928538200000048 ], [ 79.883409522000079, 6.928451863000021 ], [ 79.883495260000075, 6.928287324000053 ], [ 79.883549972000083, 6.928211150000038 ], [ 79.883623641000042, 6.928123841000058 ], [ 79.883602002000032, 6.928065255000035 ], [ 79.883589739000058, 6.927978869000071 ], [ 79.883589022000081, 6.927970757000026 ], [ 79.88357768700007, 6.927891987000066 ], [ 79.883584143000064, 6.927819452000051 ], [ 79.88357942500005, 6.927665624000042 ], [ 79.883578845000045, 6.927645278000057 ], [ 79.883575730000075, 6.927536022000027 ], [ 79.88357503900005, 6.927511797000022 ], [ 79.88361374200008, 6.927365928000029 ], [ 79.883675151000034, 6.927236221000044 ], [ 79.883701941000083, 6.927154807000022 ], [ 79.883740844000044, 6.927067702000045 ], [ 79.883810844000038, 6.926894773000072 ], [ 79.883839482000042, 6.926780257000075 ], [ 79.883838507000064, 6.926769508000064 ], [ 79.883859579000045, 6.926660974000072 ], [ 79.883859247000032, 6.926657568000053 ], [ 79.883842325000046, 6.926553756000033 ], [ 79.883830298000078, 6.926410085000043 ], [ 79.883821734000037, 6.926291388000038 ], [ 79.883821789000081, 6.926284586000065 ], [ 79.88384717200006, 6.926161171000047 ], [ 79.883850282000083, 6.926144744000055 ], [ 79.883874546000072, 6.926064049000047 ], [ 79.88389236200004, 6.926023005000047 ], [ 79.883938436000051, 6.925903442000049 ], [ 79.883949900000061, 6.925891469000021 ], [ 79.883964054000046, 6.925870643000053 ], [ 79.883985195000037, 6.925831516000073 ], [ 79.884234714000058, 6.925615451000056 ], [ 79.884564215000069, 6.925448600000038 ], [ 79.884929379000084, 6.925413400000025 ], [ 79.885204575000046, 6.925479706000033 ], [ 79.885485777000042, 6.925534063000043 ], [ 79.885665479000068, 6.925456647000033 ], [ 79.885863328000084, 6.92527758600005 ], [ 79.885995304000062, 6.925116347000028 ], [ 79.886097434000078, 6.924913183000058 ], [ 79.886127640000041, 6.924640246000024 ], [ 79.88616539700007, 6.924388575000023 ], [ 79.885977307000076, 6.924405441000033 ], [ 79.885917705000054, 6.92441078500002 ], [ 79.88587964900006, 6.924413973000071 ], [ 79.885831835000033, 6.92441087800006 ], [ 79.885821892000081, 6.924410889000058 ], [ 79.885779457000069, 6.924409368000056 ], [ 79.88572511700005, 6.924389240000039 ], [ 79.885691612000073, 6.92437177000005 ], [ 79.885685297000066, 6.924369006000063 ], [ 79.885652886000059, 6.924371901000029 ], [ 79.885642252000082, 6.924375397000063 ], [ 79.885617650000029, 6.924388709000027 ], [ 79.885602274000064, 6.924397104000036 ], [ 79.885583117000067, 6.924409372000071 ], [ 79.88554848800004, 6.924436900000046 ], [ 79.885520105000069, 6.924438338000073 ], [ 79.885497989000044, 6.924439459000041 ], [ 79.885464788000036, 6.924443321000069 ], [ 79.885398018000046, 6.924446709000051 ], [ 79.885354926000048, 6.924448897000048 ], [ 79.885348531000034, 6.924449221000032 ], [ 79.885318189000031, 6.924448571000028 ], [ 79.885295920000033, 6.924438937000048 ], [ 79.885240528000054, 6.924394719000077 ], [ 79.885258690000057, 6.924284104000037 ], [ 79.885300828000084, 6.924155591000044 ], [ 79.885352010000076, 6.923991210000054 ], [ 79.885410504000049, 6.923814378000031 ], [ 79.885407282000074, 6.923813378000034 ], [ 79.885341639000046, 6.92378730400003 ], [ 79.885320210000032, 6.923776151000027 ], [ 79.885309730000074, 6.923770697000066 ], [ 79.885237958000062, 6.923779786000068 ], [ 79.885192690000054, 6.923793173000035 ], [ 79.885160995000035, 6.923806587000058 ], [ 79.885109290000059, 6.923827015000029 ], [ 79.885088284000062, 6.923834209000063 ], [ 79.88507248500008, 6.923835968000049 ], [ 79.885069098000031, 6.923836344000051 ], [ 79.885045938000076, 6.923833950000073 ], [ 79.885016634000067, 6.92382684100005 ], [ 79.884996197000078, 6.923820113000033 ], [ 79.884964894000063, 6.923809832000074 ], [ 79.884915625000076, 6.923793648000071 ], [ 79.884826292000071, 6.923759483000026 ], [ 79.884818027000051, 6.923756543000025 ], [ 79.884595257000058, 6.923677309000027 ], [ 79.884355260000063, 6.923592819000021 ], [ 79.884350205000032, 6.92359103900003 ], [ 79.884305115000075, 6.923574349000035 ], [ 79.884243606000041, 6.923551582000073 ], [ 79.88416041000005, 6.923520787000029 ], [ 79.884082396000053, 6.923481307000031 ], [ 79.884052637000082, 6.923455492000073 ], [ 79.884042664000049, 6.923450899000045 ], [ 79.884043642000051, 6.923447689000056 ], [ 79.883946819000073, 6.923401754000054 ], [ 79.883794909000073, 6.92334640100006 ], [ 79.883699966000052, 6.923310689000061 ], [ 79.883640289000084, 6.92328860300006 ], [ 79.883452283000054, 6.923229296000045 ], [ 79.883342501000072, 6.92319427800004 ], [ 79.883191830000044, 6.923153756000033 ], [ 79.883043407000059, 6.923121198000047 ], [ 79.882997549000038, 6.923111075000065 ], [ 79.882823881000036, 6.923077745000057 ], [ 79.882743874000084, 6.92305533800004 ], [ 79.882577170000047, 6.923008652000021 ], [ 79.882562524000036, 6.923002566000036 ], [ 79.882443991000059, 6.92295288300005 ], [ 79.882369615000073, 6.922903915000063 ], [ 79.882347308000078, 6.922885031000021 ], [ 79.88231694600006, 6.922859328000072 ], [ 79.882147648000057, 6.923052692000056 ], [ 79.882079566000073, 6.923120381000047 ], [ 79.882068698000069, 6.923138493000067 ], [ 79.882057509000049, 6.923157141000047 ], [ 79.881995839000069, 6.923135685000034 ], [ 79.88188497200008, 6.923100213000055 ], [ 79.881862168000055, 6.923093541000071 ], [ 79.881852590000051, 6.923090739000031 ], [ 79.881808964000072, 6.923077975000069 ], [ 79.881784500000037, 6.923070818000042 ], [ 79.881752852000034, 6.923058823000076 ], [ 79.881694065000033, 6.923044877000052 ], [ 79.881677004000039, 6.923041194000064 ], [ 79.881632378000063, 6.923031559000037 ], [ 79.881566798000051, 6.923013834000074 ], [ 79.881474810000043, 6.923000193000064 ], [ 79.881346790000066, 6.922986028000025 ], [ 79.881253831000038, 6.922996924000074 ], [ 79.881136980000065, 6.923024629000054 ], [ 79.881050757000082, 6.923073853000062 ], [ 79.880991588000029, 6.923123815000054 ], [ 79.880854297000042, 6.923225296000055 ], [ 79.880730133000043, 6.92333093000002 ], [ 79.880654968000044, 6.923388784000053 ], [ 79.880619833000083, 6.923430074000066 ], [ 79.880555591000075, 6.923484924000036 ], [ 79.880510664000042, 6.923437276000072 ], [ 79.880507721000072, 6.923434155000052 ], [ 79.88046034000007, 6.923412016000043 ], [ 79.88042262700003, 6.923401456000022 ], [ 79.880387167000038, 6.92339677700005 ], [ 79.880328629000076, 6.923393322000038 ], [ 79.880303456000036, 6.923394808000069 ], [ 79.880303381000033, 6.923394812000026 ], [ 79.880278666000038, 6.923401547000026 ], [ 79.880171725000082, 6.923443753000072 ], [ 79.880096111000057, 6.923474534000036 ], [ 79.880054517000076, 6.923489671000027 ], [ 79.879979941000045, 6.923516813000049 ], [ 79.879878968000071, 6.923560658000042 ], [ 79.879770394000047, 6.923604036000029 ], [ 79.879701213000033, 6.923631122000074 ], [ 79.879586393000068, 6.923671286000058 ], [ 79.879577679000079, 6.923676682000064 ], [ 79.879532844000039, 6.923690413000031 ], [ 79.879427122000038, 6.923733957000024 ], [ 79.879353751000053, 6.923767233000035 ], [ 79.879317723000042, 6.923783573000037 ], [ 79.879253779000067, 6.923816637000073 ], [ 79.87919432700005, 6.923866257000043 ], [ 79.87914328800008, 6.923917158000052 ], [ 79.879082917000062, 6.923974099000077 ], [ 79.879060976000062, 6.923997748000033 ], [ 79.879010944000072, 6.924042774000043 ], [ 79.87879186400005, 6.924194450000073 ], [ 79.878702812000085, 6.92425034200005 ], [ 79.87866222100007, 6.924279110000043 ], [ 79.878623249000043, 6.924313126000072 ], [ 79.878563606000057, 6.924368260000051 ], [ 79.878497509000056, 6.924438393000059 ], [ 79.878468696000084, 6.924465842000075 ], [ 79.878442758000062, 6.924490553000055 ], [ 79.878390818000071, 6.924539463000031 ], [ 79.878377861000047, 6.924548572000049 ], [ 79.878364644000044, 6.924551711000049 ], [ 79.878355944000077, 6.92455256900007 ], [ 79.878262106000079, 6.924561825000069 ], [ 79.878167811000083, 6.924566982000044 ], [ 79.878066187000059, 6.924572395000041 ], [ 79.877977142000077, 6.92457656800002 ], [ 79.877927105000083, 6.924580872000035 ], [ 79.877868091000039, 6.924585946000036 ], [ 79.877867710000032, 6.924500136000063 ], [ 79.877867037000044, 6.924425093000025 ], [ 79.877862882000045, 6.923961234000046 ], [ 79.877862779000054, 6.923949824000033 ], [ 79.877739863000045, 6.923952598000028 ], [ 79.877673555000058, 6.923954095000056 ], [ 79.877522814000031, 6.923957499000039 ], [ 79.877474770000049, 6.92395605300004 ], [ 79.877424190000056, 6.923955595000052 ], [ 79.877179150000075, 6.92395920000007 ], [ 79.876982518000034, 6.923964344000069 ], [ 79.876846063000073, 6.92396652900004 ], [ 79.876729530000034, 6.923968226000056 ], [ 79.876664908000066, 6.923969168000042 ], [ 79.876560201000075, 6.923977831000059 ], [ 79.876514028000031, 6.92398266500004 ], [ 79.87647196100005, 6.923987068000031 ], [ 79.876431965000052, 6.923988259000055 ], [ 79.876409352000053, 6.923984057000041 ], [ 79.876399526000057, 6.924012159000029 ], [ 79.876391345000059, 6.924019021000049 ], [ 79.876388016000078, 6.924021813000024 ], [ 79.876371987000084, 6.92402865400004 ], [ 79.876313157000084, 6.924036771000033 ], [ 79.87616971500006, 6.924049701000058 ], [ 79.876112283000055, 6.924052087000064 ], [ 79.876073975000054, 6.924053680000043 ], [ 79.876058040000032, 6.924058350000053 ], [ 79.876047254000071, 6.924068459000068 ], [ 79.876045411000064, 6.924085634000051 ], [ 79.876047740000047, 6.924146131000043 ], [ 79.876045238000074, 6.924225696000065 ], [ 79.87603669300006, 6.924340786000073 ], [ 79.876027089000047, 6.92444294400002 ], [ 79.876000774000033, 6.924673107000046 ], [ 79.875973203000058, 6.924897932000022 ], [ 79.875966685000037, 6.924954760000048 ], [ 79.875965842000085, 6.924962117000064 ], [ 79.875952107000046, 6.925047358000029 ], [ 79.875924272000077, 6.925172719000045 ], [ 79.875911975000065, 6.925215645000037 ], [ 79.875884687000053, 6.925291005000076 ], [ 79.875856972000065, 6.925352801000031 ], [ 79.875838334000036, 6.925399152000068 ], [ 79.875813507000032, 6.92539967600004 ], [ 79.87569264800004, 6.925402222000059 ], [ 79.875562706000039, 6.925405321000028 ], [ 79.875312331000032, 6.925407287000041 ], [ 79.875057329000072, 6.925415937000025 ], [ 79.875076637000063, 6.925482466000062 ], [ 79.87511654900004, 6.925619986000072 ], [ 79.87511863900005, 6.925627187000032 ], [ 79.875140091000048, 6.925766386000021 ], [ 79.875142172000039, 6.925861965000024 ], [ 79.875145436000082, 6.926095890000056 ], [ 79.875143213000058, 6.926171479000061 ], [ 79.875137993000067, 6.926346342000045 ], [ 79.875121389000071, 6.926608803000022 ], [ 79.875094991000083, 6.926882187000047 ], [ 79.875077203000046, 6.927100973000051 ], [ 79.875069837000069, 6.927311008000061 ], [ 79.875070214000061, 6.927398173000029 ], [ 79.875068848000069, 6.927599634000046 ], [ 79.875068831000078, 6.927602252000042 ], [ 79.875068829000043, 6.927602884000066 ], [ 79.875065793000033, 6.927819890000023 ], [ 79.875062725000078, 6.928101727000069 ], [ 79.875062282000044, 6.928144495000026 ], [ 79.875064549000058, 6.92826339800007 ], [ 79.875065507000045, 6.928313658000036 ], [ 79.875067630000046, 6.928424991000043 ], [ 79.875071151000043, 6.928492376000065 ], [ 79.875075314000071, 6.928572030000055 ], [ 79.875086113000066, 6.928712482000037 ], [ 79.875094387000047, 6.92882009300007 ], [ 79.875110806000066, 6.928941560000055 ], [ 79.875114111000073, 6.928964081000061 ], [ 79.875115986000083, 6.928977377000024 ], [ 79.875121972000045, 6.929018348000056 ], [ 79.875126111000043, 6.929035775000045 ], [ 79.875150159000043, 6.929137033000075 ], [ 79.87518431400008, 6.929256997000039 ], [ 79.875233302000083, 6.929429071000072 ], [ 79.87525305500003, 6.929510035000021 ], [ 79.875255493000054, 6.929560767000055 ], [ 79.875255752000044, 6.929566736000027 ], [ 79.875260961000038, 6.929572636000046 ], [ 79.875262724000038, 6.929574488000071 ], [ 79.875267762000078, 6.929579777000072 ], [ 79.875278047000052, 6.929595982000023 ], [ 79.875284174000058, 6.929609648000053 ], [ 79.875295618000052, 6.929634989000022 ], [ 79.875352439000039, 6.929820655000071 ], [ 79.875367830000073, 6.929870943000026 ], [ 79.875452673000041, 6.930174015000034 ], [ 79.875491981000039, 6.930344352000077 ], [ 79.87550252300008, 6.930399286000068 ], [ 79.875503323000032, 6.930403452000064 ], [ 79.875547269000037, 6.930401760000052 ], [ 79.875714517000063, 6.930363441000054 ], [ 79.875889833000031, 6.930327888000022 ], [ 79.875906531000055, 6.930401256000039 ], [ 79.875942201000043, 6.930390394000028 ], [ 79.87603053600003, 6.930361944000026 ], [ 79.876068173000078, 6.930566437000039 ], [ 79.876080353000077, 6.930582250000043 ], [ 79.876182365000034, 6.930569525000067 ], [ 79.876245032000043, 6.930548357000021 ], [ 79.876300077000053, 6.93053082800003 ], [ 79.876295602000084, 6.930621750000057 ], [ 79.876290751000056, 6.930698329000052 ], [ 79.876283374000081, 6.930866045000073 ], [ 79.876284343000066, 6.930928076000043 ], [ 79.876308722000033, 6.930921553000076 ], [ 79.876354252000056, 6.930909370000052 ], [ 79.876399771000081, 6.930897191000042 ], [ 79.876449731000037, 6.930878991000043 ], [ 79.876540030000058, 6.930846097000028 ], [ 79.876590100000044, 6.930830097000069 ], [ 79.876694892000046, 6.930792914000051 ], [ 79.876776135000057, 6.930764087000057 ], [ 79.87678857800006, 6.930759672000022 ], [ 79.876946851000071, 6.930704907000063 ], [ 79.877181349000068, 6.930630842000028 ], [ 79.877319503000081, 6.930591356000036 ], [ 79.877395374000059, 6.930569670000068 ], [ 79.877540955000029, 6.930527629000039 ], [ 79.877767571000049, 6.930459338000048 ], [ 79.87785563400007, 6.930448373000047 ], [ 79.878035833000069, 6.930425938000042 ] ] ] ] } },
{ "type": "Feature", "properties": { "Shape_Leng": 0.04985496412, "Shape_Area": 8.421455e-05, "ADM4_EN": "Borella North", "ADM4_SI": "බොරැල්ල උතුර", "ADM4_TA": null, "ADM4_PCODE": "LK1127040", "ADM4_REF": null, "ADM3_EN": "Thimbirigasyaya", "ADM3_SI": "තිඹිරිගස්යාය", "ADM3_TA": "திம்பிரிகஸ்யாய", "ADM3_PCODE": "LK1127", "ADM2_EN": "Colombo", "ADM2_SI": "කොළඹ දිස්ත්‍රික්ක", "ADM2_TA": "கொழும்பு மாவட்டம்", "ADM2_PCODE": "LK11", "ADM1_EN": "Western", "ADM1_SI": "බස්නාහිර පළාත", "ADM1_TA": "மேல் மாகாணம் ", "ADM1_PCODE": "LK1", "ADM0_EN": "Sri Lanka", "ADM0_SI": "ශ්‍රී ලංකා", "ADM0_TA": "இலங்கை", "ADM0_PCODE": "LK", "date": "2022-08-02", "validOn": "2022-08-16", "validTo": null, "length_sum": 33142.0, "damage_sco": 3 }, "geometry": { "type": "MultiPolygon", "coordinates": [ [ [ [ 79.88616539700007, 6.924388575000023 ], [ 79.88620523700007, 6.924123014000031 ], [ 79.886206946000073, 6.92412304100003 ], [ 79.886188686000082, 6.924016807000044 ], [ 79.886168001000044, 6.923896461000027 ], [ 79.886163709000073, 6.923826547000033 ], [ 79.886142676000077, 6.923626947000059 ], [ 79.886104125000031, 6.923363360000053 ], [ 79.886085960000059, 6.923241493000035 ], [ 79.886085478000041, 6.923232889000076 ], [ 79.886084356000083, 6.923212887000034 ], [ 79.886050534000049, 6.923096872000031 ], [ 79.886047380000036, 6.923088795000069 ], [ 79.886009400000034, 6.922924163000062 ], [ 79.88599042900006, 6.922803600000066 ], [ 79.885965346000035, 6.92266952600005 ], [ 79.885966813000039, 6.922527395000031 ], [ 79.885966604000032, 6.922521095000036 ], [ 79.885977275000073, 6.922396742000046 ], [ 79.885976528000072, 6.922375621000072 ], [ 79.885992824000084, 6.922265319000076 ], [ 79.885998137000058, 6.922253415000057 ], [ 79.886020409000082, 6.922105100000067 ], [ 79.886057982000068, 6.921953572000064 ], [ 79.886102250000079, 6.921766279000053 ], [ 79.886109083000065, 6.921746057000064 ], [ 79.88631573400005, 6.921279100000049 ], [ 79.886464338000053, 6.920991042000026 ], [ 79.886503151000056, 6.92091580500005 ], [ 79.886685744000033, 6.920571640000048 ], [ 79.886781857000074, 6.920385212000042 ], [ 79.886783251000054, 6.920375170000057 ], [ 79.886827104000076, 6.920214320000071 ], [ 79.886848914000041, 6.920074404000047 ], [ 79.886796728000036, 6.919683077000059 ], [ 79.886793596000075, 6.91963998600005 ], [ 79.886776164000082, 6.919413066000061 ], [ 79.886752783000077, 6.919186743000068 ], [ 79.886748214000079, 6.918974474000038 ], [ 79.886750108000058, 6.918945535000034 ], [ 79.886714250000068, 6.918774641000027 ], [ 79.886706932000038, 6.918635498000071 ], [ 79.886706201000038, 6.918626704000076 ], [ 79.886680074000083, 6.91845995500006 ], [ 79.886621509000065, 6.918288764000067 ], [ 79.886560662000079, 6.918124054000032 ], [ 79.886480349000067, 6.918004790000055 ], [ 79.886475782000048, 6.91797998100003 ], [ 79.88641541800007, 6.917829332000053 ], [ 79.886364849000074, 6.917712717000029 ], [ 79.88620568500005, 6.917095349000022 ], [ 79.886259280000047, 6.91705415000007 ], [ 79.88614986500005, 6.916878832000066 ], [ 79.886090134000085, 6.916783124000062 ], [ 79.886071782000045, 6.916726395000069 ], [ 79.886003791000064, 6.916408527000044 ], [ 79.885946051000076, 6.916163083000072 ], [ 79.885944993000066, 6.916158582000037 ], [ 79.885872581000058, 6.916174875000024 ], [ 79.885783380000078, 6.916194947000065 ], [ 79.885744125000031, 6.916203780000046 ], [ 79.88567719100007, 6.916220016000068 ], [ 79.885675863000074, 6.916220338000073 ], [ 79.885436392000031, 6.916230255000073 ], [ 79.885427469000035, 6.916233387000034 ], [ 79.88534321800006, 6.916239740000037 ], [ 79.88529561100006, 6.916246071000046 ], [ 79.885276329000078, 6.916245282000034 ], [ 79.885276431000079, 6.916225733000033 ], [ 79.88521882100008, 6.91618586900006 ], [ 79.885226155000055, 6.916104780000069 ], [ 79.885242930000061, 6.916028115000074 ], [ 79.885179697000069, 6.916026747000046 ], [ 79.885177146000046, 6.915812575000075 ], [ 79.884988992000046, 6.915823700000033 ], [ 79.884980867000081, 6.915780441000038 ], [ 79.884958135000034, 6.91570856900006 ], [ 79.884957359000055, 6.915706644000068 ], [ 79.884898814000053, 6.915634060000059 ], [ 79.88484868900008, 6.915555017000031 ], [ 79.884805736000033, 6.91548029300003 ], [ 79.884799777000069, 6.91546797500007 ], [ 79.884770029000038, 6.915422521000039 ], [ 79.884698852000042, 6.915462580000053 ], [ 79.884652802000062, 6.915506993000065 ], [ 79.88458522500008, 6.915542035000044 ], [ 79.884532270000079, 6.915574718000073 ], [ 79.884542666000073, 6.915597443000024 ], [ 79.884559592000073, 6.91563443900003 ], [ 79.884681365000063, 6.915919162000023 ], [ 79.884683924000058, 6.915925145000074 ], [ 79.884678726000061, 6.915930425000056 ], [ 79.884552170000063, 6.916010573000051 ], [ 79.884404074000031, 6.916087809000032 ], [ 79.884286147000068, 6.916162231000044 ], [ 79.884149529000069, 6.916246666000063 ], [ 79.884132175000047, 6.916308358000038 ], [ 79.884044392000078, 6.916359720000059 ], [ 79.883983240000077, 6.916385831000071 ], [ 79.88388645200007, 6.916422972000021 ], [ 79.883800219000079, 6.91644769100003 ], [ 79.88369625100006, 6.916482904000077 ], [ 79.88361168800003, 6.91654176000003 ], [ 79.88357383400006, 6.916455473000042 ], [ 79.883476333000033, 6.916301158000067 ], [ 79.883393889000047, 6.916270310000073 ], [ 79.883329908000064, 6.916282570000021 ], [ 79.88323880400003, 6.916294248000042 ], [ 79.883145140000067, 6.916463574000034 ], [ 79.883132343000057, 6.916484165000043 ], [ 79.883127323000053, 6.91650730300006 ], [ 79.883129454000084, 6.916529098000069 ], [ 79.883136033000085, 6.916542855000046 ], [ 79.883145678000062, 6.916556403000072 ], [ 79.88290932600006, 6.916549347000057 ], [ 79.882772785000043, 6.916592154000057 ], [ 79.882707947000085, 6.916540156000053 ], [ 79.882779115000062, 6.916427078000027 ], [ 79.882810626000037, 6.916376920000062 ], [ 79.882785244000047, 6.916374390000044 ], [ 79.882732608000083, 6.916357066000046 ], [ 79.882696846000044, 6.916336385000022 ], [ 79.882656069000063, 6.916372052000042 ], [ 79.882525724000061, 6.916323384000066 ], [ 79.882521351000037, 6.916321751000055 ], [ 79.882520771000031, 6.916270687000065 ], [ 79.882489546000045, 6.91612705700004 ], [ 79.88246648300003, 6.91601122700007 ], [ 79.882441328000084, 6.915884730000073 ], [ 79.882412063000061, 6.915785869000047 ], [ 79.882379135000065, 6.91559312000004 ], [ 79.882332364000035, 6.915561351000065 ], [ 79.882212151000033, 6.915497214000027 ], [ 79.882117376000053, 6.915450906000046 ], [ 79.882100806000039, 6.915441716000032 ], [ 79.88202467900004, 6.915399767000054 ], [ 79.881913240000074, 6.915389947000051 ], [ 79.881668221000041, 6.91528930000004 ], [ 79.881522112000084, 6.915229618000069 ], [ 79.88144288400008, 6.915184112000077 ], [ 79.881428926000069, 6.91517609400006 ], [ 79.881382064000036, 6.91518602900004 ], [ 79.881338394000068, 6.915195289000053 ], [ 79.881056077000039, 6.91525514500006 ], [ 79.880713352000043, 6.91543444000007 ], [ 79.880613560000029, 6.915476931000057 ], [ 79.880391148000058, 6.91558456000007 ], [ 79.880296399000031, 6.915630411000052 ], [ 79.880280374000051, 6.91563562500005 ], [ 79.880265081000061, 6.915635868000038 ], [ 79.880247895000082, 6.915632851000055 ], [ 79.880229726000039, 6.915623323000034 ], [ 79.880220344000065, 6.915615256000024 ], [ 79.880208859000049, 6.915605380000045 ], [ 79.880196304000037, 6.915593511000054 ], [ 79.880169313000067, 6.915607837000039 ], [ 79.880139415000031, 6.91562839900007 ], [ 79.880043896000075, 6.915707517000044 ], [ 79.879982684000083, 6.915779558000054 ], [ 79.879956449000076, 6.915824810000061 ], [ 79.879946983000082, 6.915854540000055 ], [ 79.879945944000042, 6.915878049000071 ], [ 79.879952959000036, 6.915900215000022 ], [ 79.879959858000063, 6.915906911000036 ], [ 79.879956545000084, 6.915992698000025 ], [ 79.879964681000047, 6.916121903000032 ], [ 79.879966675000048, 6.916272196000023 ], [ 79.880041936000055, 6.916266951000068 ], [ 79.88005060100005, 6.916662288000055 ], [ 79.880059378000055, 6.917094518000056 ], [ 79.87992365000008, 6.917095619000065 ], [ 79.879859759000055, 6.917094256000041 ], [ 79.879807475000064, 6.917093140000077 ], [ 79.879765422000048, 6.917085307000036 ], [ 79.87975259500007, 6.917085254000028 ], [ 79.879651297000066, 6.917094927000051 ], [ 79.879622276000077, 6.917093605000048 ], [ 79.879288581000083, 6.917078420000053 ], [ 79.879022139000085, 6.91706146000007 ], [ 79.878635630000076, 6.917043461000048 ], [ 79.878362886000048, 6.91701030300004 ], [ 79.877998866000041, 6.916964768000071 ], [ 79.877881180000031, 6.916947650000054 ], [ 79.877745674000039, 6.916927940000051 ], [ 79.877653227000053, 6.916913299000043 ], [ 79.877401810000038, 6.91689455900007 ], [ 79.877253791000044, 6.916883606000056 ], [ 79.876827504000062, 6.916852061000043 ], [ 79.876731766000034, 6.916845559000024 ], [ 79.876270108000085, 6.916814205000037 ], [ 79.876146342000084, 6.916806466000025 ], [ 79.876071799000044, 6.916798459000063 ], [ 79.876002413000037, 6.916791003000071 ], [ 79.875932206000073, 6.916786259000048 ], [ 79.875857211000039, 6.916778341000054 ], [ 79.875770021000051, 6.916759460000037 ], [ 79.875704915000085, 6.916737273000024 ], [ 79.875656846000084, 6.916701465000074 ], [ 79.875644517000069, 6.916713831000038 ], [ 79.87557329200007, 6.916792905000023 ], [ 79.875531991000059, 6.916838759000029 ], [ 79.875290125000049, 6.917079184000045 ], [ 79.874980249000032, 6.917398327000058 ], [ 79.874689864000061, 6.917698066000071 ], [ 79.874499208000032, 6.917892109000036 ], [ 79.874319329000059, 6.918081925000024 ], [ 79.874102118000053, 6.918299157000035 ], [ 79.873920918000067, 6.918469799000036 ], [ 79.873854012000038, 6.918537398000069 ], [ 79.873832618000051, 6.918558425000072 ], [ 79.873607250000077, 6.918783057000041 ], [ 79.87346754500004, 6.918925386000069 ], [ 79.873233460000051, 6.919165643000042 ], [ 79.873001222000084, 6.919386010000039 ], [ 79.872742814000048, 6.919664829000055 ], [ 79.872716518000061, 6.919693533000043 ], [ 79.872260418000053, 6.920154628000034 ], [ 79.87191010500004, 6.920514020000041 ], [ 79.871600676000071, 6.920833432000052 ], [ 79.871328918000074, 6.92113654800005 ], [ 79.871246854000049, 6.921229888000028 ], [ 79.871160978000034, 6.921327560000066 ], [ 79.871162045000062, 6.92132811700003 ], [ 79.871235373000047, 6.921366491000072 ], [ 79.871278235000034, 6.921380588000034 ], [ 79.871283938000033, 6.921382408000056 ], [ 79.871339817000035, 6.921400237000057 ], [ 79.87139281900005, 6.921411822000039 ], [ 79.871520256000053, 6.921439913000029 ], [ 79.871711210000058, 6.921470207000027 ], [ 79.871876348000058, 6.92146826000004 ], [ 79.872110359000033, 6.921457674000067 ], [ 79.872468874000049, 6.921448318000046 ], [ 79.872821956000053, 6.921441483000024 ], [ 79.873150422000037, 6.921436862000064 ], [ 79.873320896000052, 6.921435108000026 ], [ 79.873547475000066, 6.921431287000075 ], [ 79.873623484000063, 6.921430257000054 ], [ 79.873989873000085, 6.921420010000077 ], [ 79.874280160000069, 6.921412333000035 ], [ 79.874520042000086, 6.921407363000071 ], [ 79.874580576000085, 6.921407567000074 ], [ 79.874868143000072, 6.921402959000034 ], [ 79.874983058000055, 6.921402724000075 ], [ 79.875234427000066, 6.92140039800006 ], [ 79.875285915000063, 6.92139886700005 ], [ 79.87578985500005, 6.921380472000067 ], [ 79.87578964800008, 6.92138274000007 ], [ 79.875832246000073, 6.921380100000022 ], [ 79.875846122000041, 6.921379238000043 ], [ 79.876000350000083, 6.921373671000026 ], [ 79.876063134000049, 6.92137140400007 ], [ 79.876222815000062, 6.921369257000038 ], [ 79.876298942000062, 6.921368233000067 ], [ 79.876383098000076, 6.92136559000005 ], [ 79.876479536000033, 6.921362588000022 ], [ 79.876703520000035, 6.921355617000074 ], [ 79.876794103000066, 6.921351087000062 ], [ 79.877093089000084, 6.921336641000039 ], [ 79.877096347000077, 6.921336558000064 ], [ 79.877313697000034, 6.921332900000039 ], [ 79.87761340000003, 6.921322073000056 ], [ 79.877697731000069, 6.921322141000076 ], [ 79.87776270300003, 6.921320094000066 ], [ 79.877763798000046, 6.921343140000033 ], [ 79.877768272000083, 6.92143720100006 ], [ 79.877775644000053, 6.921558289000075 ], [ 79.877783829000066, 6.921775856000068 ], [ 79.877797396000062, 6.922065322000037 ], [ 79.877810889000045, 6.922394209000061 ], [ 79.877823750000061, 6.922674720000032 ], [ 79.877825888000075, 6.922740459000067 ], [ 79.877832939000029, 6.922935512000038 ], [ 79.877850579000039, 6.92351125700003 ], [ 79.877862779000054, 6.923949824000033 ], [ 79.877862882000045, 6.923961234000046 ], [ 79.877867037000044, 6.924425093000025 ], [ 79.877867710000032, 6.924500136000063 ], [ 79.877868091000039, 6.924585946000036 ], [ 79.877927105000083, 6.924580872000035 ], [ 79.877977142000077, 6.92457656800002 ], [ 79.878066187000059, 6.924572395000041 ], [ 79.878167811000083, 6.924566982000044 ], [ 79.878262106000079, 6.924561825000069 ], [ 79.878355944000077, 6.92455256900007 ], [ 79.878364644000044, 6.924551711000049 ], [ 79.878377861000047, 6.924548572000049 ], [ 79.878390818000071, 6.924539463000031 ], [ 79.878442758000062, 6.924490553000055 ], [ 79.878468696000084, 6.924465842000075 ], [ 79.878497509000056, 6.924438393000059 ], [ 79.878563606000057, 6.924368260000051 ], [ 79.878623249000043, 6.924313126000072 ], [ 79.87866222100007, 6.924279110000043 ], [ 79.878702812000085, 6.92425034200005 ], [ 79.87879186400005, 6.924194450000073 ], [ 79.879010944000072, 6.924042774000043 ], [ 79.879060976000062, 6.923997748000033 ], [ 79.879082917000062, 6.923974099000077 ], [ 79.87914328800008, 6.923917158000052 ], [ 79.87919432700005, 6.923866257000043 ], [ 79.879253779000067, 6.923816637000073 ], [ 79.879317723000042, 6.923783573000037 ], [ 79.879353751000053, 6.923767233000035 ], [ 79.879427122000038, 6.923733957000024 ], [ 79.879532844000039, 6.923690413000031 ], [ 79.879577679000079, 6.923676682000064 ], [ 79.879586393000068, 6.923671286000058 ], [ 79.879701213000033, 6.923631122000074 ], [ 79.879770394000047, 6.923604036000029 ], [ 79.879878968000071, 6.923560658000042 ], [ 79.879979941000045, 6.923516813000049 ], [ 79.880054517000076, 6.923489671000027 ], [ 79.880096111000057, 6.923474534000036 ], [ 79.880171725000082, 6.923443753000072 ], [ 79.880278666000038, 6.923401547000026 ], [ 79.880303381000033, 6.923394812000026 ], [ 79.880303456000036, 6.923394808000069 ], [ 79.880328629000076, 6.923393322000038 ], [ 79.880387167000038, 6.92339677700005 ], [ 79.88042262700003, 6.923401456000022 ], [ 79.88046034000007, 6.923412016000043 ], [ 79.880507721000072, 6.923434155000052 ], [ 79.880510664000042, 6.923437276000072 ], [ 79.880555591000075, 6.923484924000036 ], [ 79.880619833000083, 6.923430074000066 ], [ 79.880654968000044, 6.923388784000053 ], [ 79.880730133000043, 6.92333093000002 ], [ 79.880854297000042, 6.923225296000055 ], [ 79.880991588000029, 6.923123815000054 ], [ 79.881050757000082, 6.923073853000062 ], [ 79.881136980000065, 6.923024629000054 ], [ 79.881253831000038, 6.922996924000074 ], [ 79.881346790000066, 6.922986028000025 ], [ 79.881474810000043, 6.923000193000064 ], [ 79.881566798000051, 6.923013834000074 ], [ 79.881632378000063, 6.923031559000037 ], [ 79.881677004000039, 6.923041194000064 ], [ 79.881694065000033, 6.923044877000052 ], [ 79.881752852000034, 6.923058823000076 ], [ 79.881784500000037, 6.923070818000042 ], [ 79.881808964000072, 6.923077975000069 ], [ 79.881852590000051, 6.923090739000031 ], [ 79.881862168000055, 6.923093541000071 ], [ 79.88188497200008, 6.923100213000055 ], [ 79.881995839000069, 6.923135685000034 ], [ 79.882057509000049, 6.923157141000047 ], [ 79.882068698000069, 6.923138493000067 ], [ 79.882079566000073, 6.923120381000047 ], [ 79.882147648000057, 6.923052692000056 ], [ 79.88231694600006, 6.922859328000072 ], [ 79.882347308000078, 6.922885031000021 ], [ 79.882369615000073, 6.922903915000063 ], [ 79.882443991000059, 6.92295288300005 ], [ 79.882562524000036, 6.923002566000036 ], [ 79.882577170000047, 6.923008652000021 ], [ 79.882743874000084, 6.92305533800004 ], [ 79.882823881000036, 6.923077745000057 ], [ 79.882997549000038, 6.923111075000065 ], [ 79.883043407000059, 6.923121198000047 ], [ 79.883191830000044, 6.923153756000033 ], [ 79.883342501000072, 6.92319427800004 ], [ 79.883452283000054, 6.923229296000045 ], [ 79.883640289000084, 6.92328860300006 ], [ 79.883699966000052, 6.923310689000061 ], [ 79.883794909000073, 6.92334640100006 ], [ 79.883946819000073, 6.923401754000054 ], [ 79.884043642000051, 6.923447689000056 ], [ 79.884042664000049, 6.923450899000045 ], [ 79.884052637000082, 6.923455492000073 ], [ 79.884082396000053, 6.923481307000031 ], [ 79.88416041000005, 6.923520787000029 ], [ 79.884243606000041, 6.923551582000073 ], [ 79.884305115000075, 6.923574349000035 ], [ 79.884350205000032, 6.92359103900003 ], [ 79.884355260000063, 6.923592819000021 ], [ 79.884595257000058, 6.923677309000027 ], [ 79.884818027000051, 6.923756543000025 ], [ 79.884826292000071, 6.923759483000026 ], [ 79.884915625000076, 6.923793648000071 ], [ 79.884964894000063, 6.923809832000074 ], [ 79.884996197000078, 6.923820113000033 ], [ 79.885016634000067, 6.92382684100005 ], [ 79.885045938000076, 6.923833950000073 ], [ 79.885069098000031, 6.923836344000051 ], [ 79.88507248500008, 6.923835968000049 ], [ 79.885088284000062, 6.923834209000063 ], [ 79.885109290000059, 6.923827015000029 ], [ 79.885160995000035, 6.923806587000058 ], [ 79.885192690000054, 6.923793173000035 ], [ 79.885237958000062, 6.923779786000068 ], [ 79.885309730000074, 6.923770697000066 ], [ 79.885320210000032, 6.923776151000027 ], [ 79.885341639000046, 6.92378730400003 ], [ 79.885407282000074, 6.923813378000034 ], [ 79.885410504000049, 6.923814378000031 ], [ 79.885352010000076, 6.923991210000054 ], [ 79.885300828000084, 6.924155591000044 ], [ 79.885258690000057, 6.924284104000037 ], [ 79.885240528000054, 6.924394719000077 ], [ 79.885295920000033, 6.924438937000048 ], [ 79.885318189000031, 6.924448571000028 ], [ 79.885348531000034, 6.924449221000032 ], [ 79.885354926000048, 6.924448897000048 ], [ 79.885398018000046, 6.924446709000051 ], [ 79.885464788000036, 6.924443321000069 ], [ 79.885497989000044, 6.924439459000041 ], [ 79.885520105000069, 6.924438338000073 ], [ 79.88554848800004, 6.924436900000046 ], [ 79.885583117000067, 6.924409372000071 ], [ 79.885602274000064, 6.924397104000036 ], [ 79.885617650000029, 6.924388709000027 ], [ 79.885642252000082, 6.924375397000063 ], [ 79.885652886000059, 6.924371901000029 ], [ 79.885685297000066, 6.924369006000063 ], [ 79.885691612000073, 6.92437177000005 ], [ 79.88572511700005, 6.924389240000039 ], [ 79.885779457000069, 6.924409368000056 ], [ 79.885821892000081, 6.924410889000058 ], [ 79.885831835000033, 6.92441087800006 ], [ 79.88587964900006, 6.924413973000071 ], [ 79.885917705000054, 6.92441078500002 ], [ 79.885977307000076, 6.924405441000033 ], [ 79.88616539700007, 6.924388575000023 ] ] ] ] } },
{ "type": "Feature", "properties": { "Shape_Leng": 0.03877166887, "Shape_Area": 5.384911e-05, "ADM4_EN": "Borella South", "ADM4_SI": "බොරැල්ල දකුණ", "ADM4_TA": null, "ADM4_PCODE": "LK1127045", "ADM4_REF": null, "ADM3_EN": "Thimbirigasyaya", "ADM3_SI": "තිඹිරිගස්යාය", "ADM3_TA": "திம்பிரிகஸ்யாய", "ADM3_PCODE": "LK1127", "ADM2_EN": "Colombo", "ADM2_SI": "කොළඹ දිස්ත්‍රික්ක", "ADM2_TA": "கொழும்பு மாவட்டம்", "ADM2_PCODE": "LK11", "ADM1_EN": "Western", "ADM1_SI": "බස්නාහිර පළාත", "ADM1_TA": "மேல் மாகாணம் ", "ADM1_PCODE": "LK1", "ADM0_EN": "Sri Lanka", "ADM0_SI": "ශ්‍රී ලංකා", "ADM0_TA": "இலங்கை", "ADM0_PCODE": "LK", "date": "2022-08-02", "validOn": "2022-08-16", "validTo": null, "length_sum": 52495.0, "damage_sco": 5 }, "geometry": { "type": "MultiPolygon", "coordinates": [ [ [ [ 79.886259280000047, 6.91705415000007 ], [ 79.886411377000059, 6.91693723000003 ], [ 79.886388347000036, 6.916856169000027 ], [ 79.886293558000034, 6.916677350000043 ], [ 79.886271814000054, 6.916595477000044 ], [ 79.886212793000084, 6.916368139000042 ], [ 79.886149402000058, 6.916106610000043 ], [ 79.886115840000059, 6.916005909000035 ], [ 79.885895809000033, 6.915606468000021 ], [ 79.88582371800004, 6.915414751000071 ], [ 79.885818167000082, 6.915399990000026 ], [ 79.885813877000032, 6.915388580000069 ], [ 79.885654109000029, 6.915086182000039 ], [ 79.885498656000038, 6.914797177000025 ], [ 79.885460561000059, 6.914731762000031 ], [ 79.885459111000046, 6.914729271000056 ], [ 79.885368917000051, 6.914574389000052 ], [ 79.885343327000044, 6.914528761000042 ], [ 79.885327396000037, 6.914494757000057 ], [ 79.885322079000048, 6.914483354000026 ], [ 79.885302467000031, 6.914423550000038 ], [ 79.885155746000066, 6.914159961000053 ], [ 79.885099923000041, 6.914059676000022 ], [ 79.884939068000051, 6.913757457000031 ], [ 79.884901873000047, 6.913712811000039 ], [ 79.884814005000067, 6.913572673000033 ], [ 79.884704858000077, 6.913393072000076 ], [ 79.884673106000037, 6.91329264500007 ], [ 79.884654476000037, 6.913191067000071 ], [ 79.884634714000072, 6.913066250000043 ], [ 79.884623660000045, 6.912984868000024 ], [ 79.884621236000044, 6.912967031000051 ], [ 79.884527968000043, 6.91300555600003 ], [ 79.884527604000084, 6.913005689000045 ], [ 79.884419766000065, 6.913045230000023 ], [ 79.884403494000082, 6.912989139000047 ], [ 79.884389704000057, 6.912911894000047 ], [ 79.884368190000032, 6.912852988000054 ], [ 79.884360961000084, 6.912843075000069 ], [ 79.884317017000058, 6.912782815000071 ], [ 79.884180765000053, 6.912630923000052 ], [ 79.88392071800007, 6.912341358000049 ], [ 79.88384577100004, 6.912259749000043 ], [ 79.883714474000044, 6.912118445000033 ], [ 79.883532338000066, 6.911922885000024 ], [ 79.883487344000059, 6.911889901000052 ], [ 79.883390747000078, 6.911819086000037 ], [ 79.883309857000029, 6.911770650000051 ], [ 79.883171450000077, 6.911705469000026 ], [ 79.883126718000085, 6.911684980000075 ], [ 79.882877275000055, 6.911570730000051 ], [ 79.882480378000082, 6.911399993000032 ], [ 79.882265742000072, 6.911309894000055 ], [ 79.882158794000077, 6.911261135000075 ], [ 79.882028701000081, 6.911201394000045 ], [ 79.881953721000059, 6.91115471300003 ], [ 79.881945375000043, 6.911149517000069 ], [ 79.881872968000039, 6.911112398000057 ], [ 79.881628396000053, 6.910967807000077 ], [ 79.881450473000029, 6.910841516000062 ], [ 79.881388390000041, 6.910820026000067 ], [ 79.881362492000051, 6.910811060000071 ], [ 79.881255148000037, 6.910779935000051 ], [ 79.881110224000054, 6.91076483300003 ], [ 79.880979096000033, 6.910727423000026 ], [ 79.879942897000035, 6.910293894000063 ], [ 79.879610719000084, 6.910159354000029 ], [ 79.878994567000063, 6.909903839000037 ], [ 79.878225075000046, 6.90958691000003 ], [ 79.878070831000059, 6.909524318000024 ], [ 79.877895339000077, 6.909453134000046 ], [ 79.877841725000053, 6.909431385000062 ], [ 79.877611626000032, 6.909325656000021 ], [ 79.877578923000044, 6.90931063000005 ], [ 79.877495979000059, 6.909296779000044 ], [ 79.877452718000029, 6.909289556000033 ], [ 79.877409908000061, 6.909282406000045 ], [ 79.877411534000032, 6.909293302000037 ], [ 79.87742882200007, 6.909409240000059 ], [ 79.877433116000077, 6.90952311500007 ], [ 79.877434392000055, 6.909613900000068 ], [ 79.877455545000032, 6.910151495000036 ], [ 79.877459792000082, 6.910394194000048 ], [ 79.877479315000073, 6.911267518000045 ], [ 79.87729949900006, 6.911282099000061 ], [ 79.876837648000048, 6.911297955000066 ], [ 79.876292833000036, 6.91131021800004 ], [ 79.876198571000032, 6.911299009000061 ], [ 79.876082207000081, 6.911301050000077 ], [ 79.876061667000045, 6.911301372000025 ], [ 79.875932901000056, 6.911306464000063 ], [ 79.875892976000046, 6.911414170000057 ], [ 79.875842952000085, 6.911550792000071 ], [ 79.875728279000043, 6.911854842000025 ], [ 79.875643621000052, 6.912076124000066 ], [ 79.875565168000037, 6.912269929000047 ], [ 79.87555061900008, 6.912309813000036 ], [ 79.875536425000064, 6.912348722000047 ], [ 79.875536150000073, 6.912349379000034 ], [ 79.875474165000071, 6.91249725800003 ], [ 79.875358947000052, 6.912801488000071 ], [ 79.875328410000066, 6.912872772000071 ], [ 79.875265631000048, 6.91303939200003 ], [ 79.875247664000085, 6.913087074000032 ], [ 79.875199548000069, 6.91321477300005 ], [ 79.875166540000066, 6.913300881000055 ], [ 79.875101157000074, 6.913472467000076 ], [ 79.875039233000052, 6.913634295000065 ], [ 79.874987075000035, 6.913763566000057 ], [ 79.87497953500008, 6.913780815000052 ], [ 79.874978638000073, 6.913784478000025 ], [ 79.874936687000059, 6.913888455000063 ], [ 79.874923489000082, 6.913929120000034 ], [ 79.874877130000073, 6.914041697000073 ], [ 79.874792510000077, 6.914242181000077 ], [ 79.874738966000052, 6.914373824000052 ], [ 79.874611666000078, 6.914702986000066 ], [ 79.874565292000057, 6.914823340000055 ], [ 79.874463011000046, 6.915080666000051 ], [ 79.874446177000038, 6.915130366000028 ], [ 79.87443341200003, 6.915181701000051 ], [ 79.874425711000072, 6.915234853000072 ], [ 79.874424196000064, 6.915257023000038 ], [ 79.874423012000079, 6.915274363000037 ], [ 79.874574353000071, 6.91524305300004 ], [ 79.874616178000053, 6.915234401000021 ], [ 79.874882823000064, 6.91519032900004 ], [ 79.874895557000059, 6.915240909000033 ], [ 79.874916231000043, 6.915323039000043 ], [ 79.874963869000055, 6.91553869300003 ], [ 79.874969773000032, 6.915569894000043 ], [ 79.875006064000047, 6.915761661000033 ], [ 79.875029080000047, 6.915887120000036 ], [ 79.875050238000085, 6.916002171000059 ], [ 79.875051918000054, 6.916011311000034 ], [ 79.875081214000033, 6.916117522000036 ], [ 79.875097890000063, 6.916151009000032 ], [ 79.875128301000075, 6.916194288000042 ], [ 79.875185282000075, 6.916254345000027 ], [ 79.875335681000081, 6.916388363000067 ], [ 79.875425108000059, 6.916468102000067 ], [ 79.875558689000059, 6.916597114000069 ], [ 79.875656846000084, 6.916701465000074 ], [ 79.875704915000085, 6.916737273000024 ], [ 79.875770021000051, 6.916759460000037 ], [ 79.875857211000039, 6.916778341000054 ], [ 79.875932206000073, 6.916786259000048 ], [ 79.876002413000037, 6.916791003000071 ], [ 79.876071799000044, 6.916798459000063 ], [ 79.876146342000084, 6.916806466000025 ], [ 79.876270108000085, 6.916814205000037 ], [ 79.876731766000034, 6.916845559000024 ], [ 79.876827504000062, 6.916852061000043 ], [ 79.877253791000044, 6.916883606000056 ], [ 79.877401810000038, 6.91689455900007 ], [ 79.877653227000053, 6.916913299000043 ], [ 79.877745674000039, 6.916927940000051 ], [ 79.877881180000031, 6.916947650000054 ], [ 79.877998866000041, 6.916964768000071 ], [ 79.878362886000048, 6.91701030300004 ], [ 79.878635630000076, 6.917043461000048 ], [ 79.879022139000085, 6.91706146000007 ], [ 79.879288581000083, 6.917078420000053 ], [ 79.879622276000077, 6.917093605000048 ], [ 79.879651297000066, 6.917094927000051 ], [ 79.87975259500007, 6.917085254000028 ], [ 79.879765422000048, 6.917085307000036 ], [ 79.879807475000064, 6.917093140000077 ], [ 79.879859759000055, 6.917094256000041 ], [ 79.87992365000008, 6.917095619000065 ], [ 79.880059378000055, 6.917094518000056 ], [ 79.88005060100005, 6.916662288000055 ], [ 79.880041936000055, 6.916266951000068 ], [ 79.879966675000048, 6.916272196000023 ], [ 79.879964681000047, 6.916121903000032 ], [ 79.879956545000084, 6.915992698000025 ], [ 79.879959858000063, 6.915906911000036 ], [ 79.879952959000036, 6.915900215000022 ], [ 79.879945944000042, 6.915878049000071 ], [ 79.879946983000082, 6.915854540000055 ], [ 79.879956449000076, 6.915824810000061 ], [ 79.879982684000083, 6.915779558000054 ], [ 79.880043896000075, 6.915707517000044 ], [ 79.880139415000031, 6.91562839900007 ], [ 79.880169313000067, 6.915607837000039 ], [ 79.880196304000037, 6.915593511000054 ], [ 79.880208859000049, 6.915605380000045 ], [ 79.880220344000065, 6.915615256000024 ], [ 79.880229726000039, 6.915623323000034 ], [ 79.880247895000082, 6.915632851000055 ], [ 79.880265081000061, 6.915635868000038 ], [ 79.880280374000051, 6.91563562500005 ], [ 79.880296399000031, 6.915630411000052 ], [ 79.880391148000058, 6.91558456000007 ], [ 79.880613560000029, 6.915476931000057 ], [ 79.880713352000043, 6.91543444000007 ], [ 79.881056077000039, 6.91525514500006 ], [ 79.881338394000068, 6.915195289000053 ], [ 79.881382064000036, 6.91518602900004 ], [ 79.881428926000069, 6.91517609400006 ], [ 79.88144288400008, 6.915184112000077 ], [ 79.881522112000084, 6.915229618000069 ], [ 79.881668221000041, 6.91528930000004 ], [ 79.881913240000074, 6.915389947000051 ], [ 79.88202467900004, 6.915399767000054 ], [ 79.882100806000039, 6.915441716000032 ], [ 79.882117376000053, 6.915450906000046 ], [ 79.882212151000033, 6.915497214000027 ], [ 79.882332364000035, 6.915561351000065 ], [ 79.882379135000065, 6.91559312000004 ], [ 79.882412063000061, 6.915785869000047 ], [ 79.882441328000084, 6.915884730000073 ], [ 79.88246648300003, 6.91601122700007 ], [ 79.882489546000045, 6.91612705700004 ], [ 79.882520771000031, 6.916270687000065 ], [ 79.882521351000037, 6.916321751000055 ], [ 79.882525724000061, 6.916323384000066 ], [ 79.882656069000063, 6.916372052000042 ], [ 79.882696846000044, 6.916336385000022 ], [ 79.882732608000083, 6.916357066000046 ], [ 79.882785244000047, 6.916374390000044 ], [ 79.882810626000037, 6.916376920000062 ], [ 79.882779115000062, 6.916427078000027 ], [ 79.882707947000085, 6.916540156000053 ], [ 79.882772785000043, 6.916592154000057 ], [ 79.88290932600006, 6.916549347000057 ], [ 79.883145678000062, 6.916556403000072 ], [ 79.883136033000085, 6.916542855000046 ], [ 79.883129454000084, 6.916529098000069 ], [ 79.883127323000053, 6.91650730300006 ], [ 79.883132343000057, 6.916484165000043 ], [ 79.883145140000067, 6.916463574000034 ], [ 79.88323880400003, 6.916294248000042 ], [ 79.883329908000064, 6.916282570000021 ], [ 79.883393889000047, 6.916270310000073 ], [ 79.883476333000033, 6.916301158000067 ], [ 79.88357383400006, 6.916455473000042 ], [ 79.88361168800003, 6.91654176000003 ], [ 79.88369625100006, 6.916482904000077 ], [ 79.883800219000079, 6.91644769100003 ], [ 79.88388645200007, 6.916422972000021 ], [ 79.883983240000077, 6.916385831000071 ], [ 79.884044392000078, 6.916359720000059 ], [ 79.884132175000047, 6.916308358000038 ], [ 79.884149529000069, 6.916246666000063 ], [ 79.884286147000068, 6.916162231000044 ], [ 79.884404074000031, 6.916087809000032 ], [ 79.884552170000063, 6.916010573000051 ], [ 79.884678726000061, 6.915930425000056 ], [ 79.884683924000058, 6.915925145000074 ], [ 79.884681365000063, 6.915919162000023 ], [ 79.884559592000073, 6.91563443900003 ], [ 79.884542666000073, 6.915597443000024 ], [ 79.884532270000079, 6.915574718000073 ], [ 79.88458522500008, 6.915542035000044 ], [ 79.884652802000062, 6.915506993000065 ], [ 79.884698852000042, 6.915462580000053 ], [ 79.884770029000038, 6.915422521000039 ], [ 79.884799777000069, 6.91546797500007 ], [ 79.884805736000033, 6.91548029300003 ], [ 79.88484868900008, 6.915555017000031 ], [ 79.884898814000053, 6.915634060000059 ], [ 79.884957359000055, 6.915706644000068 ], [ 79.884958135000034, 6.91570856900006 ], [ 79.884980867000081, 6.915780441000038 ], [ 79.884988992000046, 6.915823700000033 ], [ 79.885177146000046, 6.915812575000075 ], [ 79.885179697000069, 6.916026747000046 ], [ 79.885242930000061, 6.916028115000074 ], [ 79.885226155000055, 6.916104780000069 ], [ 79.88521882100008, 6.91618586900006 ], [ 79.885276431000079, 6.916225733000033 ], [ 79.885276329000078, 6.916245282000034 ], [ 79.88529561100006, 6.916246071000046 ], [ 79.88534321800006, 6.916239740000037 ], [ 79.885427469000035, 6.916233387000034 ], [ 79.885436392000031, 6.916230255000073 ], [ 79.885675863000074, 6.916220338000073 ], [ 79.88567719100007, 6.916220016000068 ], [ 79.885744125000031, 6.916203780000046 ], [ 79.885783380000078, 6.916194947000065 ], [ 79.885872581000058, 6.916174875000024 ], [ 79.885944993000066, 6.916158582000037 ], [ 79.885946051000076, 6.916163083000072 ], [ 79.886003791000064, 6.916408527000044 ], [ 79.886071782000045, 6.916726395000069 ], [ 79.886090134000085, 6.916783124000062 ], [ 79.88614986500005, 6.916878832000066 ], [ 79.886259280000047, 6.91705415000007 ] ] ] ] } },
{ "type": "Feature", "properties": { "Shape_Leng": 0.05686476122, "Shape_Area": 8.605106e-05, "ADM4_EN": "Gothamipura", "ADM4_SI": "ගෝතමීපුර", "ADM4_TA": null, "ADM4_PCODE": "LK1127050", "ADM4_REF": null, "ADM3_EN": "Thimbirigasyaya", "ADM3_SI": "තිඹිරිගස්යාය", "ADM3_TA": "திம்பிரிகஸ்யாய", "ADM3_PCODE": "LK1127", "ADM2_EN": "Colombo", "ADM2_SI": "කොළඹ දිස්ත්‍රික්ක", "ADM2_TA": "கொழும்பு மாவட்டம்", "ADM2_PCODE": "LK11", "ADM1_EN": "Western", "ADM1_SI": "බස්නාහිර පළාත", "ADM1_TA": "மேல் மாகாணம் ", "ADM1_PCODE": "LK1", "ADM0_EN": "Sri Lanka", "ADM0_SI": "ශ්‍රී ලංකා", "ADM0_TA": "இலங்கை", "ADM0_PCODE": "LK", "date": "2022-08-02", "validOn": "2022-08-16", "validTo": null, "length_sum": 24232.0, "damage_sco": 2 }, "geometry": { "type": "MultiPolygon", "coordinates": [ [ [ [ 79.889165002000084, 6.91077910100006 ], [ 79.889166669000076, 6.910748803000047 ], [ 79.889172487000053, 6.910643121000021 ], [ 79.889178624000067, 6.910433557000033 ], [ 79.889182639000069, 6.910334041000056 ], [ 79.889189736000048, 6.91012352100006 ], [ 79.889158331000033, 6.910018197000056 ], [ 79.889110663000054, 6.909904230000052 ], [ 79.889033280000035, 6.909806475000039 ], [ 79.888998371000071, 6.909770004000052 ], [ 79.888977691000036, 6.909748398000033 ], [ 79.888953652000055, 6.909726668000076 ], [ 79.888925267000047, 6.90970100800007 ], [ 79.888862237000069, 6.90960902300003 ], [ 79.888815181000041, 6.909544780000033 ], [ 79.888814941000078, 6.909544453000024 ], [ 79.88876975200003, 6.909482762000039 ], [ 79.888741363000065, 6.909446962000061 ], [ 79.888712813000041, 6.909410960000059 ], [ 79.888698889000068, 6.909393401000045 ], [ 79.888587014000052, 6.909305152000059 ], [ 79.888435045000051, 6.909122680000053 ], [ 79.888341999000033, 6.909046344000046 ], [ 79.888336800000047, 6.909037677000072 ], [ 79.888119450000033, 6.908735485000022 ], [ 79.887937433000047, 6.908454039000048 ], [ 79.887839088000078, 6.90823554900004 ], [ 79.88770209200004, 6.907882413000038 ], [ 79.887532207000049, 6.907514264000042 ], [ 79.887431038000045, 6.907206052000049 ], [ 79.887359743000047, 6.906924811000067 ], [ 79.887276881000048, 6.906428231000064 ], [ 79.88723572400005, 6.906033408000042 ], [ 79.887224189000051, 6.90580012700002 ], [ 79.887281532000031, 6.905540059000032 ], [ 79.887311732000057, 6.905315891000043 ], [ 79.887238823000075, 6.905148841000027 ], [ 79.887002109000036, 6.905067312000028 ], [ 79.886704924000071, 6.905035980000036 ], [ 79.88650747500003, 6.905006902000025 ], [ 79.886299414000064, 6.904891679000059 ], [ 79.885998322000034, 6.904596851000065 ], [ 79.885711575000073, 6.904312815000026 ], [ 79.88538909500005, 6.903935408000052 ], [ 79.885309020000079, 6.903837618000068 ], [ 79.885282280000069, 6.903804961000048 ], [ 79.885253436000085, 6.903769737000061 ], [ 79.885224287000085, 6.903734138000061 ], [ 79.885077461000037, 6.903518547000033 ], [ 79.884923427000047, 6.903317298000047 ], [ 79.88471209000005, 6.903033401000073 ], [ 79.884657927000035, 6.902928210000027 ], [ 79.884456670000077, 6.902513653000028 ], [ 79.884245308000061, 6.902244111000073 ], [ 79.884116491000043, 6.901999845000034 ], [ 79.884001843000078, 6.901859675000026 ], [ 79.883750766000048, 6.901704895000023 ], [ 79.883567952000078, 6.901532300000042 ], [ 79.883464117000074, 6.901370618000044 ], [ 79.883388957000079, 6.901237699000035 ], [ 79.883376337000072, 6.90116196300005 ], [ 79.883371931000056, 6.901135513000042 ], [ 79.883304812000063, 6.901147335000076 ], [ 79.883218846000034, 6.901032339000039 ], [ 79.883061204000057, 6.900840651000067 ], [ 79.882870298000057, 6.900514926000028 ], [ 79.882707967000044, 6.900270597000031 ], [ 79.882559955000033, 6.900050219000036 ], [ 79.882656444000077, 6.899674172000061 ], [ 79.882659497000077, 6.899662272000057 ], [ 79.882590272000073, 6.899648844000069 ], [ 79.88244400800005, 6.899620472000038 ], [ 79.882407109000042, 6.899613313000032 ], [ 79.882362525000076, 6.899604665000027 ], [ 79.882211009000059, 6.899575273000039 ], [ 79.88178226000008, 6.899538740000025 ], [ 79.88129735800004, 6.899695947000055 ], [ 79.881290086000035, 6.899854804000029 ], [ 79.881254994000074, 6.900005787000055 ], [ 79.881203652000067, 6.900103382000054 ], [ 79.881151842000065, 6.900144193000074 ], [ 79.881092930000079, 6.90021917100006 ], [ 79.881028379000043, 6.90022285200007 ], [ 79.880980339000075, 6.900236300000074 ], [ 79.880942230000073, 6.900268838000045 ], [ 79.880937192000033, 6.90029415500004 ], [ 79.880967687000066, 6.900322021000022 ], [ 79.881003605000046, 6.900430552000046 ], [ 79.881148062000079, 6.900880508000057 ], [ 79.881236428000079, 6.901354361000074 ], [ 79.881401689000029, 6.901937298000064 ], [ 79.881603489000042, 6.902414436000072 ], [ 79.882207063000067, 6.903763888000071 ], [ 79.882110957000066, 6.90394911900006 ], [ 79.881823433000079, 6.904080162000071 ], [ 79.881428148000055, 6.904228946000046 ], [ 79.881104939000068, 6.904240301000073 ], [ 79.880776455000046, 6.90387484200005 ], [ 79.880531882000071, 6.903443750000065 ], [ 79.880054384000061, 6.902755038000066 ], [ 79.879599753000036, 6.901952151000046 ], [ 79.879544930000066, 6.901879091000069 ], [ 79.879425893000075, 6.901865605000069 ], [ 79.879252463000057, 6.901950106000072 ], [ 79.879184042000077, 6.902031378000061 ], [ 79.879198254000073, 6.902167519000045 ], [ 79.879219656000032, 6.902398911000034 ], [ 79.879221750000056, 6.902421545000038 ], [ 79.879181903000074, 6.902420062000033 ], [ 79.879230279000069, 6.903104772000063 ], [ 79.879233862000035, 6.90332001400003 ], [ 79.879243183000085, 6.90387993500002 ], [ 79.879305332000058, 6.905200659000059 ], [ 79.879303994000054, 6.905911200000048 ], [ 79.879245572000059, 6.906241438000052 ], [ 79.87924651700007, 6.906374356000072 ], [ 79.879246641000066, 6.906391647000021 ], [ 79.879293447000066, 6.906390357000021 ], [ 79.879335702000049, 6.906388695000032 ], [ 79.879536859000041, 6.906380780000063 ], [ 79.879599248000034, 6.906403953000051 ], [ 79.879712535000067, 6.906353351000064 ], [ 79.87976939400005, 6.906334108000067 ], [ 79.879772239000033, 6.906264218000047 ], [ 79.879789489000075, 6.906093131000034 ], [ 79.879793815000085, 6.906050230000062 ], [ 79.879787411000052, 6.906017865000024 ], [ 79.879783585000041, 6.905998532000069 ], [ 79.87978251800007, 6.905989627000054 ], [ 79.879767881000078, 6.905867535000027 ], [ 79.879838918000075, 6.905613599000048 ], [ 79.879976889000034, 6.905237319000037 ], [ 79.880134849000058, 6.904977276000068 ], [ 79.880289460000085, 6.904760035000038 ], [ 79.880364553000049, 6.904733178000072 ], [ 79.880559877000053, 6.905089109000073 ], [ 79.880560451000065, 6.905094290000022 ], [ 79.880568812000035, 6.905122607000067 ], [ 79.880589730000054, 6.905162070000074 ], [ 79.880646709000075, 6.905247340000074 ], [ 79.880663355000081, 6.905272251000042 ], [ 79.880672369000081, 6.905290533000027 ], [ 79.880731246000039, 6.905497854000032 ], [ 79.880815510000048, 6.905747868000049 ], [ 79.881053217000044, 6.906519935000063 ], [ 79.880927847000066, 6.90684415000004 ], [ 79.880716119000056, 6.907157119000033 ], [ 79.880441526000084, 6.907501871000022 ], [ 79.880594402000042, 6.907621346000042 ], [ 79.880499376000046, 6.907863661000022 ], [ 79.880538706000038, 6.907898216000035 ], [ 79.880538481000031, 6.907898739000075 ], [ 79.880521531000056, 6.907937969000045 ], [ 79.880275593000079, 6.908523734000028 ], [ 79.880273404000036, 6.908528949000072 ], [ 79.880271940000057, 6.908532447000027 ], [ 79.880783951000069, 6.908743755000046 ], [ 79.881302026000071, 6.908948085000077 ], [ 79.881313689000081, 6.908952809000027 ], [ 79.881326798000032, 6.908958350000034 ], [ 79.881536843000049, 6.909043801000053 ], [ 79.881577332000063, 6.909060273000023 ], [ 79.881584933000056, 6.909041681000076 ], [ 79.882396093000068, 6.909362557000065 ], [ 79.882320478000054, 6.909532311000021 ], [ 79.882080229000053, 6.91007167600003 ], [ 79.88193392800008, 6.910403519000056 ], [ 79.881896591000043, 6.910483020000072 ], [ 79.881862825000042, 6.910539921000066 ], [ 79.881759145000046, 6.91067743800005 ], [ 79.881739334000031, 6.910708806000059 ], [ 79.881709232000048, 6.910756464000031 ], [ 79.881680892000077, 6.910830557000054 ], [ 79.881628396000053, 6.910967807000077 ], [ 79.881872968000039, 6.911112398000057 ], [ 79.881945375000043, 6.911149517000069 ], [ 79.881953721000059, 6.91115471300003 ], [ 79.882028701000081, 6.911201394000045 ], [ 79.882158794000077, 6.911261135000075 ], [ 79.882265742000072, 6.911309894000055 ], [ 79.882480378000082, 6.911399993000032 ], [ 79.882877275000055, 6.911570730000051 ], [ 79.883126718000085, 6.911684980000075 ], [ 79.883171450000077, 6.911705469000026 ], [ 79.883309857000029, 6.911770650000051 ], [ 79.883390747000078, 6.911819086000037 ], [ 79.883487344000059, 6.911889901000052 ], [ 79.883532338000066, 6.911922885000024 ], [ 79.883714474000044, 6.912118445000033 ], [ 79.88384577100004, 6.912259749000043 ], [ 79.88392071800007, 6.912341358000049 ], [ 79.884180765000053, 6.912630923000052 ], [ 79.884317017000058, 6.912782815000071 ], [ 79.884360961000084, 6.912843075000069 ], [ 79.884368190000032, 6.912852988000054 ], [ 79.884389704000057, 6.912911894000047 ], [ 79.884403494000082, 6.912989139000047 ], [ 79.884419766000065, 6.913045230000023 ], [ 79.884527604000084, 6.913005689000045 ], [ 79.884527968000043, 6.91300555600003 ], [ 79.884621236000044, 6.912967031000051 ], [ 79.884623660000045, 6.912984868000024 ], [ 79.884634714000072, 6.913066250000043 ], [ 79.884654476000037, 6.913191067000071 ], [ 79.884673106000037, 6.91329264500007 ], [ 79.884704858000077, 6.913393072000076 ], [ 79.884814005000067, 6.913572673000033 ], [ 79.884901873000047, 6.913712811000039 ], [ 79.884939068000051, 6.913757457000031 ], [ 79.885099923000041, 6.914059676000022 ], [ 79.885155746000066, 6.914159961000053 ], [ 79.885302467000031, 6.914423550000038 ], [ 79.885322079000048, 6.914483354000026 ], [ 79.885327396000037, 6.914494757000057 ], [ 79.885343327000044, 6.914528761000042 ], [ 79.885368917000051, 6.914574389000052 ], [ 79.885459111000046, 6.914729271000056 ], [ 79.885460561000059, 6.914731762000031 ], [ 79.885498656000038, 6.914797177000025 ], [ 79.885654109000029, 6.915086182000039 ], [ 79.885813877000032, 6.915388580000069 ], [ 79.885818167000082, 6.915399990000026 ], [ 79.88582371800004, 6.915414751000071 ], [ 79.885895809000033, 6.915606468000021 ], [ 79.886115840000059, 6.916005909000035 ], [ 79.886149402000058, 6.916106610000043 ], [ 79.886212793000084, 6.916368139000042 ], [ 79.886271814000054, 6.916595477000044 ], [ 79.886293558000034, 6.916677350000043 ], [ 79.886388347000036, 6.916856169000027 ], [ 79.886411377000059, 6.91693723000003 ], [ 79.886481631000038, 6.916883225000049 ], [ 79.886625711000079, 6.916649039000049 ], [ 79.886683490000053, 6.916476894000027 ], [ 79.886788908000085, 6.916434027000037 ], [ 79.886970999000084, 6.916357810000022 ], [ 79.887119536000057, 6.916300670000055 ], [ 79.887272844000051, 6.916253108000035 ], [ 79.887412720000043, 6.916264488000024 ], [ 79.887460437000072, 6.916268370000068 ], [ 79.887503879000064, 6.916271905000031 ], [ 79.887528809000059, 6.91627393300007 ], [ 79.887598964000063, 6.91625838300007 ], [ 79.887732826000047, 6.916200520000075 ], [ 79.887829109000052, 6.91617773300004 ], [ 79.887958450000042, 6.916183796000041 ], [ 79.889122601000054, 6.916128818000061 ], [ 79.889387811000063, 6.91608087700007 ], [ 79.889542400000039, 6.915987861000076 ], [ 79.889628747000074, 6.915901896000037 ], [ 79.889689489000034, 6.915796922000027 ], [ 79.88969899500006, 6.915780492000067 ], [ 79.889710022000031, 6.915761434000046 ], [ 79.889765648000036, 6.915665302000036 ], [ 79.889881003000085, 6.91542866900005 ], [ 79.889956945000051, 6.915145310000071 ], [ 79.890036395000038, 6.914905020000049 ], [ 79.890058350000061, 6.914686155000027 ], [ 79.890040930000055, 6.914399034000041 ], [ 79.889962227000069, 6.914237400000047 ], [ 79.889790092000055, 6.914111479000042 ], [ 79.889553271000068, 6.91401055700004 ], [ 79.88939879600008, 6.913858533000052 ], [ 79.889393832000053, 6.91384921100007 ], [ 79.889262516000031, 6.913545439000075 ], [ 79.889056394000079, 6.913350671000046 ], [ 79.888966903000039, 6.913197989000025 ], [ 79.888946329000078, 6.912997587000064 ], [ 79.888955792000047, 6.91273743000005 ], [ 79.888962547000062, 6.912324752000075 ], [ 79.888968917000057, 6.912118418000034 ], [ 79.889020018000053, 6.911995903000047 ], [ 79.889095094000083, 6.911855489000061 ], [ 79.889125404000083, 6.911649201000046 ], [ 79.88914118100007, 6.911212615000068 ], [ 79.88916286400007, 6.910817909000059 ], [ 79.88916295100006, 6.910816326000031 ], [ 79.889163875000065, 6.910799559000054 ], [ 79.889165002000084, 6.91077910100006 ] ] ] ] } },
{ "type": "Feature", "properties": { "Shape_Leng": 0.05772454701, "Shape_Area": 7.033035e-05, "ADM4_EN": "Narahenpita", "ADM4_SI": "නාරාහේන්පිට", "ADM4_TA": null, "ADM4_PCODE": "LK1127055", "ADM4_REF": null, "ADM3_EN": "Thimbirigasyaya", "ADM3_SI": "තිඹිරිගස්යාය", "ADM3_TA": "திம்பிரிகஸ்யாய", "ADM3_PCODE": "LK1127", "ADM2_EN": "Colombo", "ADM2_SI": "කොළඹ දිස්ත්‍රික්ක", "ADM2_TA": "கொழும்பு மாவட்டம்", "ADM2_PCODE": "LK11", "ADM1_EN": "Western", "ADM1_SI": "බස්නාහිර පළාත", "ADM1_TA": "மேல் மாகாணம் ", "ADM1_PCODE": "LK1", "ADM0_EN": "Sri Lanka", "ADM0_SI": "ශ්‍රී ලංකා", "ADM0_TA": "இலங்கை", "ADM0_PCODE": "LK", "date": "2022-08-02", "validOn": "2022-08-16", "validTo": null, "length_sum": 24258.0, "damage_sco": 2 }, "geometry": { "type": "MultiPolygon", "coordinates": [ [ [ [ 79.882656444000077, 6.899674172000061 ], [ 79.883044875000053, 6.898696547000043 ], [ 79.88339346500004, 6.897913686000038 ], [ 79.883568011000079, 6.897387684000023 ], [ 79.883707086000072, 6.896628355000075 ], [ 79.883803760000035, 6.896138092000058 ], [ 79.883978877000061, 6.895307059000061 ], [ 79.884134371000073, 6.894551733000071 ], [ 79.884134344000074, 6.894551732000025 ], [ 79.884120864000067, 6.894550970000068 ], [ 79.884024989000068, 6.894545552000068 ], [ 79.884012531000053, 6.894544848000066 ], [ 79.883956673000057, 6.894541691000029 ], [ 79.883930465000049, 6.894540211000049 ], [ 79.88391200600006, 6.894539168000051 ], [ 79.883836190000068, 6.894535681000036 ], [ 79.883694062000075, 6.894529287000069 ], [ 79.883458652000058, 6.89451869800007 ], [ 79.883062586000051, 6.894491103000064 ], [ 79.882823674000065, 6.894468503000041 ], [ 79.882656047000069, 6.894452004000073 ], [ 79.882371539000076, 6.894426605000035 ], [ 79.882078973000034, 6.894403633000024 ], [ 79.881946442000071, 6.894392172000039 ], [ 79.881793110000046, 6.894376513000054 ], [ 79.881776024000033, 6.894376286000067 ], [ 79.881666080000059, 6.894374829000071 ], [ 79.881560280000031, 6.894366830000024 ], [ 79.881527486000039, 6.894364351000036 ], [ 79.881247027000029, 6.894351077000067 ], [ 79.880925140000045, 6.89433112200004 ], [ 79.88078878400006, 6.894333218000043 ], [ 79.880787855000051, 6.894333277000044 ], [ 79.880607533000045, 6.894344903000047 ], [ 79.880511230000081, 6.894362083000033 ], [ 79.880309661000069, 6.894400406000045 ], [ 79.880151733000048, 6.894423619000065 ], [ 79.879984061000073, 6.89443071900007 ], [ 79.879894407000052, 6.89442557700005 ], [ 79.879697940000085, 6.89439681600004 ], [ 79.879646015000048, 6.894385699000054 ], [ 79.87961699400006, 6.894379484000069 ], [ 79.879271949000042, 6.894308760000058 ], [ 79.879082915000083, 6.894274044000042 ], [ 79.878998287000059, 6.894257150000044 ], [ 79.878772522000077, 6.894212079000056 ], [ 79.87870386000003, 6.894198373000052 ], [ 79.878483806000077, 6.894154556000046 ], [ 79.878253928000049, 6.894108108000069 ], [ 79.878006801000083, 6.894058175000055 ], [ 79.877924406000034, 6.894041544000061 ], [ 79.877905454000029, 6.894037719000039 ], [ 79.877863446000049, 6.894029241000055 ], [ 79.877791971000079, 6.894028202000072 ], [ 79.877714422000054, 6.894032758000037 ], [ 79.877692904000071, 6.894037654000044 ], [ 79.877623362000065, 6.894053475000021 ], [ 79.87743579000005, 6.894106197000042 ], [ 79.877212919000044, 6.894165727000029 ], [ 79.877064532000077, 6.894166261000066 ], [ 79.877073430000053, 6.894677882000053 ], [ 79.877076085000056, 6.894901589000028 ], [ 79.877079310000056, 6.895062818000042 ], [ 79.877079475000073, 6.895069079000052 ], [ 79.877081696000062, 6.895152382000049 ], [ 79.877087506000066, 6.895370356000058 ], [ 79.877093545000037, 6.895909821000032 ], [ 79.877100133000056, 6.896254429000066 ], [ 79.877123926000081, 6.896976126000027 ], [ 79.87715045200008, 6.897303501000067 ], [ 79.87715412600005, 6.897455747000038 ], [ 79.877176131000056, 6.898367627000027 ], [ 79.877162684000041, 6.898589044000062 ], [ 79.877192549000085, 6.898872843000049 ], [ 79.87721580300007, 6.899400765000053 ], [ 79.877217974000075, 6.899472715000059 ], [ 79.877221580000082, 6.899592206000023 ], [ 79.877234003000069, 6.900004634000027 ], [ 79.87725658200003, 6.900469803000021 ], [ 79.877256834000036, 6.900480653000045 ], [ 79.877261668000074, 6.900699573000054 ], [ 79.877265598000065, 6.901158288000033 ], [ 79.877273959000036, 6.901282542000047 ], [ 79.877282168000079, 6.901870477000045 ], [ 79.87729446600008, 6.901970145000064 ], [ 79.877293794000082, 6.902086515000065 ], [ 79.877309575000083, 6.902402567000024 ], [ 79.877311248000069, 6.902764767000065 ], [ 79.877311385000041, 6.902794626000059 ], [ 79.877311758000076, 6.902875385000073 ], [ 79.87734228000005, 6.903914655000051 ], [ 79.877349251000055, 6.904270225000062 ], [ 79.877349872000082, 6.904301944000053 ], [ 79.877353509000045, 6.90453225300007 ], [ 79.877364751000073, 6.904952011000034 ], [ 79.877367774000049, 6.905171738000035 ], [ 79.877406781000047, 6.906460683000034 ], [ 79.877407230000074, 6.906558334000067 ], [ 79.877415652000082, 6.906889291000027 ], [ 79.87743335600004, 6.907097204000024 ], [ 79.877422994000085, 6.90721753400004 ], [ 79.877417063000053, 6.907388691000051 ], [ 79.877419453000073, 6.907761187000062 ], [ 79.877420137000058, 6.907868020000024 ], [ 79.877421907000041, 6.90793710500003 ], [ 79.877422753000076, 6.90801622500004 ], [ 79.877423101000034, 6.908029071000044 ], [ 79.877434596000057, 6.908453345000055 ], [ 79.87743675400003, 6.90850823300002 ], [ 79.877437439000062, 6.908528061000027 ], [ 79.87744206800005, 6.908661871000049 ], [ 79.877445762000036, 6.908768664000036 ], [ 79.877454169000032, 6.90906277800002 ], [ 79.877446076000069, 6.909146109000062 ], [ 79.877428702000032, 6.909211583000058 ], [ 79.877428627000029, 6.909211867000067 ], [ 79.877409908000061, 6.909282406000045 ], [ 79.877452718000029, 6.909289556000033 ], [ 79.877495979000059, 6.909296779000044 ], [ 79.877578923000044, 6.90931063000005 ], [ 79.877611626000032, 6.909325656000021 ], [ 79.877841725000053, 6.909431385000062 ], [ 79.877895339000077, 6.909453134000046 ], [ 79.878070831000059, 6.909524318000024 ], [ 79.878225075000046, 6.90958691000003 ], [ 79.878994567000063, 6.909903839000037 ], [ 79.879610719000084, 6.910159354000029 ], [ 79.879942897000035, 6.910293894000063 ], [ 79.880979096000033, 6.910727423000026 ], [ 79.881110224000054, 6.91076483300003 ], [ 79.881255148000037, 6.910779935000051 ], [ 79.881362492000051, 6.910811060000071 ], [ 79.881388390000041, 6.910820026000067 ], [ 79.881450473000029, 6.910841516000062 ], [ 79.881628396000053, 6.910967807000077 ], [ 79.881680892000077, 6.910830557000054 ], [ 79.881709232000048, 6.910756464000031 ], [ 79.881739334000031, 6.910708806000059 ], [ 79.881759145000046, 6.91067743800005 ], [ 79.881862825000042, 6.910539921000066 ], [ 79.881896591000043, 6.910483020000072 ], [ 79.88193392800008, 6.910403519000056 ], [ 79.882080229000053, 6.91007167600003 ], [ 79.882320478000054, 6.909532311000021 ], [ 79.882396093000068, 6.909362557000065 ], [ 79.881584933000056, 6.909041681000076 ], [ 79.881577332000063, 6.909060273000023 ], [ 79.881536843000049, 6.909043801000053 ], [ 79.881326798000032, 6.908958350000034 ], [ 79.881313689000081, 6.908952809000027 ], [ 79.881302026000071, 6.908948085000077 ], [ 79.880783951000069, 6.908743755000046 ], [ 79.880271940000057, 6.908532447000027 ], [ 79.880273404000036, 6.908528949000072 ], [ 79.880275593000079, 6.908523734000028 ], [ 79.880521531000056, 6.907937969000045 ], [ 79.880538481000031, 6.907898739000075 ], [ 79.880538706000038, 6.907898216000035 ], [ 79.880499376000046, 6.907863661000022 ], [ 79.880594402000042, 6.907621346000042 ], [ 79.880441526000084, 6.907501871000022 ], [ 79.880716119000056, 6.907157119000033 ], [ 79.880927847000066, 6.90684415000004 ], [ 79.881053217000044, 6.906519935000063 ], [ 79.880815510000048, 6.905747868000049 ], [ 79.880731246000039, 6.905497854000032 ], [ 79.880672369000081, 6.905290533000027 ], [ 79.880663355000081, 6.905272251000042 ], [ 79.880646709000075, 6.905247340000074 ], [ 79.880589730000054, 6.905162070000074 ], [ 79.880568812000035, 6.905122607000067 ], [ 79.880560451000065, 6.905094290000022 ], [ 79.880559877000053, 6.905089109000073 ], [ 79.880364553000049, 6.904733178000072 ], [ 79.880289460000085, 6.904760035000038 ], [ 79.880134849000058, 6.904977276000068 ], [ 79.879976889000034, 6.905237319000037 ], [ 79.879838918000075, 6.905613599000048 ], [ 79.879767881000078, 6.905867535000027 ], [ 79.87978251800007, 6.905989627000054 ], [ 79.879783585000041, 6.905998532000069 ], [ 79.879787411000052, 6.906017865000024 ], [ 79.879793815000085, 6.906050230000062 ], [ 79.879789489000075, 6.906093131000034 ], [ 79.879772239000033, 6.906264218000047 ], [ 79.87976939400005, 6.906334108000067 ], [ 79.879712535000067, 6.906353351000064 ], [ 79.879599248000034, 6.906403953000051 ], [ 79.879536859000041, 6.906380780000063 ], [ 79.879335702000049, 6.906388695000032 ], [ 79.879293447000066, 6.906390357000021 ], [ 79.879246641000066, 6.906391647000021 ], [ 79.87924651700007, 6.906374356000072 ], [ 79.879245572000059, 6.906241438000052 ], [ 79.879303994000054, 6.905911200000048 ], [ 79.879305332000058, 6.905200659000059 ], [ 79.879243183000085, 6.90387993500002 ], [ 79.879233862000035, 6.90332001400003 ], [ 79.879230279000069, 6.903104772000063 ], [ 79.879181903000074, 6.902420062000033 ], [ 79.879221750000056, 6.902421545000038 ], [ 79.879219656000032, 6.902398911000034 ], [ 79.879198254000073, 6.902167519000045 ], [ 79.879184042000077, 6.902031378000061 ], [ 79.879252463000057, 6.901950106000072 ], [ 79.879425893000075, 6.901865605000069 ], [ 79.879544930000066, 6.901879091000069 ], [ 79.879599753000036, 6.901952151000046 ], [ 79.880054384000061, 6.902755038000066 ], [ 79.880531882000071, 6.903443750000065 ], [ 79.880776455000046, 6.90387484200005 ], [ 79.881104939000068, 6.904240301000073 ], [ 79.881428148000055, 6.904228946000046 ], [ 79.881823433000079, 6.904080162000071 ], [ 79.882110957000066, 6.90394911900006 ], [ 79.882207063000067, 6.903763888000071 ], [ 79.881603489000042, 6.902414436000072 ], [ 79.881401689000029, 6.901937298000064 ], [ 79.881236428000079, 6.901354361000074 ], [ 79.881148062000079, 6.900880508000057 ], [ 79.881003605000046, 6.900430552000046 ], [ 79.880967687000066, 6.900322021000022 ], [ 79.880937192000033, 6.90029415500004 ], [ 79.880942230000073, 6.900268838000045 ], [ 79.880980339000075, 6.900236300000074 ], [ 79.881028379000043, 6.90022285200007 ], [ 79.881092930000079, 6.90021917100006 ], [ 79.881151842000065, 6.900144193000074 ], [ 79.881203652000067, 6.900103382000054 ], [ 79.881254994000074, 6.900005787000055 ], [ 79.881290086000035, 6.899854804000029 ], [ 79.88129735800004, 6.899695947000055 ], [ 79.88178226000008, 6.899538740000025 ], [ 79.882211009000059, 6.899575273000039 ], [ 79.882362525000076, 6.899604665000027 ], [ 79.882407109000042, 6.899613313000032 ], [ 79.88244400800005, 6.899620472000038 ], [ 79.882590272000073, 6.899648844000069 ], [ 79.882659497000077, 6.899662272000057 ], [ 79.882656444000077, 6.899674172000061 ] ] ] ] } },
{ "type": "Feature", "properties": { "Shape_Leng": 0.06057891295, "Shape_Area": 0.0001532443, "ADM4_EN": "Thimbirigasyaya", "ADM4_SI": "තිඹිරිගස්යාය", "ADM4_TA": null, "ADM4_PCODE": "LK1127060", "ADM4_REF": null, "ADM3_EN": "Thimbirigasyaya", "ADM3_SI": "තිඹිරිගස්යාය", "ADM3_TA": "திம்பிரிகஸ்யாய", "ADM3_PCODE": "LK1127", "ADM2_EN": "Colombo", "ADM2_SI": "කොළඹ දිස්ත්‍රික්ක", "ADM2_TA": "கொழும்பு மாவட்டம்", "ADM2_PCODE": "LK11", "ADM1_EN": "Western", "ADM1_SI": "බස්නාහිර පළාත", "ADM1_TA": "மேல் மாகாணம் ", "ADM1_PCODE": "LK1", "ADM0_EN": "Sri Lanka", "ADM0_SI": "ශ්‍රී ලංකා", "ADM0_TA": "இலங்கை", "ADM0_PCODE": "LK", "date": "2022-08-02", "validOn": "2022-08-16", "validTo": null, "length_sum": 59147.0, "damage_sco": 5 }, "geometry": { "type": "MultiPolygon", "coordinates": [ [ [ [ 79.877123926000081, 6.896976126000027 ], [ 79.877089764000061, 6.896970259000057 ], [ 79.876935970000034, 6.896943853000039 ], [ 79.876862472000084, 6.896910981000076 ], [ 79.87665785300004, 6.896791422000035 ], [ 79.87652498500006, 6.896719014000041 ], [ 79.876391440000077, 6.896646450000048 ], [ 79.87632676700008, 6.896611311000072 ], [ 79.876196204000053, 6.896564045000048 ], [ 79.876110121000067, 6.896535853000046 ], [ 79.876052974000061, 6.896517209000024 ], [ 79.875798168000074, 6.896429923000028 ], [ 79.875737578000042, 6.896413532000054 ], [ 79.875696704000063, 6.896401340000068 ], [ 79.875602475000051, 6.896374577000074 ], [ 79.875549575000036, 6.89635811200003 ], [ 79.875451739000084, 6.896325195000031 ], [ 79.87530534900003, 6.896274463000054 ], [ 79.875179753000054, 6.896233355000049 ], [ 79.874998919000063, 6.896167188000049 ], [ 79.874848005000047, 6.896115995000059 ], [ 79.874577945000055, 6.896057254000027 ], [ 79.874411938000037, 6.896045366000067 ], [ 79.874268183000083, 6.896037410000076 ], [ 79.874149937000084, 6.896031760000028 ], [ 79.873838973000034, 6.896024752000073 ], [ 79.873461655000085, 6.895987508000076 ], [ 79.873221240000078, 6.895945913000048 ], [ 79.873191666000082, 6.895940161000055 ], [ 79.873168607000082, 6.895933426000056 ], [ 79.873081, 6.895897363000074 ], [ 79.87297895100005, 6.89585330500006 ], [ 79.872918181000045, 6.895827068000074 ], [ 79.872830047000036, 6.895782686000075 ], [ 79.872759350000081, 6.895736320000026 ], [ 79.872717631000057, 6.895708960000036 ], [ 79.872630988000083, 6.895642336000037 ], [ 79.872612651000054, 6.895626207000021 ], [ 79.872578235000049, 6.895596122000029 ], [ 79.87202174600003, 6.895142058000033 ], [ 79.871807748000037, 6.894959272000051 ], [ 79.871599180000032, 6.894775414000037 ], [ 79.871427342000061, 6.894642259000022 ], [ 79.871393916000045, 6.894615521000048 ], [ 79.87123983400005, 6.894470555000055 ], [ 79.871097219000035, 6.894338903000062 ], [ 79.870967074000077, 6.894215322000036 ], [ 79.870931945000052, 6.894179354000073 ], [ 79.870818614000029, 6.894063312000071 ], [ 79.870733666000035, 6.893962785000042 ], [ 79.870661158000075, 6.893871163000028 ], [ 79.870624449000047, 6.893824776000031 ], [ 79.870459358000062, 6.893616674000043 ], [ 79.87035768700008, 6.893459601000075 ], [ 79.870214053000041, 6.893244669000069 ], [ 79.870083417000046, 6.893046851000065 ], [ 79.870055085000047, 6.89300484100005 ], [ 79.870015455000043, 6.892944543000056 ], [ 79.869971365000083, 6.892877460000022 ], [ 79.869921128000044, 6.89281070800007 ], [ 79.869900969000071, 6.892783922000035 ], [ 79.869844025000077, 6.892705600000056 ], [ 79.869691892000048, 6.892488028000059 ], [ 79.869521421000059, 6.892256226000029 ], [ 79.869351883000036, 6.892007879000062 ], [ 79.869292056000063, 6.891918522000026 ], [ 79.869287548000045, 6.891911790000051 ], [ 79.869265447000032, 6.891885762000072 ], [ 79.869170281000038, 6.891776056000026 ], [ 79.869088943000065, 6.891680145000066 ], [ 79.869006223000042, 6.891597253000043 ], [ 79.868881287000079, 6.891542112000025 ], [ 79.868836268000052, 6.891522242000065 ], [ 79.868671825000035, 6.891449865000027 ], [ 79.868607728000029, 6.891422165000051 ], [ 79.868499695000082, 6.891375482000058 ], [ 79.868410829000084, 6.891337427000053 ], [ 79.868411129000037, 6.891336594000052 ], [ 79.868404425000051, 6.891333846000066 ], [ 79.868403443000034, 6.891337534000058 ], [ 79.868223715000056, 6.891340146000061 ], [ 79.867969005000077, 6.891347619000044 ], [ 79.867660096000066, 6.891355440000041 ], [ 79.867508269000041, 6.891358407000041 ], [ 79.86723220600004, 6.891366291000054 ], [ 79.867149790000042, 6.891361431000064 ], [ 79.867057640000041, 6.891356762000044 ], [ 79.867057058000057, 6.891356733000066 ], [ 79.866905571000075, 6.891323622000073 ], [ 79.866768938000064, 6.89128222100004 ], [ 79.866751366000074, 6.891274630000055 ], [ 79.866610008000066, 6.89121356000004 ], [ 79.866465467000069, 6.891143570000054 ], [ 79.866313793000074, 6.891065339000022 ], [ 79.866301778000036, 6.891058728000075 ], [ 79.866175779000059, 6.890989392000051 ], [ 79.866042478000054, 6.890908754000066 ], [ 79.865907761000074, 6.890826394000044 ], [ 79.86586815000004, 6.890802177000069 ], [ 79.865799104000075, 6.890759728000035 ], [ 79.865694543000075, 6.890695963000042 ], [ 79.86577883700005, 6.890618 ], [ 79.865805932000058, 6.890453938000064 ], [ 79.865824455000052, 6.890324398000075 ], [ 79.865886617000058, 6.889990775000058 ], [ 79.865954700000032, 6.88968329100004 ], [ 79.865971478000063, 6.889627528000062 ], [ 79.865919794000035, 6.889613590000067 ], [ 79.865799222000078, 6.88959469100007 ], [ 79.865586416000042, 6.889555810000047 ], [ 79.865438282000071, 6.889533434000043 ], [ 79.865354707000051, 6.889494612000021 ], [ 79.86516630400007, 6.88948158200003 ], [ 79.865101697000057, 6.889467104000062 ], [ 79.865080166000041, 6.889459288000069 ], [ 79.865067377000059, 6.889450172000068 ], [ 79.865032936000034, 6.889433838000059 ], [ 79.864950529000055, 6.889362248000054 ], [ 79.864909995000062, 6.889253337000071 ], [ 79.864839156000073, 6.889018098000065 ], [ 79.864788077000071, 6.888957378000043 ], [ 79.864718095000057, 6.88893968900004 ], [ 79.864692904000037, 6.888924658000064 ], [ 79.864687226000058, 6.888891972000067 ], [ 79.864558552000062, 6.888851652000028 ], [ 79.864534800000058, 6.88884538700006 ], [ 79.864318292000064, 6.888842510000075 ], [ 79.864095958000064, 6.888814306000029 ], [ 79.864091390000056, 6.888834904000021 ], [ 79.864073963000067, 6.888913475000038 ], [ 79.863992193000058, 6.889280791000033 ], [ 79.863974327000051, 6.889358428000037 ], [ 79.863955688000033, 6.889439425000035 ], [ 79.863942811000072, 6.889495387000068 ], [ 79.863938637000047, 6.889513523000062 ], [ 79.863916844000073, 6.889602818000071 ], [ 79.863843492000058, 6.889920236000023 ], [ 79.863792235000062, 6.890150107000068 ], [ 79.863760719000084, 6.89029143700003 ], [ 79.863740288000031, 6.89037666400003 ], [ 79.86370437000005, 6.890518014000065 ], [ 79.86365550000005, 6.890665851000051 ], [ 79.863639586000033, 6.890708046000043 ], [ 79.863620854000033, 6.890757923000024 ], [ 79.863567011000043, 6.890857013000073 ], [ 79.863483670000051, 6.890956496000058 ], [ 79.863447345000054, 6.890994728000067 ], [ 79.863435122000055, 6.891010631000029 ], [ 79.863371552000046, 6.891074498000023 ], [ 79.863346396000054, 6.891099771000029 ], [ 79.863336696000033, 6.891109516000029 ], [ 79.863201126000035, 6.891230926000048 ], [ 79.863002361000042, 6.891411479000055 ], [ 79.862975986000038, 6.89143548100003 ], [ 79.862821719000067, 6.891578864000053 ], [ 79.86270694600006, 6.891696736000029 ], [ 79.862601405000078, 6.891814623000073 ], [ 79.862499425000067, 6.891962084000056 ], [ 79.862416841000083, 6.892091863000076 ], [ 79.862305999000057, 6.892284066000059 ], [ 79.862209279000069, 6.892472047000069 ], [ 79.86216071900003, 6.892600352000045 ], [ 79.862094307000064, 6.892789567000023 ], [ 79.862030243000049, 6.892980955000041 ], [ 79.861981541000034, 6.893135571000073 ], [ 79.861935860000074, 6.893318677000025 ], [ 79.861901492000072, 6.893500086000074 ], [ 79.86189694400008, 6.893528402000072 ], [ 79.861895814000036, 6.893535429000053 ], [ 79.861862210000083, 6.893649296000035 ], [ 79.861811421000084, 6.89380725500007 ], [ 79.861754020000035, 6.893968366000024 ], [ 79.861704471000053, 6.894092418000071 ], [ 79.861637897000037, 6.894224395000037 ], [ 79.861625181000079, 6.894249598000044 ], [ 79.861535146000051, 6.894395817000031 ], [ 79.861470214000065, 6.894474178000053 ], [ 79.861384508000071, 6.894566866000048 ], [ 79.86136229300007, 6.894588936000048 ], [ 79.86135082900006, 6.894602375000034 ], [ 79.861257426000066, 6.894700095000076 ], [ 79.861155165000071, 6.89480560100003 ], [ 79.861094108000032, 6.894891202000053 ], [ 79.860898598000063, 6.895166431000064 ], [ 79.860786665000035, 6.89536071200007 ], [ 79.860722446000068, 6.89549097400004 ], [ 79.860667412000055, 6.895596753000063 ], [ 79.860638378000033, 6.895651533000034 ], [ 79.860607662000064, 6.895709483000076 ], [ 79.860572429000058, 6.895776056000045 ], [ 79.860456950000071, 6.895978920000061 ], [ 79.860396512000079, 6.89607112300007 ], [ 79.860345052000071, 6.896153940000033 ], [ 79.86014906500003, 6.896395350000034 ], [ 79.860000496000055, 6.896585311000024 ], [ 79.859976243000062, 6.896646834000023 ], [ 79.859944924000047, 6.896726284000067 ], [ 79.859903952000082, 6.896869748000029 ], [ 79.859891917000084, 6.896998101000065 ], [ 79.859887208000032, 6.897048323000035 ], [ 79.859887152000056, 6.897048930000039 ], [ 79.85988461900007, 6.897075928000049 ], [ 79.859956851000049, 6.897155245000022 ], [ 79.859961582000039, 6.897160443000075 ], [ 79.859976364000033, 6.897182724000061 ], [ 79.860041329000069, 6.897280656000021 ], [ 79.86005902800008, 6.897293741000055 ], [ 79.86016027900007, 6.897368601000039 ], [ 79.86026049600008, 6.897418917000039 ], [ 79.86041080800004, 6.897500656000034 ], [ 79.86058904600003, 6.897582427000032 ], [ 79.86064172500005, 6.897597001000065 ], [ 79.86073134600008, 6.897621793000042 ], [ 79.860768457000063, 6.897630082000035 ], [ 79.860823091000043, 6.897654876000047 ], [ 79.860885336000081, 6.897680659000059 ], [ 79.861405741000056, 6.897896216000049 ], [ 79.861630630000036, 6.898011753000048 ], [ 79.86210879500004, 6.898256806000063 ], [ 79.862326907000067, 6.898368803000039 ], [ 79.862401204000037, 6.898409183000069 ], [ 79.862776961000066, 6.898600147000025 ], [ 79.863217343000031, 6.898825867000028 ], [ 79.863287218000039, 6.898860361000061 ], [ 79.863568598000029, 6.899007381000047 ], [ 79.863594062000061, 6.89902081300005 ], [ 79.863960704000078, 6.899214202000053 ], [ 79.864075962000072, 6.899267679000047 ], [ 79.864288083000076, 6.899389701000075 ], [ 79.864640934000079, 6.899589302000038 ], [ 79.864676828000086, 6.899609558000066 ], [ 79.864730321000081, 6.899639747000037 ], [ 79.865187383000034, 6.899874563000026 ], [ 79.865221627000039, 6.899876052000025 ], [ 79.865416420000031, 6.899975162000032 ], [ 79.86627754400007, 6.900386956000034 ], [ 79.866438457000072, 6.900460142000043 ], [ 79.866441252000072, 6.900461410000048 ], [ 79.866997637000054, 6.900737173000039 ], [ 79.867379442000072, 6.900937008000028 ], [ 79.867541602000074, 6.90102186200005 ], [ 79.867791146000059, 6.90111646500003 ], [ 79.867961237000031, 6.901170409000031 ], [ 79.867980229000068, 6.901174333000029 ], [ 79.868012066000063, 6.901181266000037 ], [ 79.868100122000044, 6.901217963000022 ], [ 79.868305774000078, 6.901318270000047 ], [ 79.868572967000034, 6.901457666000056 ], [ 79.868860637000068, 6.901630012000055 ], [ 79.868862083000067, 6.901630856000054 ], [ 79.86916721800003, 6.901808952000067 ], [ 79.869241587000033, 6.901852359000031 ], [ 79.869517661000032, 6.902033004000032 ], [ 79.869766131000063, 6.902217122000025 ], [ 79.869956485000046, 6.902368215000024 ], [ 79.870214006000083, 6.902597831000037 ], [ 79.870339468000054, 6.902711005000072 ], [ 79.870671551000044, 6.902998718000049 ], [ 79.87071308000003, 6.903034699000045 ], [ 79.870973999000057, 6.903269825000052 ], [ 79.87114646100008, 6.903425238000068 ], [ 79.871363147000068, 6.903624395000065 ], [ 79.871577481000031, 6.903821739000023 ], [ 79.871946372000082, 6.904154103000053 ], [ 79.871964707000075, 6.904171680000047 ], [ 79.872336755000049, 6.904510018000053 ], [ 79.872504392000053, 6.904665679000061 ], [ 79.872676281000054, 6.904821168000069 ], [ 79.872716569000033, 6.904856147000032 ], [ 79.872927381000068, 6.905051313000058 ], [ 79.873097465000058, 6.905204991000062 ], [ 79.873444041000084, 6.905520764000073 ], [ 79.873502669000061, 6.905570064000074 ], [ 79.873753682000086, 6.905798764000053 ], [ 79.874082431000033, 6.906091782000033 ], [ 79.874226823000072, 6.906220479000069 ], [ 79.874644240000066, 6.906588108000051 ], [ 79.874797066000042, 6.906729182000049 ], [ 79.87487475000006, 6.906797507000022 ], [ 79.87542721300008, 6.907284204000064 ], [ 79.875589772000069, 6.907426687000054 ], [ 79.875637937000079, 6.907468902000062 ], [ 79.875687638000045, 6.90751246800005 ], [ 79.875742098000046, 6.907565557000055 ], [ 79.875758357000052, 6.907580688000053 ], [ 79.876013900000032, 6.907807496000032 ], [ 79.876088692000053, 6.907873643000073 ], [ 79.876149586000054, 6.907921773000055 ], [ 79.876180189000081, 6.907944871000041 ], [ 79.876316648000056, 6.908047864000025 ], [ 79.876350974000047, 6.908077821000063 ], [ 79.876441668000041, 6.908156968000071 ], [ 79.876560492000067, 6.908240923000051 ], [ 79.876803568000071, 6.908419623000043 ], [ 79.876807977000055, 6.908422866000024 ], [ 79.87706178500008, 6.908683822000057 ], [ 79.877097131000085, 6.908723518000045 ], [ 79.87720153500004, 6.908873815000049 ], [ 79.877212475000078, 6.908889962000046 ], [ 79.877223523000055, 6.908906270000045 ], [ 79.877314507000051, 6.909093228000074 ], [ 79.877356716000065, 6.909204178000039 ], [ 79.877409908000061, 6.909282406000045 ], [ 79.877428627000029, 6.909211867000067 ], [ 79.877428702000032, 6.909211583000058 ], [ 79.877446076000069, 6.909146109000062 ], [ 79.877454169000032, 6.90906277800002 ], [ 79.877445762000036, 6.908768664000036 ], [ 79.87744206800005, 6.908661871000049 ], [ 79.877437439000062, 6.908528061000027 ], [ 79.87743675400003, 6.90850823300002 ], [ 79.877434596000057, 6.908453345000055 ], [ 79.877423101000034, 6.908029071000044 ], [ 79.877422753000076, 6.90801622500004 ], [ 79.877421907000041, 6.90793710500003 ], [ 79.877420137000058, 6.907868020000024 ], [ 79.877419453000073, 6.907761187000062 ], [ 79.877417063000053, 6.907388691000051 ], [ 79.877422994000085, 6.90721753400004 ], [ 79.87743335600004, 6.907097204000024 ], [ 79.877415652000082, 6.906889291000027 ], [ 79.877407230000074, 6.906558334000067 ], [ 79.877406781000047, 6.906460683000034 ], [ 79.877367774000049, 6.905171738000035 ], [ 79.877364751000073, 6.904952011000034 ], [ 79.877353509000045, 6.90453225300007 ], [ 79.877349872000082, 6.904301944000053 ], [ 79.877349251000055, 6.904270225000062 ], [ 79.87734228000005, 6.903914655000051 ], [ 79.877311758000076, 6.902875385000073 ], [ 79.877311385000041, 6.902794626000059 ], [ 79.877311248000069, 6.902764767000065 ], [ 79.877309575000083, 6.902402567000024 ], [ 79.877293794000082, 6.902086515000065 ], [ 79.87729446600008, 6.901970145000064 ], [ 79.877282168000079, 6.901870477000045 ], [ 79.877273959000036, 6.901282542000047 ], [ 79.877265598000065, 6.901158288000033 ], [ 79.877261668000074, 6.900699573000054 ], [ 79.877256834000036, 6.900480653000045 ], [ 79.87725658200003, 6.900469803000021 ], [ 79.877234003000069, 6.900004634000027 ], [ 79.877221580000082, 6.899592206000023 ], [ 79.877217974000075, 6.899472715000059 ], [ 79.87721580300007, 6.899400765000053 ], [ 79.877192549000085, 6.898872843000049 ], [ 79.877162684000041, 6.898589044000062 ], [ 79.877176131000056, 6.898367627000027 ], [ 79.87715412600005, 6.897455747000038 ], [ 79.87715045200008, 6.897303501000067 ], [ 79.877123926000081, 6.896976126000027 ] ] ] ] } },
{ "type": "Feature", "properties": { "Shape_Leng": 0.04484049435, "Shape_Area": 8.736851e-05, "ADM4_EN": "Milagiriya", "ADM4_SI": "මිලාගිරිය", "ADM4_TA": null, "ADM4_PCODE": "LK1127065", "ADM4_REF": null, "ADM3_EN": "Thimbirigasyaya", "ADM3_SI": "තිඹිරිගස්යාය", "ADM3_TA": "திம்பிரிகஸ்யாய", "ADM3_PCODE": "LK1127", "ADM2_EN": "Colombo", "ADM2_SI": "කොළඹ දිස්ත්‍රික්ක", "ADM2_TA": "கொழும்பு மாவட்டம்", "ADM2_PCODE": "LK11", "ADM1_EN": "Western", "ADM1_SI": "බස්නාහිර පළාත", "ADM1_TA": "மேல் மாகாணம் ", "ADM1_PCODE": "LK1", "ADM0_EN": "Sri Lanka", "ADM0_SI": "ශ්‍රී ලංකා", "ADM0_TA": "இலங்கை", "ADM0_PCODE": "LK", "date": "2022-08-02", "validOn": "2022-08-16", "validTo": null, "length_sum": 49353.0, "damage_sco": 4 }, "geometry": { "type": "MultiPolygon", "coordinates": [ [ [ [ 79.85988461900007, 6.897075928000049 ], [ 79.859887152000056, 6.897048930000039 ], [ 79.859887208000032, 6.897048323000035 ], [ 79.859891917000084, 6.896998101000065 ], [ 79.859903952000082, 6.896869748000029 ], [ 79.859944924000047, 6.896726284000067 ], [ 79.859976243000062, 6.896646834000023 ], [ 79.860000496000055, 6.896585311000024 ], [ 79.86014906500003, 6.896395350000034 ], [ 79.860345052000071, 6.896153940000033 ], [ 79.860396512000079, 6.89607112300007 ], [ 79.860456950000071, 6.895978920000061 ], [ 79.860572429000058, 6.895776056000045 ], [ 79.860607662000064, 6.895709483000076 ], [ 79.860638378000033, 6.895651533000034 ], [ 79.860667412000055, 6.895596753000063 ], [ 79.860722446000068, 6.89549097400004 ], [ 79.860786665000035, 6.89536071200007 ], [ 79.860898598000063, 6.895166431000064 ], [ 79.861094108000032, 6.894891202000053 ], [ 79.861155165000071, 6.89480560100003 ], [ 79.861257426000066, 6.894700095000076 ], [ 79.86135082900006, 6.894602375000034 ], [ 79.86136229300007, 6.894588936000048 ], [ 79.861384508000071, 6.894566866000048 ], [ 79.861470214000065, 6.894474178000053 ], [ 79.861535146000051, 6.894395817000031 ], [ 79.861625181000079, 6.894249598000044 ], [ 79.861637897000037, 6.894224395000037 ], [ 79.861704471000053, 6.894092418000071 ], [ 79.861754020000035, 6.893968366000024 ], [ 79.861811421000084, 6.89380725500007 ], [ 79.861862210000083, 6.893649296000035 ], [ 79.861895814000036, 6.893535429000053 ], [ 79.861639321000041, 6.893481500000064 ], [ 79.861622048000072, 6.893477850000068 ], [ 79.86133436800003, 6.893408940000029 ], [ 79.861111614000038, 6.893359776000068 ], [ 79.861115214000051, 6.893340972000033 ], [ 79.861165080000035, 6.893080479000048 ], [ 79.861255400000061, 6.892691028000058 ], [ 79.861293624000041, 6.89252761900002 ], [ 79.861345075000031, 6.892307905000052 ], [ 79.86136954300008, 6.892193388000067 ], [ 79.861437104000061, 6.891877226000076 ], [ 79.861493619000044, 6.89165932800006 ], [ 79.861381749000032, 6.891626410000072 ], [ 79.861211848000039, 6.891576415000031 ], [ 79.861185495000029, 6.891567555000051 ], [ 79.861126426000055, 6.891547694000053 ], [ 79.861096816000043, 6.891537738000068 ], [ 79.861056055000063, 6.891524034000042 ], [ 79.86109536500004, 6.891407828000069 ], [ 79.861129122000079, 6.891308158000072 ], [ 79.861197127000082, 6.891043898000021 ], [ 79.861284210000065, 6.890737901000023 ], [ 79.861370596000029, 6.890465446000064 ], [ 79.861436800000035, 6.890242776000036 ], [ 79.861484096000083, 6.890100586000074 ], [ 79.861538905000032, 6.889935811000043 ], [ 79.861615139000037, 6.889625362000061 ], [ 79.86164694200005, 6.889507242000036 ], [ 79.861659599000063, 6.889460197000062 ], [ 79.861647041000083, 6.889456607000056 ], [ 79.861443938000036, 6.889398530000051 ], [ 79.861104734000037, 6.889305560000025 ], [ 79.860954217000085, 6.889270726000063 ], [ 79.86074542800003, 6.88922240900007 ], [ 79.860644960000059, 6.889193642000066 ], [ 79.860640409000041, 6.889192257000047 ], [ 79.860495613000069, 6.889148199000033 ], [ 79.860507981000069, 6.889108622000037 ], [ 79.860592083000085, 6.888692331000072 ], [ 79.86065245900005, 6.888473573000056 ], [ 79.860655229000031, 6.888466195000035 ], [ 79.860747905000039, 6.888349628000071 ], [ 79.860886047000065, 6.888160438000057 ], [ 79.860947192000083, 6.888010996000048 ], [ 79.860990394000055, 6.887783918000025 ], [ 79.861044369000069, 6.887521709000055 ], [ 79.861129864000077, 6.887194459000057 ], [ 79.861181409000039, 6.887208753000039 ], [ 79.861263463000057, 6.88697680000007 ], [ 79.861374423000029, 6.886628440000038 ], [ 79.861527606000038, 6.886106552000058 ], [ 79.861598643000036, 6.885890582000059 ], [ 79.861654196000075, 6.885721691000072 ], [ 79.861759310000082, 6.885402073000023 ], [ 79.861837263000041, 6.885187962000032 ], [ 79.861910113000079, 6.884987872000067 ], [ 79.861936093000054, 6.884933669000077 ], [ 79.861655811000048, 6.884879242000068 ], [ 79.860927371000059, 6.884742759000062 ], [ 79.86076818500004, 6.884714202000055 ], [ 79.860614615000031, 6.884686652000028 ], [ 79.860605385000042, 6.884684997000022 ], [ 79.860500273000071, 6.884673402000033 ], [ 79.860365606000073, 6.884646017000023 ], [ 79.859991827000044, 6.884562568000035 ], [ 79.859839462000082, 6.884526335000032 ], [ 79.859691672000054, 6.884491191000052 ], [ 79.859338433000062, 6.884407057000033 ], [ 79.85850208200003, 6.884210955000071 ], [ 79.858417805000045, 6.884194710000031 ], [ 79.858367051000073, 6.884184926000046 ], [ 79.858248005000064, 6.884596927000075 ], [ 79.858246459000043, 6.884600993000049 ], [ 79.858152646000065, 6.884924700000056 ], [ 79.858136865000063, 6.884976111000071 ], [ 79.858130704000075, 6.884996182000066 ], [ 79.858123794000051, 6.885019233000037 ], [ 79.85805289700005, 6.884995220000064 ], [ 79.857978616000082, 6.884970059000068 ], [ 79.857493392000038, 6.884805707000055 ], [ 79.857215603000043, 6.884720328000071 ], [ 79.857053753000059, 6.884670584000048 ], [ 79.856542578000074, 6.884521133000021 ], [ 79.85561862600008, 6.884214426000028 ], [ 79.855387481000037, 6.884140224000021 ], [ 79.855280744000083, 6.884110975000056 ], [ 79.855177541000046, 6.884082694000028 ], [ 79.855136880000032, 6.884071552000023 ], [ 79.855015588000072, 6.884038313000076 ], [ 79.855007322000063, 6.88407827900005 ], [ 79.855003529000044, 6.884104578000063 ], [ 79.854999160000034, 6.884134867000057 ], [ 79.854990932000078, 6.884179338000024 ], [ 79.854983560000051, 6.884249037000075 ], [ 79.854968352000071, 6.88429973500007 ], [ 79.854955217000054, 6.88435441300004 ], [ 79.854944169000078, 6.884406927000043 ], [ 79.854934036000031, 6.884454017000053 ], [ 79.854924181000058, 6.884496858000034 ], [ 79.854913162000059, 6.884533909000027 ], [ 79.854900975000078, 6.884566799000027 ], [ 79.854889873000047, 6.884599781000077 ], [ 79.854883470000061, 6.884635575000061 ], [ 79.854881039000077, 6.884676260000049 ], [ 79.854880770000079, 6.884722284000077 ], [ 79.854879858000061, 6.884772466000072 ], [ 79.85487786300007, 6.884821378000026 ], [ 79.854875156000048, 6.884865227000034 ], [ 79.854868750000037, 6.884902921000048 ], [ 79.854835821000052, 6.884994002000042 ], [ 79.85483114200008, 6.88502717700004 ], [ 79.854822728000045, 6.885073999000042 ], [ 79.854817887000081, 6.885098132000053 ], [ 79.854812840000079, 6.885134110000024 ], [ 79.854808257000059, 6.885165568000048 ], [ 79.854797228000052, 6.885207319000074 ], [ 79.854793362000066, 6.885242216000051 ], [ 79.854789221000033, 6.885277110000061 ], [ 79.854785182000057, 6.885308026000075 ], [ 79.854777326000033, 6.885346801000026 ], [ 79.85477038700003, 6.885378797000044 ], [ 79.854761083000085, 6.885418292000054 ], [ 79.854754139000079, 6.885453182000049 ], [ 79.854746197000054, 6.885489788000029 ], [ 79.854739248000044, 6.885527570000022 ], [ 79.85473111500005, 6.885569327000042 ], [ 79.854724182000041, 6.885598521000077 ], [ 79.85471834100008, 6.885624912000026 ], [ 79.854709024000044, 6.88567064700004 ], [ 79.854708206000055, 6.885674086000051 ], [ 79.854708078000044, 6.885674623000057 ], [ 79.854700450000053, 6.885706709000033 ], [ 79.854692323000052, 6.885745574000055 ], [ 79.854686576000063, 6.885769614000026 ], [ 79.854678994000039, 6.885806763000062 ], [ 79.854671512000039, 6.885839932000067 ], [ 79.854661128000032, 6.885875991000034 ], [ 79.854651827000055, 6.885913678000065 ], [ 79.854644891000078, 6.885944588000029 ], [ 79.854638572000056, 6.885983549000059 ], [ 79.854635070000029, 6.886016093000023 ], [ 79.854630944000064, 6.886044748000074 ], [ 79.854623528000047, 6.886089944000048 ], [ 79.854617224000037, 6.886121399000046 ], [ 79.854608466000059, 6.886159720000023 ], [ 79.854598134000071, 6.886214677000055 ], [ 79.854592945000036, 6.886231304000034 ], [ 79.854586650000044, 6.886258688000055 ], [ 79.854574531000083, 6.886302791000048 ], [ 79.854564871000036, 6.886339392000025 ], [ 79.85455567300005, 6.886370299000021 ], [ 79.854547013000058, 6.886403467000036 ], [ 79.854538349000052, 6.886438895000026 ], [ 79.854529224000032, 6.886479477000023 ], [ 79.854523001000075, 6.886501593000048 ], [ 79.854522166000038, 6.886504565000052 ], [ 79.85451938500006, 6.886514451000039 ], [ 79.854512450000072, 6.886544728000047 ], [ 79.854502160000038, 6.886578977000056 ], [ 79.854493491000085, 6.886616756000024 ], [ 79.854483090000031, 6.88666194800004 ], [ 79.854473792000078, 6.886698007000064 ], [ 79.854464054000061, 6.886727103000055 ], [ 79.854452486000071, 6.886767228000053 ], [ 79.854445550000037, 6.886798681000073 ], [ 79.854436247000081, 6.88683700200005 ], [ 79.854429951000043, 6.886864478000064 ], [ 79.854421830000035, 6.886899907000043 ], [ 79.854416055000058, 6.886938867000026 ], [ 79.854409107000038, 6.886975475000042 ], [ 79.85440324700005, 6.887012083000059 ], [ 79.854394041000035, 6.88704696800005 ], [ 79.854386456000043, 6.887085202000037 ], [ 79.854380325000079, 6.887121991000072 ], [ 79.854369398000074, 6.88715804800006 ], [ 79.854358472000058, 6.887192929000037 ], [ 79.854352077000044, 6.887224926000044 ], [ 79.854346215000078, 6.88726280000003 ], [ 79.854339914000036, 6.887292536000075 ], [ 79.854330620000042, 6.887326336000058 ], [ 79.854319692000047, 6.887362936000045 ], [ 79.854310484000052, 6.887398363000045 ], [ 79.854307768000069, 6.887412135000034 ], [ 79.854307342000084, 6.887414293000063 ], [ 79.854302354000083, 6.887439579000045 ], [ 79.854297668000072, 6.887475829000039 ], [ 79.854286562000084, 6.887511071000063 ], [ 79.854274545000067, 6.887549658000069 ], [ 79.854264977000071, 6.887584362000041 ], [ 79.854256228000054, 6.88761770900004 ], [ 79.854243681000071, 6.887648971000033 ], [ 79.854226961000052, 6.887686734000056 ], [ 79.854212612000083, 6.887714104000054 ], [ 79.854203435000045, 6.887734159000047 ], [ 79.85419823400008, 6.88775756900003 ], [ 79.85419591200008, 6.887788489000059 ], [ 79.854196931000047, 6.88782285000002 ], [ 79.854194588000041, 6.887864620000073 ], [ 79.854189184000063, 6.887898337000024 ], [ 79.854180704000044, 6.887932318000026 ], [ 79.854170508000038, 6.887964941000064 ], [ 79.85416112200005, 6.887999734000061 ], [ 79.854153450000069, 6.888036973000055 ], [ 79.854145058000086, 6.888072220000026 ], [ 79.854135040000074, 6.888106381000057 ], [ 79.854125615000044, 6.888145817000066 ], [ 79.854116444000056, 6.888184190000061 ], [ 79.854107910000039, 6.88821989500002 ], [ 79.854100090000031, 6.88825262000006 ], [ 79.854092269000034, 6.888285345000043 ], [ 79.854082768000069, 6.888325102000067 ], [ 79.854074210000078, 6.888360913000042 ], [ 79.854067411000074, 6.888389362000055 ], [ 79.854066260000081, 6.88839417500003 ], [ 79.854057680000039, 6.888430078000056 ], [ 79.854049158000066, 6.888465738000036 ], [ 79.85403278800004, 6.888534235000066 ], [ 79.854028200000073, 6.888567049000073 ], [ 79.854022888000031, 6.888600495000048 ], [ 79.854017749000036, 6.888638461000028 ], [ 79.854012519000037, 6.888675343000045 ], [ 79.854005402000041, 6.88870670600005 ], [ 79.854000178000035, 6.888741055000025 ], [ 79.853994314000033, 6.888778839000054 ], [ 79.853986368000051, 6.888817344000074 ], [ 79.853978884000071, 6.888851780000039 ], [ 79.853973753000048, 6.88888477200004 ], [ 79.853970158000038, 6.888918492000073 ], [ 79.853967189000059, 6.88895691700003 ], [ 79.853960689000075, 6.888996870000028 ], [ 79.853957104000074, 6.889025978000063 ], [ 79.853952520000064, 6.88905617100005 ], [ 79.853946836000034, 6.889095221000048 ], [ 79.853940796000074, 6.889131015000032 ], [ 79.85393575300003, 6.889165366000043 ], [ 79.853931165000063, 6.889198812000075 ], [ 79.853926479000052, 6.889235244000076 ], [ 79.853920525000035, 6.889272937000044 ], [ 79.853913491000071, 6.889307644000041 ], [ 79.853905373000032, 6.889341900000034 ], [ 79.853898274000073, 6.889366877000043 ], [ 79.853897400000051, 6.889369957000042 ], [ 79.853895716000068, 6.889375879000056 ], [ 79.853885869000067, 6.889415103000033 ], [ 79.853876297000056, 6.889452247000065 ], [ 79.853867455000056, 6.88948676900003 ], [ 79.853858615000036, 6.889519757000073 ], [ 79.85385139300007, 6.889557177000029 ], [ 79.853845440000043, 6.889594871000043 ], [ 79.853840036000065, 6.889629310000032 ], [ 79.853834727000049, 6.88966085800007 ], [ 79.853829960000041, 6.889693309000052 ], [ 79.853825726000082, 6.889730645000043 ], [ 79.85382013800006, 6.889765265000051 ], [ 79.853812656000059, 6.889798707000068 ], [ 79.853804538000077, 6.88983214700005 ], [ 79.853796501000033, 6.889870469000073 ], [ 79.853788468000062, 6.88990770700002 ], [ 79.853780619000077, 6.889942505000022 ], [ 79.853772502000083, 6.889976577000027 ], [ 79.853763565000065, 6.890012637000041 ], [ 79.853754805000051, 6.890050688000031 ], [ 79.853745780000054, 6.890085844000055 ], [ 79.853737031000037, 6.890118379000057 ], [ 79.853728643000068, 6.890151909000053 ], [ 79.853721783000083, 6.890189691000046 ], [ 79.853715109000063, 6.890225304000069 ], [ 79.853706628000054, 6.89026018900006 ], [ 79.853696429000081, 6.890293988000053 ], [ 79.853686225000047, 6.89033058900003 ], [ 79.853676019000034, 6.890368003000049 ], [ 79.853666545000067, 6.890401802000042 ], [ 79.853658430000053, 6.890433524000059 ], [ 79.853650859000084, 6.890465066000047 ], [ 79.853643644000044, 6.890500406000058 ], [ 79.853635255000029, 6.890533575000063 ], [ 79.853626510000083, 6.890564753000035 ], [ 79.853617401000065, 6.89059584000006 ], [ 79.853608832000077, 6.890629370000056 ], [ 79.853600979000078, 6.890666699000064 ], [ 79.85359376200006, 6.890702581000028 ], [ 79.853586818000053, 6.890737110000032 ], [ 79.853579516000082, 6.890769918000046 ], [ 79.853572026000052, 6.890806976000022 ], [ 79.853568220000056, 6.890822808000053 ], [ 79.853566601000068, 6.890829542000063 ], [ 79.853563726000061, 6.890841501000068 ], [ 79.853555973000084, 6.890873043000056 ], [ 79.853548403000048, 6.890904766000062 ], [ 79.853539653000041, 6.890938113000061 ], [ 79.853530804000059, 6.890975079000043 ], [ 79.85352404300005, 6.891009154000074 ], [ 79.853518192000081, 6.891040972000042 ], [ 79.853506970000069, 6.891088420000074 ], [ 79.853499751000072, 6.891126020000058 ], [ 79.853493983000078, 6.89116109400004 ], [ 79.853487856000072, 6.891194176000056 ], [ 79.853480555000033, 6.891226622000033 ], [ 79.85347306500006, 6.891263499000047 ], [ 79.853465118000031, 6.891302366000048 ], [ 79.853462844000035, 6.891311821000045 ], [ 79.853462552000053, 6.891313032000028 ], [ 79.853456270000038, 6.891339149000032 ], [ 79.853446158000054, 6.891375027000038 ], [ 79.853440965000061, 6.891393100000073 ], [ 79.853435317000049, 6.891412803000037 ], [ 79.853423570000075, 6.891451932000052 ], [ 79.853411921000031, 6.891487354000049 ], [ 79.853400817000079, 6.891521692000026 ], [ 79.853390435000051, 6.891556485000024 ], [ 79.853381038000066, 6.891596432000028 ], [ 79.853372644000046, 6.891632041000037 ], [ 79.853363535000085, 6.89166421300007 ], [ 79.853352340000072, 6.891698100000042 ], [ 79.85333969900006, 6.891731803000027 ], [ 79.853331205000075, 6.891773560000047 ], [ 79.853321090000065, 6.891810432000057 ], [ 79.853310971000042, 6.891842748000045 ], [ 79.853310625000063, 6.89184386900007 ], [ 79.853310535000048, 6.891844190000029 ], [ 79.853301415000033, 6.891879025000037 ], [ 79.85329401000007, 6.891917801000034 ], [ 79.853286344000082, 6.891952416000038 ], [ 79.85327759200004, 6.891985674000068 ], [ 79.853267667000068, 6.892018929000074 ], [ 79.853257912000061, 6.892056798000056 ], [ 79.853247620000047, 6.892092132000073 ], [ 79.853236969000079, 6.892125296000074 ], [ 79.853226322000069, 6.892157465000025 ], [ 79.853216662000079, 6.892192802000068 ], [ 79.853206455000077, 6.892230396000059 ], [ 79.85319725100004, 6.89226437700006 ], [ 79.853188594000073, 6.892297002000021 ], [ 79.853179392000072, 6.892329535000044 ], [ 79.853169187000049, 6.892366679000077 ], [ 79.853159258000062, 6.892401290000066 ], [ 79.853149787000063, 6.892432920000033 ], [ 79.85314022600005, 6.892464097000072 ], [ 79.853129849000084, 6.892496175000076 ], [ 79.853118469000037, 6.892532593000055 ], [ 79.85310645800007, 6.892567563000057 ], [ 79.853094543000054, 6.892600363000042 ], [ 79.853082535000055, 6.892633613000044 ], [ 79.853075193000052, 6.892654385000071 ], [ 79.853075005000051, 6.892654917000073 ], [ 79.853069344000062, 6.892670933000034 ], [ 79.853054884000073, 6.892709153000055 ], [ 79.853039526000032, 6.892743393000046 ], [ 79.853023354000072, 6.892777720000026 ], [ 79.853009532000044, 6.892814134000048 ], [ 79.85299751000008, 6.892854438000029 ], [ 79.852986312000041, 6.892890855000076 ], [ 79.85298382700006, 6.892898812000055 ], [ 79.852975842000035, 6.892924382000047 ], [ 79.852964922000069, 6.892956189000074 ], [ 79.852952368000047, 6.892991881000057 ], [ 79.852946365000037, 6.893008111000029 ], [ 79.853077600000063, 6.893059187000063 ], [ 79.853196766000053, 6.893105566000031 ], [ 79.853299793000076, 6.893145662000052 ], [ 79.853308086000084, 6.893110423000053 ], [ 79.853425733000051, 6.893187200000057 ], [ 79.853501815000072, 6.893223545000069 ], [ 79.853564849000065, 6.89325365600007 ], [ 79.853635599000029, 6.89327453900006 ], [ 79.854115909000029, 6.893416304000027 ], [ 79.854208869000047, 6.893445573000065 ], [ 79.854429135000032, 6.893514924000044 ], [ 79.854616491000058, 6.893574330000035 ], [ 79.854670901000077, 6.893590854000024 ], [ 79.85503228500005, 6.893700599000056 ], [ 79.855072866000057, 6.893712923000066 ], [ 79.855387255000039, 6.893818236000072 ], [ 79.855385444000035, 6.893823886000064 ], [ 79.855362298000045, 6.893896056000074 ], [ 79.85535892200005, 6.893906580000021 ], [ 79.855310977000045, 6.894056077000073 ], [ 79.855277662000049, 6.894158018000041 ], [ 79.855184918000077, 6.894441839000024 ], [ 79.855148812000039, 6.894584997000038 ], [ 79.854997162000075, 6.895038036000074 ], [ 79.854980001000058, 6.89508930900007 ], [ 79.854888062000043, 6.895375857000033 ], [ 79.854863576000071, 6.895452394000074 ], [ 79.854861756000048, 6.895457546000046 ], [ 79.854820718000042, 6.895577907000074 ], [ 79.854744005000043, 6.895804985000041 ], [ 79.854726458000073, 6.895857043000035 ], [ 79.854620154000031, 6.896172397000043 ], [ 79.854596043000072, 6.896241703000044 ], [ 79.854627294000068, 6.89624867200007 ], [ 79.854722026000047, 6.896269797000059 ], [ 79.854813997000065, 6.896293484000068 ], [ 79.855251672000065, 6.89641892800006 ], [ 79.855498620000049, 6.896495720000075 ], [ 79.855752963000043, 6.896586540000044 ], [ 79.856000713000071, 6.896669393000025 ], [ 79.856249011000045, 6.896751249000033 ], [ 79.856351781000058, 6.896785704000024 ], [ 79.856434282000066, 6.896813364000025 ], [ 79.856506756000044, 6.896831035000048 ], [ 79.85652222300007, 6.896835560000056 ], [ 79.856537593000041, 6.896840592000046 ], [ 79.856538193000063, 6.896838701000036 ], [ 79.856540855000048, 6.89683053400006 ], [ 79.856794443000069, 6.896924682000076 ], [ 79.856986034000045, 6.896995813000046 ], [ 79.857368062000035, 6.89712322500003 ], [ 79.857706693000068, 6.897233289000042 ], [ 79.858017186000041, 6.897343295000042 ], [ 79.858346178000033, 6.897455620000073 ], [ 79.858544658000085, 6.89752468000006 ], [ 79.858498416000032, 6.897696274000054 ], [ 79.858484847000057, 6.897780460000035 ], [ 79.858570963000034, 6.89781507500004 ], [ 79.858812123000064, 6.897892096000021 ], [ 79.858971550000035, 6.897955575000026 ], [ 79.858972275000042, 6.897958004000031 ], [ 79.859106030000078, 6.897996085000045 ], [ 79.859219688000053, 6.89802927900007 ], [ 79.859365370000035, 6.898071063000032 ], [ 79.859554290000062, 6.898118353000029 ], [ 79.859678836000057, 6.898141650000071 ], [ 79.859799595000084, 6.898157525000045 ], [ 79.859817366000073, 6.898158292000062 ], [ 79.859957377000057, 6.898164339000061 ], [ 79.859973947000071, 6.898164224000027 ], [ 79.860190942000031, 6.89816273100007 ], [ 79.860191435000047, 6.898163614000055 ], [ 79.860279293000076, 6.898156817000029 ], [ 79.860140091000062, 6.897905872000024 ], [ 79.859940515000062, 6.897594523000066 ], [ 79.859900239000069, 6.897531690000051 ], [ 79.859802092000052, 6.897250663000023 ], [ 79.85977305800003, 6.897128677000069 ], [ 79.859800721000056, 6.897028990000024 ], [ 79.859810677000041, 6.897028757000044 ], [ 79.859832204000043, 6.89703836800004 ], [ 79.859852118000049, 6.897047663000023 ], [ 79.859875315000068, 6.897065711000039 ], [ 79.85988461900007, 6.897075928000049 ] ] ] ] } },
{ "type": "Feature", "properties": { "Shape_Leng": 0.06357281201, "Shape_Area": 9.869173e-05, "ADM4_EN": "Havelock Town", "ADM4_SI": "හැව්ලොක් ටවුම", "ADM4_TA": null, "ADM4_PCODE": "LK1127070", "ADM4_REF": null, "ADM3_EN": "Thimbirigasyaya", "ADM3_SI": "තිඹිරිගස්යාය", "ADM3_TA": "திம்பிரிகஸ்யாய", "ADM3_PCODE": "LK1127", "ADM2_EN": "Colombo", "ADM2_SI": "කොළඹ දිස්ත්‍රික්ක", "ADM2_TA": "கொழும்பு மாவட்டம்", "ADM2_PCODE": "LK11", "ADM1_EN": "Western", "ADM1_SI": "බස්නාහිර පළාත", "ADM1_TA": "மேல் மாகாணம் ", "ADM1_PCODE": "LK1", "ADM0_EN": "Sri Lanka", "ADM0_SI": "ශ්‍රී ලංකා", "ADM0_TA": "இலங்கை", "ADM0_PCODE": "LK", "date": "2022-08-02", "validOn": "2022-08-16", "validTo": null, "length_sum": 44457.0, "damage_sco": 4 }, "geometry": { "type": "MultiPolygon", "coordinates": [ [ [ [ 79.868411129000037, 6.891336594000052 ], [ 79.86844175400006, 6.891251766000039 ], [ 79.868451349000054, 6.891213722000032 ], [ 79.868457434000049, 6.891189587000042 ], [ 79.868492661000062, 6.891078345000039 ], [ 79.868504599000062, 6.891037528000027 ], [ 79.868512826000085, 6.891009395000026 ], [ 79.868528817000083, 6.890954718000046 ], [ 79.868530939000038, 6.890885550000064 ], [ 79.868524642000068, 6.890819350000072 ], [ 79.868527120000067, 6.890800728000045 ], [ 79.868528125000068, 6.890796623000028 ], [ 79.868532408000078, 6.890779128000077 ], [ 79.868551943000057, 6.890736305000075 ], [ 79.868555315000037, 6.890730619000067 ], [ 79.86857272900005, 6.890701261000061 ], [ 79.868592642000067, 6.890672116000076 ], [ 79.868606663000037, 6.890651594000076 ], [ 79.86864620700004, 6.890600128000074 ], [ 79.868656179000084, 6.890587984000035 ], [ 79.868672598000046, 6.890567989000033 ], [ 79.868684057000053, 6.890536997000027 ], [ 79.868688740000039, 6.890500295000038 ], [ 79.868688751000036, 6.890494377000039 ], [ 79.868688762000033, 6.890488636000043 ], [ 79.868621497000049, 6.890488507000043 ], [ 79.868545396000059, 6.89047544500005 ], [ 79.868470731000059, 6.890462383000056 ], [ 79.868463836000046, 6.890246626000021 ], [ 79.868314018000035, 6.890238715000066 ], [ 79.868158665000067, 6.890106839000055 ], [ 79.868162440000049, 6.890061181000021 ], [ 79.868147976000046, 6.890061177000064 ], [ 79.868029016000037, 6.890052179000065 ], [ 79.867838879000033, 6.890027314000065 ], [ 79.867681037000068, 6.890004771000065 ], [ 79.867519853000033, 6.889979870000047 ], [ 79.867415368000081, 6.889970897000069 ], [ 79.867341367000051, 6.889966418000029 ], [ 79.867280926000035, 6.889971604000038 ], [ 79.867278474000045, 6.889971814000035 ], [ 79.867265351000071, 6.889972964000037 ], [ 79.867273749000049, 6.889535236000029 ], [ 79.867539824000062, 6.889540657000055 ], [ 79.867858174000048, 6.889560402000029 ], [ 79.867958625000085, 6.889334002000055 ], [ 79.867961292000075, 6.889333850000071 ], [ 79.868043059000058, 6.889268881000021 ], [ 79.868170003000046, 6.889233236000052 ], [ 79.868314441000052, 6.889236132000065 ], [ 79.86833819900005, 6.889241194000022 ], [ 79.868332438000039, 6.888991052000051 ], [ 79.86833546400004, 6.888949847000049 ], [ 79.86832808500003, 6.888814618000026 ], [ 79.868310528000052, 6.888321602000076 ], [ 79.868309503000035, 6.888211194000064 ], [ 79.868392177000032, 6.888206290000028 ], [ 79.868887653000058, 6.888195231000054 ], [ 79.868922307000048, 6.888194457000054 ], [ 79.868922622000071, 6.88819445200005 ], [ 79.868923303000031, 6.888194442000042 ], [ 79.869220837000057, 6.88819012600004 ], [ 79.869236453000042, 6.888189899000054 ], [ 79.869670309000071, 6.888182404000077 ], [ 79.869670553000049, 6.88818241000007 ], [ 79.869670314000075, 6.888177884000072 ], [ 79.869669532000046, 6.888163057000042 ], [ 79.869660709000073, 6.887995846000024 ], [ 79.869654790000084, 6.887729635000028 ], [ 79.869651229000056, 6.887414058000047 ], [ 79.86964946300003, 6.887342802000035 ], [ 79.869646788000068, 6.887227421000034 ], [ 79.869643135000047, 6.887101728000061 ], [ 79.869635889000051, 6.887011294000047 ], [ 79.869609238000066, 6.886609140000076 ], [ 79.869632827000032, 6.886610313000062 ], [ 79.869662162000054, 6.886611772000037 ], [ 79.869751208000082, 6.886603261000062 ], [ 79.86997133300008, 6.886559280000029 ], [ 79.870268223000039, 6.886492842000052 ], [ 79.870480758000042, 6.886443151000037 ], [ 79.87055080600004, 6.886433700000055 ], [ 79.870778238000071, 6.88640022200002 ], [ 79.870942202000037, 6.886390225000071 ], [ 79.870974685000078, 6.886389472000076 ], [ 79.870980128000042, 6.88634361000004 ], [ 79.871001808000074, 6.886160939000035 ], [ 79.871033430000068, 6.885946248000039 ], [ 79.87107386100007, 6.885666833000073 ], [ 79.871090397000046, 6.885534760000041 ], [ 79.87109061700005, 6.88550148500002 ], [ 79.871123587000056, 6.885290734000023 ], [ 79.87111877600006, 6.885288354000068 ], [ 79.870702938000079, 6.885082640000064 ], [ 79.870116883000037, 6.884848271000067 ], [ 79.869644504000064, 6.884632060000058 ], [ 79.869052443000044, 6.884409641000047 ], [ 79.868568073000063, 6.88420536700005 ], [ 79.868018099000039, 6.883881349000035 ], [ 79.867515844000081, 6.883641155000021 ], [ 79.866612915000076, 6.883244692000062 ], [ 79.86591922100007, 6.882968246000075 ], [ 79.865434832000062, 6.882775932000072 ], [ 79.864992392000033, 6.882553793000056 ], [ 79.864561898000034, 6.882343638000066 ], [ 79.864352778000068, 6.882163810000065 ], [ 79.864000406000059, 6.881786335000072 ], [ 79.86348055600007, 6.881360693000033 ], [ 79.86305033900004, 6.881006994000074 ], [ 79.862165705000052, 6.880437111000049 ], [ 79.861483931000066, 6.880190587000072 ], [ 79.860933623000051, 6.880045992000021 ], [ 79.860144105000074, 6.879811222000058 ], [ 79.859623733000035, 6.879660700000045 ], [ 79.859240962000058, 6.87953436600003 ], [ 79.858523123000055, 6.879371504000062 ], [ 79.85735508700003, 6.878967622000062 ], [ 79.856315445000064, 6.878712237000059 ], [ 79.855968233000056, 6.878635520000046 ], [ 79.855898926000066, 6.87862020700004 ], [ 79.855845129000045, 6.878821106000032 ], [ 79.855836774000068, 6.878833824000026 ], [ 79.855833314000051, 6.878849204000062 ], [ 79.85583852600007, 6.878866846000051 ], [ 79.855850805000046, 6.878880342000059 ], [ 79.855970004000085, 6.878952728000058 ], [ 79.856012083000053, 6.878995036000049 ], [ 79.856040095000083, 6.879060735000053 ], [ 79.856039932000044, 6.879145097000048 ], [ 79.856021060000046, 6.879220110000063 ], [ 79.856016238000052, 6.879281045000027 ], [ 79.856006793000063, 6.879346672000054 ], [ 79.855987857000059, 6.879407580000077 ], [ 79.855945568000038, 6.879473144000031 ], [ 79.855945441000074, 6.879538789000037 ], [ 79.85595002000008, 6.879604443000062 ], [ 79.855973344000063, 6.879660820000026 ], [ 79.855977922000079, 6.879726475000041 ], [ 79.855949631000044, 6.879806080000037 ], [ 79.855940077000071, 6.879881111000032 ], [ 79.855921232000071, 6.879942018000065 ], [ 79.855902404000062, 6.879993612000021 ], [ 79.855859980000048, 6.880129434000025 ], [ 79.855822207000074, 6.88029347500003 ], [ 79.85580327100007, 6.880401310000025 ], [ 79.855788922000045, 6.88052317100005 ], [ 79.85577470000004, 6.88062631400004 ], [ 79.855765127000041, 6.88071074800007 ], [ 79.855755637000073, 6.88079979400004 ], [ 79.855746003000036, 6.880916961000025 ], [ 79.855736475000072, 6.881024815000046 ], [ 79.855698638000035, 6.881174841000075 ], [ 79.855693707000057, 6.881292017000021 ], [ 79.855613755000036, 6.881465381000055 ], [ 79.85556659100007, 6.881620089000023 ], [ 79.855547744000035, 6.881680998000036 ], [ 79.855519471000036, 6.881751290000068 ], [ 79.855505294000068, 6.881830925000031 ], [ 79.855490972000041, 6.881938769000044 ], [ 79.855476777000035, 6.882027805000064 ], [ 79.85544378000003, 6.882107493000035 ], [ 79.855429657000059, 6.882159006000052 ], [ 79.855401411000059, 6.882215103000021 ], [ 79.855373174000079, 6.882266769000069 ], [ 79.855359254000064, 6.882306528000072 ], [ 79.855352603000085, 6.882330386000035 ], [ 79.855355088000067, 6.88235471400003 ], [ 79.855359381000085, 6.882427872000051 ], [ 79.855350997000073, 6.882459414000039 ], [ 79.85534288100007, 6.882492311000021 ], [ 79.855334764000077, 6.882526385000062 ], [ 79.855326824000031, 6.882561271000043 ], [ 79.855319880000081, 6.882596974000023 ], [ 79.855314113000077, 6.88263177500005 ], [ 79.855302410000036, 6.882694776000051 ], [ 79.85528710400007, 6.882749180000076 ], [ 79.85527053800007, 6.882801501000074 ], [ 79.85525939200005, 6.88285772200004 ], [ 79.855253121000032, 6.882918743000062 ], [ 79.855250743000056, 6.882978687000048 ], [ 79.855243219000045, 6.88303337800005 ], [ 79.85522783600004, 6.883081091000065 ], [ 79.855212102000053, 6.883123739000041 ], [ 79.855200168000067, 6.883165942000062 ], [ 79.855191482000066, 6.883212944000036 ], [ 79.85518866600006, 6.883265292000033 ], [ 79.85518197600004, 6.883309677000057 ], [ 79.855166412000074, 6.883357841000077 ], [ 79.85514812100007, 6.88341242000007 ], [ 79.855125739000073, 6.883477117000041 ], [ 79.855115492000039, 6.883535781000035 ], [ 79.855095203000076, 6.883594335000055 ], [ 79.85507689700006, 6.883657052000046 ], [ 79.855058563000057, 6.883733875000075 ], [ 79.85504633000005, 6.883790455000053 ], [ 79.855027096000072, 6.883864381000024 ], [ 79.855012664000071, 6.883888586000069 ], [ 79.855008435000059, 6.883923210000034 ], [ 79.855011691000072, 6.883971139000039 ], [ 79.855016301000035, 6.88401447800004 ], [ 79.855017734000057, 6.884027935000063 ], [ 79.855015588000072, 6.884038313000076 ], [ 79.855136880000032, 6.884071552000023 ], [ 79.855177541000046, 6.884082694000028 ], [ 79.855280744000083, 6.884110975000056 ], [ 79.855387481000037, 6.884140224000021 ], [ 79.85561862600008, 6.884214426000028 ], [ 79.856542578000074, 6.884521133000021 ], [ 79.857053753000059, 6.884670584000048 ], [ 79.857215603000043, 6.884720328000071 ], [ 79.857493392000038, 6.884805707000055 ], [ 79.857978616000082, 6.884970059000068 ], [ 79.85805289700005, 6.884995220000064 ], [ 79.858123794000051, 6.885019233000037 ], [ 79.858130704000075, 6.884996182000066 ], [ 79.858136865000063, 6.884976111000071 ], [ 79.858152646000065, 6.884924700000056 ], [ 79.858246459000043, 6.884600993000049 ], [ 79.858248005000064, 6.884596927000075 ], [ 79.858367051000073, 6.884184926000046 ], [ 79.858417805000045, 6.884194710000031 ], [ 79.85850208200003, 6.884210955000071 ], [ 79.859338433000062, 6.884407057000033 ], [ 79.859691672000054, 6.884491191000052 ], [ 79.859839462000082, 6.884526335000032 ], [ 79.859991827000044, 6.884562568000035 ], [ 79.860365606000073, 6.884646017000023 ], [ 79.860500273000071, 6.884673402000033 ], [ 79.860605385000042, 6.884684997000022 ], [ 79.860614615000031, 6.884686652000028 ], [ 79.86076818500004, 6.884714202000055 ], [ 79.860927371000059, 6.884742759000062 ], [ 79.861655811000048, 6.884879242000068 ], [ 79.861936093000054, 6.884933669000077 ], [ 79.861910113000079, 6.884987872000067 ], [ 79.861837263000041, 6.885187962000032 ], [ 79.861759310000082, 6.885402073000023 ], [ 79.861654196000075, 6.885721691000072 ], [ 79.861598643000036, 6.885890582000059 ], [ 79.861527606000038, 6.886106552000058 ], [ 79.861374423000029, 6.886628440000038 ], [ 79.861263463000057, 6.88697680000007 ], [ 79.861181409000039, 6.887208753000039 ], [ 79.861129864000077, 6.887194459000057 ], [ 79.861044369000069, 6.887521709000055 ], [ 79.860990394000055, 6.887783918000025 ], [ 79.860947192000083, 6.888010996000048 ], [ 79.860886047000065, 6.888160438000057 ], [ 79.860747905000039, 6.888349628000071 ], [ 79.860655229000031, 6.888466195000035 ], [ 79.86065245900005, 6.888473573000056 ], [ 79.860592083000085, 6.888692331000072 ], [ 79.860507981000069, 6.889108622000037 ], [ 79.860495613000069, 6.889148199000033 ], [ 79.860640409000041, 6.889192257000047 ], [ 79.860644960000059, 6.889193642000066 ], [ 79.86074542800003, 6.88922240900007 ], [ 79.860954217000085, 6.889270726000063 ], [ 79.861104734000037, 6.889305560000025 ], [ 79.861443938000036, 6.889398530000051 ], [ 79.861647041000083, 6.889456607000056 ], [ 79.861659599000063, 6.889460197000062 ], [ 79.86164694200005, 6.889507242000036 ], [ 79.861615139000037, 6.889625362000061 ], [ 79.861538905000032, 6.889935811000043 ], [ 79.861484096000083, 6.890100586000074 ], [ 79.861436800000035, 6.890242776000036 ], [ 79.861370596000029, 6.890465446000064 ], [ 79.861284210000065, 6.890737901000023 ], [ 79.861197127000082, 6.891043898000021 ], [ 79.861129122000079, 6.891308158000072 ], [ 79.86109536500004, 6.891407828000069 ], [ 79.861056055000063, 6.891524034000042 ], [ 79.861096816000043, 6.891537738000068 ], [ 79.861126426000055, 6.891547694000053 ], [ 79.861185495000029, 6.891567555000051 ], [ 79.861211848000039, 6.891576415000031 ], [ 79.861381749000032, 6.891626410000072 ], [ 79.861493619000044, 6.89165932800006 ], [ 79.861437104000061, 6.891877226000076 ], [ 79.86136954300008, 6.892193388000067 ], [ 79.861345075000031, 6.892307905000052 ], [ 79.861293624000041, 6.89252761900002 ], [ 79.861255400000061, 6.892691028000058 ], [ 79.861165080000035, 6.893080479000048 ], [ 79.861115214000051, 6.893340972000033 ], [ 79.861111614000038, 6.893359776000068 ], [ 79.86133436800003, 6.893408940000029 ], [ 79.861622048000072, 6.893477850000068 ], [ 79.861639321000041, 6.893481500000064 ], [ 79.861895814000036, 6.893535429000053 ], [ 79.86189694400008, 6.893528402000072 ], [ 79.861901492000072, 6.893500086000074 ], [ 79.861935860000074, 6.893318677000025 ], [ 79.861981541000034, 6.893135571000073 ], [ 79.862030243000049, 6.892980955000041 ], [ 79.862094307000064, 6.892789567000023 ], [ 79.86216071900003, 6.892600352000045 ], [ 79.862209279000069, 6.892472047000069 ], [ 79.862305999000057, 6.892284066000059 ], [ 79.862416841000083, 6.892091863000076 ], [ 79.862499425000067, 6.891962084000056 ], [ 79.862601405000078, 6.891814623000073 ], [ 79.86270694600006, 6.891696736000029 ], [ 79.862821719000067, 6.891578864000053 ], [ 79.862975986000038, 6.89143548100003 ], [ 79.863002361000042, 6.891411479000055 ], [ 79.863201126000035, 6.891230926000048 ], [ 79.863336696000033, 6.891109516000029 ], [ 79.863346396000054, 6.891099771000029 ], [ 79.863371552000046, 6.891074498000023 ], [ 79.863435122000055, 6.891010631000029 ], [ 79.863447345000054, 6.890994728000067 ], [ 79.863483670000051, 6.890956496000058 ], [ 79.863567011000043, 6.890857013000073 ], [ 79.863620854000033, 6.890757923000024 ], [ 79.863639586000033, 6.890708046000043 ], [ 79.86365550000005, 6.890665851000051 ], [ 79.86370437000005, 6.890518014000065 ], [ 79.863740288000031, 6.89037666400003 ], [ 79.863760719000084, 6.89029143700003 ], [ 79.863792235000062, 6.890150107000068 ], [ 79.863843492000058, 6.889920236000023 ], [ 79.863916844000073, 6.889602818000071 ], [ 79.863938637000047, 6.889513523000062 ], [ 79.863942811000072, 6.889495387000068 ], [ 79.863955688000033, 6.889439425000035 ], [ 79.863974327000051, 6.889358428000037 ], [ 79.863992193000058, 6.889280791000033 ], [ 79.864073963000067, 6.888913475000038 ], [ 79.864091390000056, 6.888834904000021 ], [ 79.864095958000064, 6.888814306000029 ], [ 79.864318292000064, 6.888842510000075 ], [ 79.864534800000058, 6.88884538700006 ], [ 79.864558552000062, 6.888851652000028 ], [ 79.864687226000058, 6.888891972000067 ], [ 79.864692904000037, 6.888924658000064 ], [ 79.864718095000057, 6.88893968900004 ], [ 79.864788077000071, 6.888957378000043 ], [ 79.864839156000073, 6.889018098000065 ], [ 79.864909995000062, 6.889253337000071 ], [ 79.864950529000055, 6.889362248000054 ], [ 79.865032936000034, 6.889433838000059 ], [ 79.865067377000059, 6.889450172000068 ], [ 79.865080166000041, 6.889459288000069 ], [ 79.865101697000057, 6.889467104000062 ], [ 79.86516630400007, 6.88948158200003 ], [ 79.865354707000051, 6.889494612000021 ], [ 79.865438282000071, 6.889533434000043 ], [ 79.865586416000042, 6.889555810000047 ], [ 79.865799222000078, 6.88959469100007 ], [ 79.865919794000035, 6.889613590000067 ], [ 79.865971478000063, 6.889627528000062 ], [ 79.865954700000032, 6.88968329100004 ], [ 79.865886617000058, 6.889990775000058 ], [ 79.865824455000052, 6.890324398000075 ], [ 79.865805932000058, 6.890453938000064 ], [ 79.86577883700005, 6.890618 ], [ 79.865694543000075, 6.890695963000042 ], [ 79.865799104000075, 6.890759728000035 ], [ 79.86586815000004, 6.890802177000069 ], [ 79.865907761000074, 6.890826394000044 ], [ 79.866042478000054, 6.890908754000066 ], [ 79.866175779000059, 6.890989392000051 ], [ 79.866301778000036, 6.891058728000075 ], [ 79.866313793000074, 6.891065339000022 ], [ 79.866465467000069, 6.891143570000054 ], [ 79.866610008000066, 6.89121356000004 ], [ 79.866751366000074, 6.891274630000055 ], [ 79.866768938000064, 6.89128222100004 ], [ 79.866905571000075, 6.891323622000073 ], [ 79.867057058000057, 6.891356733000066 ], [ 79.867057640000041, 6.891356762000044 ], [ 79.867149790000042, 6.891361431000064 ], [ 79.86723220600004, 6.891366291000054 ], [ 79.867508269000041, 6.891358407000041 ], [ 79.867660096000066, 6.891355440000041 ], [ 79.867969005000077, 6.891347619000044 ], [ 79.868223715000056, 6.891340146000061 ], [ 79.868403443000034, 6.891337534000058 ], [ 79.868404425000051, 6.891333846000066 ], [ 79.868411129000037, 6.891336594000052 ] ] ] ] } },
{ "type": "Feature", "properties": { "Shape_Leng": 0.06843422686, "Shape_Area": 0.00014940051, "ADM4_EN": "Kirula", "ADM4_SI": "කිරුළ", "ADM4_TA": null, "ADM4_PCODE": "LK1127075", "ADM4_REF": null, "ADM3_EN": "Thimbirigasyaya", "ADM3_SI": "තිඹිරිගස්යාය", "ADM3_TA": "திம்பிரிகஸ்யாய", "ADM3_PCODE": "LK1127", "ADM2_EN": "Colombo", "ADM2_SI": "කොළඹ දිස්ත්‍රික්ක", "ADM2_TA": "கொழும்பு மாவட்டம்", "ADM2_PCODE": "LK11", "ADM1_EN": "Western", "ADM1_SI": "බස්නාහිර පළාත", "ADM1_TA": "மேல் மாகாணம் ", "ADM1_PCODE": "LK1", "ADM0_EN": "Sri Lanka", "ADM0_SI": "ශ්‍රී ලංකා", "ADM0_TA": "இலங்கை", "ADM0_PCODE": "LK", "date": "2022-08-02", "validOn": "2022-08-16", "validTo": null, "length_sum": 57294.0, "damage_sco": 5 }, "geometry": { "type": "MultiPolygon", "coordinates": [ [ [ [ 79.884134371000073, 6.894551733000071 ], [ 79.884134844000073, 6.894549434000055 ], [ 79.884138569000072, 6.894532334000075 ], [ 79.884142221000047, 6.894516899000052 ], [ 79.884209007000038, 6.89423464500004 ], [ 79.884255040000085, 6.894103869000048 ], [ 79.884351017000085, 6.893839649000029 ], [ 79.884357827000031, 6.893822846000035 ], [ 79.884458042000063, 6.893585226000027 ], [ 79.884460945000058, 6.89357323400003 ], [ 79.884545960000082, 6.893282056000032 ], [ 79.884712982000053, 6.892898836000029 ], [ 79.884737186000052, 6.892676364000067 ], [ 79.884731853000062, 6.892422380000028 ], [ 79.884731155000054, 6.89240581200005 ], [ 79.884706195000035, 6.892193984000073 ], [ 79.884700199000065, 6.892177949000029 ], [ 79.884635380000077, 6.892009284000039 ], [ 79.884431224000082, 6.891617561000032 ], [ 79.884283440000047, 6.891261170000064 ], [ 79.884143643000073, 6.89080612500004 ], [ 79.883959688000061, 6.890194397000073 ], [ 79.883971125000073, 6.889806075000024 ], [ 79.883912162000058, 6.889521663000039 ], [ 79.88383960200008, 6.889050691000023 ], [ 79.883783262000065, 6.888846418000071 ], [ 79.883464986000035, 6.888656439000044 ], [ 79.883178147000081, 6.88849897800003 ], [ 79.882906049000042, 6.888311422000072 ], [ 79.882646399000066, 6.88808823200003 ], [ 79.882619049000084, 6.888064722000024 ], [ 79.882589254000038, 6.888039111000069 ], [ 79.882551844000034, 6.888006955000037 ], [ 79.882490940000082, 6.887935085000038 ], [ 79.882573433000061, 6.887749787000075 ], [ 79.882885618000046, 6.887326191000056 ], [ 79.88313105800006, 6.886924001000068 ], [ 79.88337475000003, 6.88656222700007 ], [ 79.883956735000083, 6.885554009000032 ], [ 79.88415787200006, 6.88511999900004 ], [ 79.884409551000033, 6.884671978000029 ], [ 79.884464531000049, 6.884586293000041 ], [ 79.88441298500004, 6.884457850000047 ], [ 79.884377524000058, 6.884218543000031 ], [ 79.884378105000053, 6.883907531000034 ], [ 79.884398806000036, 6.883615482000039 ], [ 79.88440883700008, 6.883473964000075 ], [ 79.884424241000033, 6.883237742000063 ], [ 79.884445506000077, 6.882534710000073 ], [ 79.884441562000063, 6.882534773000032 ], [ 79.884441958000082, 6.882531388000075 ], [ 79.884401250000053, 6.88253241600006 ], [ 79.884369377000041, 6.882533220000028 ], [ 79.884338890000038, 6.882536409000068 ], [ 79.884316709000075, 6.882538729000032 ], [ 79.884267301000079, 6.882542253000054 ], [ 79.884207853000078, 6.882545037000057 ], [ 79.884148042000049, 6.882548361000033 ], [ 79.884103887000038, 6.882549544000028 ], [ 79.884018382000079, 6.882552007000072 ], [ 79.883866192000085, 6.882556154000042 ], [ 79.883742780000034, 6.882557370000029 ], [ 79.883679985000072, 6.88255924300006 ], [ 79.883573123000076, 6.88256401600006 ], [ 79.883483911000042, 6.882565206000038 ], [ 79.883420484000055, 6.882566172000054 ], [ 79.883390807000069, 6.882566478000058 ], [ 79.883333633000063, 6.882562394000047 ], [ 79.883284421000042, 6.882558322000023 ], [ 79.883275906000051, 6.882557646000066 ], [ 79.88326343500006, 6.882556656000077 ], [ 79.883161124000083, 6.882546519000073 ], [ 79.883069452000029, 6.882537700000057 ], [ 79.883027876000085, 6.882533702000046 ], [ 79.88295161800005, 6.882526566000024 ], [ 79.882925813000043, 6.88252415200003 ], [ 79.882924444000082, 6.882524026000056 ], [ 79.882896707000043, 6.882521430000054 ], [ 79.882804136000061, 6.882513366000069 ], [ 79.882691991000058, 6.882503596000049 ], [ 79.882639117000053, 6.882500381000057 ], [ 79.882619891000047, 6.882499212000027 ], [ 79.882571569000049, 6.882497128000068 ], [ 79.882451163000042, 6.882491934000029 ], [ 79.88235417900006, 6.882488804000047 ], [ 79.88235417900006, 6.882488950000038 ], [ 79.882353799000043, 6.882498714000064 ], [ 79.882348043000036, 6.882543635000047 ], [ 79.88234066900003, 6.88260118200003 ], [ 79.882245653000041, 6.882609549000051 ], [ 79.882057513000063, 6.882629904000055 ], [ 79.882004135000045, 6.882628449000038 ], [ 79.88194278800006, 6.88262960000003 ], [ 79.881914424000058, 6.882628192000027 ], [ 79.881872766000072, 6.882626123000023 ], [ 79.88173507700003, 6.882616914000039 ], [ 79.881603479000034, 6.88259279600004 ], [ 79.881559529000072, 6.882581864000031 ], [ 79.881485729000076, 6.882566083000029 ], [ 79.88140659700008, 6.882547127000066 ], [ 79.881308834000038, 6.882524248000038 ], [ 79.881247151000082, 6.882512649000034 ], [ 79.881205095000041, 6.882504071000028 ], [ 79.881156257000043, 6.882494033000057 ], [ 79.881093948000057, 6.882478093000032 ], [ 79.881018333000043, 6.882465472000035 ], [ 79.880976546000056, 6.882458884000073 ], [ 79.880866102000084, 6.882443939000041 ], [ 79.880823406000047, 6.882439247000036 ], [ 79.880793010000048, 6.882435845000032 ], [ 79.880749680000065, 6.882431695000037 ], [ 79.880706792000069, 6.882432519000076 ], [ 79.880674217000035, 6.882435169000075 ], [ 79.88061231000006, 6.882446357000049 ], [ 79.880565077000085, 6.882458123000049 ], [ 79.880558993000079, 6.882459640000036 ], [ 79.880532466000034, 6.882468993000032 ], [ 79.880477786000085, 6.882486252000035 ], [ 79.880488048000075, 6.882514755000045 ], [ 79.880502554000032, 6.882547062000071 ], [ 79.880517599000029, 6.882581090000031 ], [ 79.880528249000065, 6.882602404000068 ], [ 79.880531571000063, 6.882609055000046 ], [ 79.880558173000054, 6.882656215000054 ], [ 79.880576120000057, 6.882687624000027 ], [ 79.880591797000079, 6.882722557000022 ], [ 79.880603861000054, 6.882753865000041 ], [ 79.880620119000071, 6.88281764200002 ], [ 79.880629360000057, 6.882856903000061 ], [ 79.880630531000065, 6.882861878000028 ], [ 79.880631849000054, 6.882880352000029 ], [ 79.88063396900003, 6.882910079000055 ], [ 79.880632123000055, 6.882929879000073 ], [ 79.880628656000056, 6.882945514000028 ], [ 79.880619297000067, 6.882966474000057 ], [ 79.880608412000072, 6.882980831000054 ], [ 79.880596900000057, 6.882992474000048 ], [ 79.880580681000083, 6.883005284000035 ], [ 79.88056682000007, 6.883014118000062 ], [ 79.880551517000072, 6.883021506000034 ], [ 79.880540649000068, 6.883026637000057 ], [ 79.88051964400006, 6.883034376000069 ], [ 79.880506247000085, 6.88303823800004 ], [ 79.88046822900003, 6.88304630500005 ], [ 79.880418724000037, 6.883054984000069 ], [ 79.880388370000048, 6.883059114000048 ], [ 79.880340080000053, 6.883065687000055 ], [ 79.880230580000045, 6.883078050000051 ], [ 79.880111218000081, 6.88309003300003 ], [ 79.879967239000052, 6.883105768000064 ], [ 79.879858282000043, 6.883117951000031 ], [ 79.879815382000061, 6.883125466000024 ], [ 79.879790854000078, 6.883131026000058 ], [ 79.879787533000069, 6.883131977000062 ], [ 79.879737262000049, 6.883146388000057 ], [ 79.879703762000076, 6.883159436000028 ], [ 79.879664551000076, 6.883177446000047 ], [ 79.87962914700006, 6.883192571000052 ], [ 79.879610855000067, 6.883200313000032 ], [ 79.879576707000069, 6.883220685000026 ], [ 79.879552065000041, 6.883238361000053 ], [ 79.879532944000061, 6.883253425000021 ], [ 79.879501682000068, 6.88327922700006 ], [ 79.879474404000064, 6.883302956000023 ], [ 79.879459355000051, 6.883318390000056 ], [ 79.879435504000071, 6.883348727000055 ], [ 79.879421443000069, 6.883368684000061 ], [ 79.879409815000031, 6.883393077000051 ], [ 79.879400092000083, 6.883415212000045 ], [ 79.879388253000059, 6.883456692000038 ], [ 79.879374124000037, 6.883512456000062 ], [ 79.879365624000059, 6.883558826000069 ], [ 79.879358406000051, 6.883595343000025 ], [ 79.879353337000055, 6.883645065000053 ], [ 79.879352331000064, 6.883699406000062 ], [ 79.879349258000047, 6.883745154000053 ], [ 79.87934358900003, 6.883776700000055 ], [ 79.87934169600004, 6.883785274000047 ], [ 79.879335285000082, 6.883814299000051 ], [ 79.879326801000047, 6.883851990000039 ], [ 79.879310108000084, 6.883923752000044 ], [ 79.879156297000065, 6.884212993000062 ], [ 79.879088671000034, 6.884330415000022 ], [ 79.878952869000045, 6.884569235000072 ], [ 79.878897321000068, 6.884656133000021 ], [ 79.878882664000059, 6.88467225900007 ], [ 79.878880891000051, 6.884674210000071 ], [ 79.878869235000082, 6.884646795000037 ], [ 79.87884901700005, 6.884608464000053 ], [ 79.878746543000034, 6.884396503000062 ], [ 79.87868601100007, 6.884253795000063 ], [ 79.878675250000072, 6.884202416000051 ], [ 79.878650428000071, 6.883978576000061 ], [ 79.878629069000056, 6.883934049000061 ], [ 79.878609847000064, 6.883907248000071 ], [ 79.878595958000062, 6.88388380300006 ], [ 79.878569062000054, 6.883849031000068 ], [ 79.878544504000047, 6.883821676000025 ], [ 79.878519409000035, 6.883790164000061 ], [ 79.878498020000052, 6.883761640000046 ], [ 79.878475913000045, 6.883729952000067 ], [ 79.878461840000057, 6.883707952000066 ], [ 79.878443622000077, 6.883677175000059 ], [ 79.878428019000069, 6.883650381000052 ], [ 79.878406308000081, 6.883601241000065 ], [ 79.878397010000072, 6.883541637000064 ], [ 79.878396507000048, 6.883536704000051 ], [ 79.878386349000039, 6.883437 ], [ 79.878374941000061, 6.883392852000043 ], [ 79.878361764000033, 6.883375105000027 ], [ 79.878319360000035, 6.883359834000032 ], [ 79.877944688000071, 6.88326702300003 ], [ 79.877903360000062, 6.883256785000071 ], [ 79.877727848000063, 6.883129385000075 ], [ 79.877590480000038, 6.883092746000045 ], [ 79.877375562000054, 6.883014297000045 ], [ 79.877169203000051, 6.882970470000032 ], [ 79.876857279000035, 6.882977142000072 ], [ 79.876671380000062, 6.882984102000023 ], [ 79.876460674000043, 6.883020687000055 ], [ 79.876266014000066, 6.883089111000061 ], [ 79.876122417000033, 6.883165397000027 ], [ 79.876084843000058, 6.883319223000058 ], [ 79.876103156000056, 6.883598873000039 ], [ 79.876115465000055, 6.883971212000063 ], [ 79.876101604000041, 6.884252934000074 ], [ 79.876141307000069, 6.884442508000063 ], [ 79.87613292900005, 6.884446927000056 ], [ 79.876113185000065, 6.884457379000025 ], [ 79.876094549000072, 6.884467070000028 ], [ 79.876029165000034, 6.88450107400007 ], [ 79.876027601000033, 6.884501887000056 ], [ 79.876056869000081, 6.884574731000043 ], [ 79.876078938000035, 6.884626402000038 ], [ 79.876115440000035, 6.884692993000044 ], [ 79.876132393000034, 6.884731573000067 ], [ 79.876167168000052, 6.884810667000067 ], [ 79.876190608000059, 6.884855199000071 ], [ 79.876195643000074, 6.884865395000077 ], [ 79.876254962000075, 6.884985527000026 ], [ 79.876293239000063, 6.885031352000055 ], [ 79.876339416000064, 6.885061548000067 ], [ 79.876392047000081, 6.885075663000066 ], [ 79.876392767000084, 6.885076664000053 ], [ 79.876424043000043, 6.885120123000036 ], [ 79.876465721000045, 6.885156708000068 ], [ 79.876476500000081, 6.885168187000033 ], [ 79.876497918000041, 6.885190990000069 ], [ 79.87651565300007, 6.885232264000024 ], [ 79.876547875000085, 6.88530724900005 ], [ 79.87668641700003, 6.885372827000026 ], [ 79.876688935000061, 6.885374019000039 ], [ 79.876702103000071, 6.885380251000072 ], [ 79.876720564000038, 6.885397576000059 ], [ 79.87672466600003, 6.885401426000044 ], [ 79.876735370000063, 6.885409931000027 ], [ 79.876771906000045, 6.88545762800004 ], [ 79.876788097000031, 6.885483432000058 ], [ 79.876794436000068, 6.885498527000038 ], [ 79.876802443000031, 6.885517593000031 ], [ 79.87681316700008, 6.885543126000073 ], [ 79.876818575000073, 6.885564613000042 ], [ 79.876818731000071, 6.885568033000027 ], [ 79.876821545000041, 6.885629521000055 ], [ 79.876827583000079, 6.885706795000033 ], [ 79.876849055000037, 6.885799552000037 ], [ 79.876893421000034, 6.885904381000046 ], [ 79.876954798000043, 6.886140800000021 ], [ 79.877043982000032, 6.886443518000021 ], [ 79.877067638000085, 6.886524783000027 ], [ 79.877076444000068, 6.886555033000036 ], [ 79.877105506000078, 6.886654861000068 ], [ 79.877123360000041, 6.886716197000055 ], [ 79.877134593000051, 6.886832498000047 ], [ 79.877141642000083, 6.886905484000067 ], [ 79.877113999000073, 6.887170638000043 ], [ 79.877083883000068, 6.88735585400002 ], [ 79.877050077000035, 6.887578860000076 ], [ 79.877034385000059, 6.887670688000071 ], [ 79.877009913000052, 6.887813879000021 ], [ 79.876948028000072, 6.888161378000063 ], [ 79.876946360000034, 6.888170744000035 ], [ 79.876945155000044, 6.888177264000035 ], [ 79.876945085000045, 6.888177649000056 ], [ 79.876934662000053, 6.888234873000044 ], [ 79.876859271000058, 6.888222588000076 ], [ 79.876625040000079, 6.888184421000062 ], [ 79.876589974000069, 6.888174452000044 ], [ 79.876048422000054, 6.888019511000039 ], [ 79.875601033000066, 6.887951476000069 ], [ 79.87519431100003, 6.887825108000072 ], [ 79.874811651000073, 6.887632995000047 ], [ 79.874524622000081, 6.887506852000058 ], [ 79.874046354000029, 6.887236804000054 ], [ 79.873221699000055, 6.886583317000031 ], [ 79.872552444000064, 6.886037781000027 ], [ 79.872044370000083, 6.885707865000029 ], [ 79.871196546000078, 6.885344925000027 ], [ 79.871199368000077, 6.885329593000051 ], [ 79.871199600000068, 6.885328338000022 ], [ 79.871123587000056, 6.885290734000023 ], [ 79.87109061700005, 6.88550148500002 ], [ 79.871090397000046, 6.885534760000041 ], [ 79.87107386100007, 6.885666833000073 ], [ 79.871033430000068, 6.885946248000039 ], [ 79.871001808000074, 6.886160939000035 ], [ 79.870980128000042, 6.88634361000004 ], [ 79.870974685000078, 6.886389472000076 ], [ 79.870942202000037, 6.886390225000071 ], [ 79.870778238000071, 6.88640022200002 ], [ 79.87055080600004, 6.886433700000055 ], [ 79.870480758000042, 6.886443151000037 ], [ 79.870268223000039, 6.886492842000052 ], [ 79.86997133300008, 6.886559280000029 ], [ 79.869751208000082, 6.886603261000062 ], [ 79.869662162000054, 6.886611772000037 ], [ 79.869632827000032, 6.886610313000062 ], [ 79.869609238000066, 6.886609140000076 ], [ 79.869635889000051, 6.887011294000047 ], [ 79.869643135000047, 6.887101728000061 ], [ 79.869646788000068, 6.887227421000034 ], [ 79.86964946300003, 6.887342802000035 ], [ 79.869651229000056, 6.887414058000047 ], [ 79.869654790000084, 6.887729635000028 ], [ 79.869660709000073, 6.887995846000024 ], [ 79.869669532000046, 6.888163057000042 ], [ 79.869670314000075, 6.888177884000072 ], [ 79.869670553000049, 6.88818241000007 ], [ 79.869670309000071, 6.888182404000077 ], [ 79.869236453000042, 6.888189899000054 ], [ 79.869220837000057, 6.88819012600004 ], [ 79.868923303000031, 6.888194442000042 ], [ 79.868922622000071, 6.88819445200005 ], [ 79.868922307000048, 6.888194457000054 ], [ 79.868887653000058, 6.888195231000054 ], [ 79.868392177000032, 6.888206290000028 ], [ 79.868309503000035, 6.888211194000064 ], [ 79.868310528000052, 6.888321602000076 ], [ 79.86832808500003, 6.888814618000026 ], [ 79.86833546400004, 6.888949847000049 ], [ 79.868332438000039, 6.888991052000051 ], [ 79.86833819900005, 6.889241194000022 ], [ 79.868314441000052, 6.889236132000065 ], [ 79.868170003000046, 6.889233236000052 ], [ 79.868043059000058, 6.889268881000021 ], [ 79.867961292000075, 6.889333850000071 ], [ 79.867958625000085, 6.889334002000055 ], [ 79.867858174000048, 6.889560402000029 ], [ 79.867539824000062, 6.889540657000055 ], [ 79.867273749000049, 6.889535236000029 ], [ 79.867265351000071, 6.889972964000037 ], [ 79.867278474000045, 6.889971814000035 ], [ 79.867280926000035, 6.889971604000038 ], [ 79.867341367000051, 6.889966418000029 ], [ 79.867415368000081, 6.889970897000069 ], [ 79.867519853000033, 6.889979870000047 ], [ 79.867681037000068, 6.890004771000065 ], [ 79.867838879000033, 6.890027314000065 ], [ 79.868029016000037, 6.890052179000065 ], [ 79.868147976000046, 6.890061177000064 ], [ 79.868162440000049, 6.890061181000021 ], [ 79.868158665000067, 6.890106839000055 ], [ 79.868314018000035, 6.890238715000066 ], [ 79.868463836000046, 6.890246626000021 ], [ 79.868470731000059, 6.890462383000056 ], [ 79.868545396000059, 6.89047544500005 ], [ 79.868621497000049, 6.890488507000043 ], [ 79.868688762000033, 6.890488636000043 ], [ 79.868688751000036, 6.890494377000039 ], [ 79.868688740000039, 6.890500295000038 ], [ 79.868684057000053, 6.890536997000027 ], [ 79.868672598000046, 6.890567989000033 ], [ 79.868656179000084, 6.890587984000035 ], [ 79.86864620700004, 6.890600128000074 ], [ 79.868606663000037, 6.890651594000076 ], [ 79.868592642000067, 6.890672116000076 ], [ 79.86857272900005, 6.890701261000061 ], [ 79.868555315000037, 6.890730619000067 ], [ 79.868551943000057, 6.890736305000075 ], [ 79.868532408000078, 6.890779128000077 ], [ 79.868528125000068, 6.890796623000028 ], [ 79.868527120000067, 6.890800728000045 ], [ 79.868524642000068, 6.890819350000072 ], [ 79.868530939000038, 6.890885550000064 ], [ 79.868528817000083, 6.890954718000046 ], [ 79.868512826000085, 6.891009395000026 ], [ 79.868504599000062, 6.891037528000027 ], [ 79.868492661000062, 6.891078345000039 ], [ 79.868457434000049, 6.891189587000042 ], [ 79.868451349000054, 6.891213722000032 ], [ 79.86844175400006, 6.891251766000039 ], [ 79.868411129000037, 6.891336594000052 ], [ 79.868410829000084, 6.891337427000053 ], [ 79.868499695000082, 6.891375482000058 ], [ 79.868607728000029, 6.891422165000051 ], [ 79.868671825000035, 6.891449865000027 ], [ 79.868836268000052, 6.891522242000065 ], [ 79.868881287000079, 6.891542112000025 ], [ 79.869006223000042, 6.891597253000043 ], [ 79.869088943000065, 6.891680145000066 ], [ 79.869170281000038, 6.891776056000026 ], [ 79.869265447000032, 6.891885762000072 ], [ 79.869287548000045, 6.891911790000051 ], [ 79.869292056000063, 6.891918522000026 ], [ 79.869351883000036, 6.892007879000062 ], [ 79.869521421000059, 6.892256226000029 ], [ 79.869691892000048, 6.892488028000059 ], [ 79.869844025000077, 6.892705600000056 ], [ 79.869900969000071, 6.892783922000035 ], [ 79.869921128000044, 6.89281070800007 ], [ 79.869971365000083, 6.892877460000022 ], [ 79.870015455000043, 6.892944543000056 ], [ 79.870055085000047, 6.89300484100005 ], [ 79.870083417000046, 6.893046851000065 ], [ 79.870214053000041, 6.893244669000069 ], [ 79.87035768700008, 6.893459601000075 ], [ 79.870459358000062, 6.893616674000043 ], [ 79.870624449000047, 6.893824776000031 ], [ 79.870661158000075, 6.893871163000028 ], [ 79.870733666000035, 6.893962785000042 ], [ 79.870818614000029, 6.894063312000071 ], [ 79.870931945000052, 6.894179354000073 ], [ 79.870967074000077, 6.894215322000036 ], [ 79.871097219000035, 6.894338903000062 ], [ 79.87123983400005, 6.894470555000055 ], [ 79.871393916000045, 6.894615521000048 ], [ 79.871427342000061, 6.894642259000022 ], [ 79.871599180000032, 6.894775414000037 ], [ 79.871807748000037, 6.894959272000051 ], [ 79.87202174600003, 6.895142058000033 ], [ 79.872578235000049, 6.895596122000029 ], [ 79.872612651000054, 6.895626207000021 ], [ 79.872630988000083, 6.895642336000037 ], [ 79.872717631000057, 6.895708960000036 ], [ 79.872759350000081, 6.895736320000026 ], [ 79.872830047000036, 6.895782686000075 ], [ 79.872918181000045, 6.895827068000074 ], [ 79.87297895100005, 6.89585330500006 ], [ 79.873081, 6.895897363000074 ], [ 79.873168607000082, 6.895933426000056 ], [ 79.873191666000082, 6.895940161000055 ], [ 79.873221240000078, 6.895945913000048 ], [ 79.873461655000085, 6.895987508000076 ], [ 79.873838973000034, 6.896024752000073 ], [ 79.874149937000084, 6.896031760000028 ], [ 79.874268183000083, 6.896037410000076 ], [ 79.874411938000037, 6.896045366000067 ], [ 79.874577945000055, 6.896057254000027 ], [ 79.874848005000047, 6.896115995000059 ], [ 79.874998919000063, 6.896167188000049 ], [ 79.875179753000054, 6.896233355000049 ], [ 79.87530534900003, 6.896274463000054 ], [ 79.875451739000084, 6.896325195000031 ], [ 79.875549575000036, 6.89635811200003 ], [ 79.875602475000051, 6.896374577000074 ], [ 79.875696704000063, 6.896401340000068 ], [ 79.875737578000042, 6.896413532000054 ], [ 79.875798168000074, 6.896429923000028 ], [ 79.876052974000061, 6.896517209000024 ], [ 79.876110121000067, 6.896535853000046 ], [ 79.876196204000053, 6.896564045000048 ], [ 79.87632676700008, 6.896611311000072 ], [ 79.876391440000077, 6.896646450000048 ], [ 79.87652498500006, 6.896719014000041 ], [ 79.87665785300004, 6.896791422000035 ], [ 79.876862472000084, 6.896910981000076 ], [ 79.876935970000034, 6.896943853000039 ], [ 79.877089764000061, 6.896970259000057 ], [ 79.877123926000081, 6.896976126000027 ], [ 79.877100133000056, 6.896254429000066 ], [ 79.877093545000037, 6.895909821000032 ], [ 79.877087506000066, 6.895370356000058 ], [ 79.877081696000062, 6.895152382000049 ], [ 79.877079475000073, 6.895069079000052 ], [ 79.877079310000056, 6.895062818000042 ], [ 79.877076085000056, 6.894901589000028 ], [ 79.877073430000053, 6.894677882000053 ], [ 79.877064532000077, 6.894166261000066 ], [ 79.877212919000044, 6.894165727000029 ], [ 79.87743579000005, 6.894106197000042 ], [ 79.877623362000065, 6.894053475000021 ], [ 79.877692904000071, 6.894037654000044 ], [ 79.877714422000054, 6.894032758000037 ], [ 79.877791971000079, 6.894028202000072 ], [ 79.877863446000049, 6.894029241000055 ], [ 79.877905454000029, 6.894037719000039 ], [ 79.877924406000034, 6.894041544000061 ], [ 79.878006801000083, 6.894058175000055 ], [ 79.878253928000049, 6.894108108000069 ], [ 79.878483806000077, 6.894154556000046 ], [ 79.87870386000003, 6.894198373000052 ], [ 79.878772522000077, 6.894212079000056 ], [ 79.878998287000059, 6.894257150000044 ], [ 79.879082915000083, 6.894274044000042 ], [ 79.879271949000042, 6.894308760000058 ], [ 79.87961699400006, 6.894379484000069 ], [ 79.879646015000048, 6.894385699000054 ], [ 79.879697940000085, 6.89439681600004 ], [ 79.879894407000052, 6.89442557700005 ], [ 79.879984061000073, 6.89443071900007 ], [ 79.880151733000048, 6.894423619000065 ], [ 79.880309661000069, 6.894400406000045 ], [ 79.880511230000081, 6.894362083000033 ], [ 79.880607533000045, 6.894344903000047 ], [ 79.880787855000051, 6.894333277000044 ], [ 79.88078878400006, 6.894333218000043 ], [ 79.880925140000045, 6.89433112200004 ], [ 79.881247027000029, 6.894351077000067 ], [ 79.881527486000039, 6.894364351000036 ], [ 79.881560280000031, 6.894366830000024 ], [ 79.881666080000059, 6.894374829000071 ], [ 79.881776024000033, 6.894376286000067 ], [ 79.881793110000046, 6.894376513000054 ], [ 79.881946442000071, 6.894392172000039 ], [ 79.882078973000034, 6.894403633000024 ], [ 79.882371539000076, 6.894426605000035 ], [ 79.882656047000069, 6.894452004000073 ], [ 79.882823674000065, 6.894468503000041 ], [ 79.883062586000051, 6.894491103000064 ], [ 79.883458652000058, 6.89451869800007 ], [ 79.883694062000075, 6.894529287000069 ], [ 79.883836190000068, 6.894535681000036 ], [ 79.88391200600006, 6.894539168000051 ], [ 79.883930465000049, 6.894540211000049 ], [ 79.883956673000057, 6.894541691000029 ], [ 79.884012531000053, 6.894544848000066 ], [ 79.884024989000068, 6.894545552000068 ], [ 79.884120864000067, 6.894550970000068 ], [ 79.884134344000074, 6.894551732000025 ], [ 79.884134371000073, 6.894551733000071 ] ] ] ] } },
{ "type": "Feature", "properties": { "Shape_Leng": 0.06207741832, "Shape_Area": 0.00011176352, "ADM4_EN": "Kirulapone", "ADM4_SI": "කිරුළපන", "ADM4_TA": null, "ADM4_PCODE": "LK1127080", "ADM4_REF": null, "ADM3_EN": "Thimbirigasyaya", "ADM3_SI": "තිඹිරිගස්යාය", "ADM3_TA": "திம்பிரிகஸ்யாய", "ADM3_PCODE": "LK1127", "ADM2_EN": "Colombo", "ADM2_SI": "කොළඹ දිස්ත්‍රික්ක", "ADM2_TA": "கொழும்பு மாவட்டம்", "ADM2_PCODE": "LK11", "ADM1_EN": "Western", "ADM1_SI": "බස්නාහිර පළාත", "ADM1_TA": "மேல் மாகாணம் ", "ADM1_PCODE": "LK1", "ADM0_EN": "Sri Lanka", "ADM0_SI": "ශ්‍රී ලංකා", "ADM0_TA": "இலங்கை", "ADM0_PCODE": "LK", "date": "2022-08-02", "validOn": "2022-08-16", "validTo": null, "length_sum": 48399.0, "damage_sco": 4 }, "geometry": { "type": "MultiPolygon", "coordinates": [ [ [ [ 79.884441958000082, 6.882531388000075 ], [ 79.884442899000078, 6.88252338500007 ], [ 79.884497309000039, 6.881883178000066 ], [ 79.884551902000055, 6.881491523000022 ], [ 79.884627469000066, 6.881084955000063 ], [ 79.884715979000077, 6.880774803000065 ], [ 79.884852742000078, 6.879667872000027 ], [ 79.88488725600007, 6.879132037000034 ], [ 79.88489321000003, 6.878563799000062 ], [ 79.88489069700006, 6.878497907000053 ], [ 79.884901038000066, 6.878086432000032 ], [ 79.884912731000043, 6.87798020300005 ], [ 79.884940001000075, 6.877732427000069 ], [ 79.885047813000085, 6.877514369000039 ], [ 79.885049275000085, 6.877511412000047 ], [ 79.885159001000034, 6.877207303000034 ], [ 79.885167483000032, 6.877183979000051 ], [ 79.88523318600005, 6.877003283000022 ], [ 79.88548239000005, 6.876317928000049 ], [ 79.885548603000075, 6.876165683000067 ], [ 79.885574710000071, 6.87610565500006 ], [ 79.885602541000083, 6.876033501000052 ], [ 79.885602971000083, 6.87603238500003 ], [ 79.885671689000048, 6.875854223000033 ], [ 79.885707492000051, 6.87576139500004 ], [ 79.885900467000056, 6.875439433000054 ], [ 79.885927718000062, 6.875396684000066 ], [ 79.88594217900004, 6.875403837000022 ], [ 79.886002022000071, 6.875272145000054 ], [ 79.886038063000058, 6.875200440000071 ], [ 79.886036712000077, 6.875154503000033 ], [ 79.886105887000042, 6.875029748000031 ], [ 79.88620241600006, 6.874977276000038 ], [ 79.886410061000049, 6.874816432000046 ], [ 79.886686869000073, 6.87464469300005 ], [ 79.886925638000037, 6.874534159000063 ], [ 79.887079076000077, 6.874463125000034 ], [ 79.887142029000074, 6.874413324000045 ], [ 79.887287705000062, 6.874266851000073 ], [ 79.887490993000085, 6.874110286000075 ], [ 79.887622591000081, 6.873994429000049 ], [ 79.88781879000004, 6.873906258000034 ], [ 79.88786084000003, 6.873980826000036 ], [ 79.887893361000067, 6.874000026000033 ], [ 79.888004428000045, 6.874004060000061 ], [ 79.888041006000037, 6.873900775000038 ], [ 79.888050121000049, 6.873767608000037 ], [ 79.888065957000038, 6.873543237000035 ], [ 79.888067900000067, 6.873514966000073 ], [ 79.888068133000047, 6.873511591000067 ], [ 79.888068475000068, 6.873399250000034 ], [ 79.888055002000044, 6.873402340000041 ], [ 79.88796078300004, 6.873419888000058 ], [ 79.887960468000074, 6.873419926000054 ], [ 79.88780947500004, 6.873437963000072 ], [ 79.887543074000064, 6.873460888000068 ], [ 79.887382536000075, 6.873480302000075 ], [ 79.887299548000044, 6.873491812000054 ], [ 79.887219174000052, 6.873508753000067 ], [ 79.887067924000064, 6.873544369000058 ], [ 79.887010444000055, 6.873559597000053 ], [ 79.886992340000063, 6.873564392000048 ], [ 79.886734255000079, 6.873637804000055 ], [ 79.88669261900003, 6.873649645000057 ], [ 79.886577135000039, 6.873683104000065 ], [ 79.886511208000059, 6.873702205000029 ], [ 79.886417277000078, 6.873731361000068 ], [ 79.886192098000038, 6.873801257000025 ], [ 79.88605576100008, 6.873845491000054 ], [ 79.885914078000042, 6.873893874000032 ], [ 79.885798374000046, 6.873933987000044 ], [ 79.885775739000053, 6.873943350000047 ], [ 79.885753260000058, 6.873952530000054 ], [ 79.885740493000071, 6.873922035000021 ], [ 79.885734104000051, 6.873902763000046 ], [ 79.885731229000044, 6.873891996000054 ], [ 79.885733066000057, 6.873877804000074 ], [ 79.885737458000051, 6.87387363800002 ], [ 79.885748475000071, 6.873863185000062 ], [ 79.885722704000045, 6.87386269700005 ], [ 79.885706134000031, 6.873862384000063 ], [ 79.88567682200005, 6.873860881000041 ], [ 79.885652579000066, 6.873858394000024 ], [ 79.885623548000069, 6.873852102000058 ], [ 79.885602945000073, 6.873839224000051 ], [ 79.885505851000062, 6.873749344000032 ], [ 79.885386270000083, 6.873636999000041 ], [ 79.885337586000048, 6.873592873000064 ], [ 79.885274996000078, 6.873534707000033 ], [ 79.885205417000066, 6.873487649000026 ], [ 79.885204521000048, 6.873487056000045 ], [ 79.885169181000037, 6.873463710000067 ], [ 79.885126439000032, 6.873435689000075 ], [ 79.885122064000029, 6.873429673000032 ], [ 79.88510649400007, 6.873408256000062 ], [ 79.885088111000073, 6.873395888000061 ], [ 79.885082639000075, 6.873392206000062 ], [ 79.885053499000037, 6.873385262000056 ], [ 79.884983975000068, 6.873368694000021 ], [ 79.88497059000008, 6.873365505000038 ], [ 79.884938846000068, 6.873359567000023 ], [ 79.88490710700006, 6.873349381000025 ], [ 79.88478899200004, 6.873325743000066 ], [ 79.88455839900007, 6.873277470000062 ], [ 79.884247708000032, 6.87321243100007 ], [ 79.884046496000053, 6.873175616000026 ], [ 79.883671036000067, 6.873106920000055 ], [ 79.883667326000079, 6.873105086000066 ], [ 79.883642744000042, 6.873092942000028 ], [ 79.883623062000083, 6.873070298000073 ], [ 79.883602026000062, 6.873015443000043 ], [ 79.883556886000065, 6.872897741000031 ], [ 79.88344985100008, 6.872568747000059 ], [ 79.883435081000073, 6.872523351000041 ], [ 79.883405460000063, 6.872445262000042 ], [ 79.883336641000085, 6.87248336600004 ], [ 79.883327296000061, 6.872488540000063 ], [ 79.882965025000033, 6.872689120000075 ], [ 79.882667959000059, 6.872902686000032 ], [ 79.882610978000059, 6.872941551000054 ], [ 79.882536857000048, 6.87300145100005 ], [ 79.88247264000006, 6.873053692000042 ], [ 79.882374768000034, 6.87313331200005 ], [ 79.882333856000059, 6.873166595000043 ], [ 79.88210440000006, 6.87343022500005 ], [ 79.882058756000049, 6.873497586000042 ], [ 79.882058320000056, 6.873493808000035 ], [ 79.881998367000051, 6.87357362900002 ], [ 79.881945469000073, 6.873654186000067 ], [ 79.881874389000075, 6.873781276000045 ], [ 79.881816362000052, 6.873896093000042 ], [ 79.881773232000057, 6.873978387000022 ], [ 79.881722574000037, 6.874070973000073 ], [ 79.881632645000082, 6.874262138000063 ], [ 79.881579626000075, 6.874377547000051 ], [ 79.881533533000038, 6.874477880000029 ], [ 79.881420209000055, 6.874746038000069 ], [ 79.881329908000055, 6.874943078000058 ], [ 79.881306555000037, 6.874996385000031 ], [ 79.881282913000064, 6.875047602000052 ], [ 79.881280998000079, 6.875051754000026 ], [ 79.881200178000086, 6.875226851000036 ], [ 79.881124217000036, 6.875399504000029 ], [ 79.881063805000053, 6.87553050300005 ], [ 79.881057488000067, 6.875543743000037 ], [ 79.880946178000045, 6.875777043000028 ], [ 79.880924544000038, 6.87583152600007 ], [ 79.88089448900007, 6.875887892000037 ], [ 79.88086994400004, 6.875937301000022 ], [ 79.880869676000032, 6.875937843000031 ], [ 79.880856164000079, 6.875965042000075 ], [ 79.880718308000041, 6.876239393000048 ], [ 79.880620829000065, 6.876404139000044 ], [ 79.880495420000045, 6.876602922000075 ], [ 79.880467431000056, 6.876640275000057 ], [ 79.880464479000068, 6.876644215000056 ], [ 79.880399275000059, 6.876731232000054 ], [ 79.880269343000066, 6.876880545000063 ], [ 79.880159587000037, 6.87698206400006 ], [ 79.880020390000084, 6.877103240000054 ], [ 79.879879777000042, 6.877206689000047 ], [ 79.879806581000082, 6.877255560000037 ], [ 79.87979527300007, 6.877262760000065 ], [ 79.879740727000069, 6.877297483000063 ], [ 79.879687283000067, 6.877331292000065 ], [ 79.879649776000065, 6.877357625000059 ], [ 79.879577035000068, 6.877405230000022 ], [ 79.879502229000082, 6.877443881000033 ], [ 79.879451334000066, 6.877469827000027 ], [ 79.87936983600008, 6.87750674800003 ], [ 79.879220903000032, 6.877560449000043 ], [ 79.879035682000051, 6.877617339000039 ], [ 79.878742510000052, 6.877693297000064 ], [ 79.878726208000046, 6.877697519000037 ], [ 79.878720694000037, 6.877698948000045 ], [ 79.878584894000085, 6.877734132000057 ], [ 79.878322116000049, 6.877801906000059 ], [ 79.878035256000032, 6.877877051000041 ], [ 79.87799108400003, 6.877888 ], [ 79.877954788000068, 6.877895512000066 ], [ 79.877763358000038, 6.87793513400004 ], [ 79.877529553000045, 6.877991390000034 ], [ 79.87721599200006, 6.878073083000061 ], [ 79.877025446000061, 6.87812272900004 ], [ 79.876684731000068, 6.878209797000068 ], [ 79.876664194000057, 6.878215207000039 ], [ 79.876563071000078, 6.878241848000073 ], [ 79.876441410000041, 6.878275529000064 ], [ 79.876371698000071, 6.878298906000055 ], [ 79.876294939000047, 6.878318203000049 ], [ 79.876144415000056, 6.878351103000057 ], [ 79.876085944000067, 6.878363834000027 ], [ 79.875994437000031, 6.878383521000046 ], [ 79.875819295000042, 6.878421202000027 ], [ 79.875685182000041, 6.87844020700004 ], [ 79.875479656000039, 6.878469332000066 ], [ 79.875275841000075, 6.878498213000057 ], [ 79.874887501000046, 6.87855544100006 ], [ 79.874669653000069, 6.878594184000065 ], [ 79.874522856000056, 6.878617777000045 ], [ 79.874349362000032, 6.878645843000072 ], [ 79.874068538000074, 6.878686456000025 ], [ 79.873872912000081, 6.878708126000049 ], [ 79.873811715000045, 6.878714905000038 ], [ 79.873634127000059, 6.878705619000073 ], [ 79.873434587000077, 6.878680105000058 ], [ 79.873268623000058, 6.878648235000071 ], [ 79.873149865000073, 6.878622980000046 ], [ 79.87309145200004, 6.878610558000048 ], [ 79.873031864000041, 6.878602268000066 ], [ 79.872943723000049, 6.87859000800006 ], [ 79.872872015000041, 6.878580032000059 ], [ 79.872736368000062, 6.878544874000056 ], [ 79.872625753000079, 6.878525044000071 ], [ 79.872472305000031, 6.878478096000038 ], [ 79.872371964000081, 6.878476624000029 ], [ 79.872260146000031, 6.878474983000046 ], [ 79.872107224000047, 6.878483827000025 ], [ 79.871925849000036, 6.878517030000069 ], [ 79.871748362000062, 6.878597893000062 ], [ 79.871610433000058, 6.878669608000052 ], [ 79.871562420000032, 6.878706450000038 ], [ 79.871559569000055, 6.878707761000044 ], [ 79.871555129000058, 6.878712044000054 ], [ 79.871454679000067, 6.878789122000057 ], [ 79.87134126400008, 6.878909618000023 ], [ 79.871283101000074, 6.878992356000026 ], [ 79.871237662000055, 6.879056990000038 ], [ 79.871140247000085, 6.879253681000023 ], [ 79.871004156000083, 6.879528457000049 ], [ 79.87087901700005, 6.879773081000053 ], [ 79.870776317000036, 6.879968830000053 ], [ 79.870660152000085, 6.880204609000032 ], [ 79.870249759000046, 6.881012468000051 ], [ 79.870122227000081, 6.881277252000075 ], [ 79.870161132000078, 6.881287753000038 ], [ 79.870252091000054, 6.881312304000062 ], [ 79.870287533000067, 6.881321871000068 ], [ 79.870323892000044, 6.881323383000051 ], [ 79.87066216900007, 6.881337453000071 ], [ 79.870790212000031, 6.881337470000062 ], [ 79.870968220000066, 6.881333543000039 ], [ 79.87101743900007, 6.881332456000052 ], [ 79.871018679000031, 6.881338548000031 ], [ 79.871077995000064, 6.881630083000061 ], [ 79.871159680000062, 6.881980484000053 ], [ 79.871181958000079, 6.882351827000036 ], [ 79.871208293000052, 6.883613150000031 ], [ 79.871273310000049, 6.88499125900006 ], [ 79.87127342000008, 6.885021732000041 ], [ 79.871267901000067, 6.885285555000053 ], [ 79.871211626000047, 6.885263013000042 ], [ 79.871199600000068, 6.885328338000022 ], [ 79.871199368000077, 6.885329593000051 ], [ 79.871196546000078, 6.885344925000027 ], [ 79.872044370000083, 6.885707865000029 ], [ 79.872552444000064, 6.886037781000027 ], [ 79.873221699000055, 6.886583317000031 ], [ 79.874046354000029, 6.887236804000054 ], [ 79.874524622000081, 6.887506852000058 ], [ 79.874811651000073, 6.887632995000047 ], [ 79.87519431100003, 6.887825108000072 ], [ 79.875601033000066, 6.887951476000069 ], [ 79.876048422000054, 6.888019511000039 ], [ 79.876589974000069, 6.888174452000044 ], [ 79.876625040000079, 6.888184421000062 ], [ 79.876859271000058, 6.888222588000076 ], [ 79.876934662000053, 6.888234873000044 ], [ 79.876945085000045, 6.888177649000056 ], [ 79.876945155000044, 6.888177264000035 ], [ 79.876946360000034, 6.888170744000035 ], [ 79.876948028000072, 6.888161378000063 ], [ 79.877009913000052, 6.887813879000021 ], [ 79.877034385000059, 6.887670688000071 ], [ 79.877050077000035, 6.887578860000076 ], [ 79.877083883000068, 6.88735585400002 ], [ 79.877113999000073, 6.887170638000043 ], [ 79.877141642000083, 6.886905484000067 ], [ 79.877134593000051, 6.886832498000047 ], [ 79.877123360000041, 6.886716197000055 ], [ 79.877105506000078, 6.886654861000068 ], [ 79.877076444000068, 6.886555033000036 ], [ 79.877067638000085, 6.886524783000027 ], [ 79.877043982000032, 6.886443518000021 ], [ 79.876954798000043, 6.886140800000021 ], [ 79.876893421000034, 6.885904381000046 ], [ 79.876849055000037, 6.885799552000037 ], [ 79.876827583000079, 6.885706795000033 ], [ 79.876821545000041, 6.885629521000055 ], [ 79.876818731000071, 6.885568033000027 ], [ 79.876818575000073, 6.885564613000042 ], [ 79.87681316700008, 6.885543126000073 ], [ 79.876802443000031, 6.885517593000031 ], [ 79.876794436000068, 6.885498527000038 ], [ 79.876788097000031, 6.885483432000058 ], [ 79.876771906000045, 6.88545762800004 ], [ 79.876735370000063, 6.885409931000027 ], [ 79.87672466600003, 6.885401426000044 ], [ 79.876720564000038, 6.885397576000059 ], [ 79.876702103000071, 6.885380251000072 ], [ 79.876688935000061, 6.885374019000039 ], [ 79.87668641700003, 6.885372827000026 ], [ 79.876547875000085, 6.88530724900005 ], [ 79.87651565300007, 6.885232264000024 ], [ 79.876497918000041, 6.885190990000069 ], [ 79.876476500000081, 6.885168187000033 ], [ 79.876465721000045, 6.885156708000068 ], [ 79.876424043000043, 6.885120123000036 ], [ 79.876392767000084, 6.885076664000053 ], [ 79.876392047000081, 6.885075663000066 ], [ 79.876339416000064, 6.885061548000067 ], [ 79.876293239000063, 6.885031352000055 ], [ 79.876254962000075, 6.884985527000026 ], [ 79.876195643000074, 6.884865395000077 ], [ 79.876190608000059, 6.884855199000071 ], [ 79.876167168000052, 6.884810667000067 ], [ 79.876132393000034, 6.884731573000067 ], [ 79.876115440000035, 6.884692993000044 ], [ 79.876078938000035, 6.884626402000038 ], [ 79.876056869000081, 6.884574731000043 ], [ 79.876027601000033, 6.884501887000056 ], [ 79.876029165000034, 6.88450107400007 ], [ 79.876094549000072, 6.884467070000028 ], [ 79.876113185000065, 6.884457379000025 ], [ 79.87613292900005, 6.884446927000056 ], [ 79.876141307000069, 6.884442508000063 ], [ 79.876101604000041, 6.884252934000074 ], [ 79.876115465000055, 6.883971212000063 ], [ 79.876103156000056, 6.883598873000039 ], [ 79.876084843000058, 6.883319223000058 ], [ 79.876122417000033, 6.883165397000027 ], [ 79.876266014000066, 6.883089111000061 ], [ 79.876460674000043, 6.883020687000055 ], [ 79.876671380000062, 6.882984102000023 ], [ 79.876857279000035, 6.882977142000072 ], [ 79.877169203000051, 6.882970470000032 ], [ 79.877375562000054, 6.883014297000045 ], [ 79.877590480000038, 6.883092746000045 ], [ 79.877727848000063, 6.883129385000075 ], [ 79.877903360000062, 6.883256785000071 ], [ 79.877944688000071, 6.88326702300003 ], [ 79.878319360000035, 6.883359834000032 ], [ 79.878361764000033, 6.883375105000027 ], [ 79.878374941000061, 6.883392852000043 ], [ 79.878386349000039, 6.883437 ], [ 79.878396507000048, 6.883536704000051 ], [ 79.878397010000072, 6.883541637000064 ], [ 79.878406308000081, 6.883601241000065 ], [ 79.878428019000069, 6.883650381000052 ], [ 79.878443622000077, 6.883677175000059 ], [ 79.878461840000057, 6.883707952000066 ], [ 79.878475913000045, 6.883729952000067 ], [ 79.878498020000052, 6.883761640000046 ], [ 79.878519409000035, 6.883790164000061 ], [ 79.878544504000047, 6.883821676000025 ], [ 79.878569062000054, 6.883849031000068 ], [ 79.878595958000062, 6.88388380300006 ], [ 79.878609847000064, 6.883907248000071 ], [ 79.878629069000056, 6.883934049000061 ], [ 79.878650428000071, 6.883978576000061 ], [ 79.878675250000072, 6.884202416000051 ], [ 79.87868601100007, 6.884253795000063 ], [ 79.878746543000034, 6.884396503000062 ], [ 79.87884901700005, 6.884608464000053 ], [ 79.878869235000082, 6.884646795000037 ], [ 79.878880891000051, 6.884674210000071 ], [ 79.878882664000059, 6.88467225900007 ], [ 79.878897321000068, 6.884656133000021 ], [ 79.878952869000045, 6.884569235000072 ], [ 79.879088671000034, 6.884330415000022 ], [ 79.879156297000065, 6.884212993000062 ], [ 79.879310108000084, 6.883923752000044 ], [ 79.879326801000047, 6.883851990000039 ], [ 79.879335285000082, 6.883814299000051 ], [ 79.87934169600004, 6.883785274000047 ], [ 79.87934358900003, 6.883776700000055 ], [ 79.879349258000047, 6.883745154000053 ], [ 79.879352331000064, 6.883699406000062 ], [ 79.879353337000055, 6.883645065000053 ], [ 79.879358406000051, 6.883595343000025 ], [ 79.879365624000059, 6.883558826000069 ], [ 79.879374124000037, 6.883512456000062 ], [ 79.879388253000059, 6.883456692000038 ], [ 79.879400092000083, 6.883415212000045 ], [ 79.879409815000031, 6.883393077000051 ], [ 79.879421443000069, 6.883368684000061 ], [ 79.879435504000071, 6.883348727000055 ], [ 79.879459355000051, 6.883318390000056 ], [ 79.879474404000064, 6.883302956000023 ], [ 79.879501682000068, 6.88327922700006 ], [ 79.879532944000061, 6.883253425000021 ], [ 79.879552065000041, 6.883238361000053 ], [ 79.879576707000069, 6.883220685000026 ], [ 79.879610855000067, 6.883200313000032 ], [ 79.87962914700006, 6.883192571000052 ], [ 79.879664551000076, 6.883177446000047 ], [ 79.879703762000076, 6.883159436000028 ], [ 79.879737262000049, 6.883146388000057 ], [ 79.879787533000069, 6.883131977000062 ], [ 79.879790854000078, 6.883131026000058 ], [ 79.879815382000061, 6.883125466000024 ], [ 79.879858282000043, 6.883117951000031 ], [ 79.879967239000052, 6.883105768000064 ], [ 79.880111218000081, 6.88309003300003 ], [ 79.880230580000045, 6.883078050000051 ], [ 79.880340080000053, 6.883065687000055 ], [ 79.880388370000048, 6.883059114000048 ], [ 79.880418724000037, 6.883054984000069 ], [ 79.88046822900003, 6.88304630500005 ], [ 79.880506247000085, 6.88303823800004 ], [ 79.88051964400006, 6.883034376000069 ], [ 79.880540649000068, 6.883026637000057 ], [ 79.880551517000072, 6.883021506000034 ], [ 79.88056682000007, 6.883014118000062 ], [ 79.880580681000083, 6.883005284000035 ], [ 79.880596900000057, 6.882992474000048 ], [ 79.880608412000072, 6.882980831000054 ], [ 79.880619297000067, 6.882966474000057 ], [ 79.880628656000056, 6.882945514000028 ], [ 79.880632123000055, 6.882929879000073 ], [ 79.88063396900003, 6.882910079000055 ], [ 79.880631849000054, 6.882880352000029 ], [ 79.880630531000065, 6.882861878000028 ], [ 79.880629360000057, 6.882856903000061 ], [ 79.880620119000071, 6.88281764200002 ], [ 79.880603861000054, 6.882753865000041 ], [ 79.880591797000079, 6.882722557000022 ], [ 79.880576120000057, 6.882687624000027 ], [ 79.880558173000054, 6.882656215000054 ], [ 79.880531571000063, 6.882609055000046 ], [ 79.880528249000065, 6.882602404000068 ], [ 79.880517599000029, 6.882581090000031 ], [ 79.880502554000032, 6.882547062000071 ], [ 79.880488048000075, 6.882514755000045 ], [ 79.880477786000085, 6.882486252000035 ], [ 79.880532466000034, 6.882468993000032 ], [ 79.880558993000079, 6.882459640000036 ], [ 79.880565077000085, 6.882458123000049 ], [ 79.88061231000006, 6.882446357000049 ], [ 79.880674217000035, 6.882435169000075 ], [ 79.880706792000069, 6.882432519000076 ], [ 79.880749680000065, 6.882431695000037 ], [ 79.880793010000048, 6.882435845000032 ], [ 79.880823406000047, 6.882439247000036 ], [ 79.880866102000084, 6.882443939000041 ], [ 79.880976546000056, 6.882458884000073 ], [ 79.881018333000043, 6.882465472000035 ], [ 79.881093948000057, 6.882478093000032 ], [ 79.881156257000043, 6.882494033000057 ], [ 79.881205095000041, 6.882504071000028 ], [ 79.881247151000082, 6.882512649000034 ], [ 79.881308834000038, 6.882524248000038 ], [ 79.88140659700008, 6.882547127000066 ], [ 79.881485729000076, 6.882566083000029 ], [ 79.881559529000072, 6.882581864000031 ], [ 79.881603479000034, 6.88259279600004 ], [ 79.88173507700003, 6.882616914000039 ], [ 79.881872766000072, 6.882626123000023 ], [ 79.881914424000058, 6.882628192000027 ], [ 79.88194278800006, 6.88262960000003 ], [ 79.882004135000045, 6.882628449000038 ], [ 79.882057513000063, 6.882629904000055 ], [ 79.882245653000041, 6.882609549000051 ], [ 79.88234066900003, 6.88260118200003 ], [ 79.882348043000036, 6.882543635000047 ], [ 79.882353799000043, 6.882498714000064 ], [ 79.88235417900006, 6.882488950000038 ], [ 79.88235417900006, 6.882488804000047 ], [ 79.882451163000042, 6.882491934000029 ], [ 79.882571569000049, 6.882497128000068 ], [ 79.882619891000047, 6.882499212000027 ], [ 79.882639117000053, 6.882500381000057 ], [ 79.882691991000058, 6.882503596000049 ], [ 79.882804136000061, 6.882513366000069 ], [ 79.882896707000043, 6.882521430000054 ], [ 79.882924444000082, 6.882524026000056 ], [ 79.882925813000043, 6.88252415200003 ], [ 79.88295161800005, 6.882526566000024 ], [ 79.883027876000085, 6.882533702000046 ], [ 79.883069452000029, 6.882537700000057 ], [ 79.883161124000083, 6.882546519000073 ], [ 79.88326343500006, 6.882556656000077 ], [ 79.883275906000051, 6.882557646000066 ], [ 79.883284421000042, 6.882558322000023 ], [ 79.883333633000063, 6.882562394000047 ], [ 79.883390807000069, 6.882566478000058 ], [ 79.883420484000055, 6.882566172000054 ], [ 79.883483911000042, 6.882565206000038 ], [ 79.883573123000076, 6.88256401600006 ], [ 79.883679985000072, 6.88255924300006 ], [ 79.883742780000034, 6.882557370000029 ], [ 79.883866192000085, 6.882556154000042 ], [ 79.884018382000079, 6.882552007000072 ], [ 79.884103887000038, 6.882549544000028 ], [ 79.884148042000049, 6.882548361000033 ], [ 79.884207853000078, 6.882545037000057 ], [ 79.884267301000079, 6.882542253000054 ], [ 79.884316709000075, 6.882538729000032 ], [ 79.884338890000038, 6.882536409000068 ], [ 79.884369377000041, 6.882533220000028 ], [ 79.884401250000053, 6.88253241600006 ], [ 79.884441958000082, 6.882531388000075 ] ] ] ] } },
{ "type": "Feature", "properties": { "Shape_Leng": 0.05168699048, "Shape_Area": 7.979684e-05, "ADM4_EN": "Wellawatta North", "ADM4_SI": "වැල්ලවත්ත උතුර", "ADM4_TA": null, "ADM4_PCODE": "LK1127085", "ADM4_REF": null, "ADM3_EN": "Thimbirigasyaya", "ADM3_SI": "තිඹිරිගස්යාය", "ADM3_TA": "திம்பிரிகஸ்யாய", "ADM3_PCODE": "LK1127", "ADM2_EN": "Colombo", "ADM2_SI": "කොළඹ දිස්ත්‍රික්ක", "ADM2_TA": "கொழும்பு மாவட்டம்", "ADM2_PCODE": "LK11", "ADM1_EN": "Western", "ADM1_SI": "බස්නාහිර පළාත", "ADM1_TA": "மேல் மாகாணம் ", "ADM1_PCODE": "LK1", "ADM0_EN": "Sri Lanka", "ADM0_SI": "ශ්‍රී ලංකා", "ADM0_TA": "இலங்கை", "ADM0_PCODE": "LK", "date": "2022-08-02", "validOn": "2022-08-16", "validTo": null, "length_sum": 50967.0, "damage_sco": 5 }, "geometry": { "type": "MultiPolygon", "coordinates": [ [ [ [ 79.871140247000085, 6.879253681000023 ], [ 79.871101168000052, 6.87924113400004 ], [ 79.870984324000062, 6.87913216000004 ], [ 79.87091975800007, 6.879096151000056 ], [ 79.870804810000038, 6.879119858000024 ], [ 79.870682668000029, 6.879116407000026 ], [ 79.870500088000085, 6.879064817000028 ], [ 79.870176672000071, 6.878998379000052 ], [ 79.869952156000068, 6.878952560000073 ], [ 79.869551003000083, 6.878870695000046 ], [ 79.869389536000085, 6.878853932000027 ], [ 79.869386774000077, 6.878875268000058 ], [ 79.869379251000055, 6.878933393000068 ], [ 79.869368263000069, 6.879031225000062 ], [ 79.869367121000039, 6.879041396000048 ], [ 79.869361950000041, 6.879087437000067 ], [ 79.869367368000042, 6.879137250000042 ], [ 79.869382046000055, 6.879272206000053 ], [ 79.869413092000059, 6.879551847000073 ], [ 79.869419632000074, 6.879586309000047 ], [ 79.869476448000057, 6.879778200000032 ], [ 79.86948269100003, 6.879831766000052 ], [ 79.869485317000056, 6.879854297000065 ], [ 79.869487843000059, 6.879875968000022 ], [ 79.869345290000069, 6.879856528000062 ], [ 79.869331263000049, 6.879852343000039 ], [ 79.868938339000067, 6.879735120000021 ], [ 79.868903746000058, 6.879724800000076 ], [ 79.868845479000072, 6.87970741700002 ], [ 79.86868826400007, 6.879660515000069 ], [ 79.868615823000084, 6.879645006000032 ], [ 79.868551131000061, 6.879645788000062 ], [ 79.868525932000068, 6.879652921000059 ], [ 79.868515283000079, 6.879655937000052 ], [ 79.868485475000057, 6.879678034000051 ], [ 79.868476251000061, 6.879688854000051 ], [ 79.868456458000082, 6.87971206800006 ], [ 79.868431670000064, 6.879758859000049 ], [ 79.868411858000059, 6.879805117000046 ], [ 79.868389763000039, 6.879862492000029 ], [ 79.868385038000042, 6.879870916000073 ], [ 79.868354903000068, 6.879924635000066 ], [ 79.868349322000086, 6.879924291000066 ], [ 79.868264165000085, 6.879919039000072 ], [ 79.868069045000084, 6.879899680000051 ], [ 79.867803493000054, 6.879855307000071 ], [ 79.867624588000069, 6.879825414000038 ], [ 79.867516675000047, 6.879811735000033 ], [ 79.867382680000048, 6.879802865000045 ], [ 79.86698791200007, 6.879776732000039 ], [ 79.866788761000066, 6.879759217000071 ], [ 79.866634842000053, 6.879745680000042 ], [ 79.866536135000047, 6.879726150000067 ], [ 79.866453960000058, 6.879709891000061 ], [ 79.866373499000076, 6.87970486200004 ], [ 79.866065954000078, 6.879685643000073 ], [ 79.865971780000052, 6.879679496000051 ], [ 79.865619998000057, 6.879638680000028 ], [ 79.865464603000078, 6.879616502000033 ], [ 79.865328127000055, 6.879549162000046 ], [ 79.865326953000078, 6.879548963000047 ], [ 79.865327001000082, 6.879548607000061 ], [ 79.865318169000034, 6.879544249000048 ], [ 79.865343444000075, 6.879428536000034 ], [ 79.865348315000062, 6.879392960000075 ], [ 79.865365509000071, 6.879248932000053 ], [ 79.865371846000073, 6.87919921200006 ], [ 79.86540059400005, 6.87901118800005 ], [ 79.86540519600004, 6.878981091000071 ], [ 79.865423817000078, 6.878896842000074 ], [ 79.865442612000038, 6.878811803000076 ], [ 79.865447375000031, 6.878797367000061 ], [ 79.865514595000036, 6.878593574000035 ], [ 79.865536449000047, 6.878520283000057 ], [ 79.865584303000048, 6.87842941100007 ], [ 79.865618854000047, 6.878340141000024 ], [ 79.865636321000068, 6.878290081000046 ], [ 79.865698386000076, 6.878100042000028 ], [ 79.865786136000054, 6.877800111000056 ], [ 79.865804937000064, 6.877735849000032 ], [ 79.865822034000075, 6.877636591000055 ], [ 79.865837323000051, 6.87754783400004 ], [ 79.86587961500004, 6.877336963000062 ], [ 79.865913140000032, 6.877073901000074 ], [ 79.865954012000032, 6.876800184000047 ], [ 79.86597389800005, 6.876635921000059 ], [ 79.865976808000084, 6.876611879000052 ], [ 79.865827560000071, 6.876592698000024 ], [ 79.865582885000038, 6.87656185000003 ], [ 79.865379397000083, 6.876518695000073 ], [ 79.865404362000049, 6.876404430000036 ], [ 79.865407485000048, 6.87639377000005 ], [ 79.865676285000063, 6.875595970000063 ], [ 79.865674725000076, 6.875595495000027 ], [ 79.865587308000045, 6.875568853000061 ], [ 79.864693058000057, 6.875377178000065 ], [ 79.864253355000073, 6.875282777000052 ], [ 79.864253310000038, 6.875282768000034 ], [ 79.863896299000032, 6.875206121000076 ], [ 79.863846133000038, 6.875198935000071 ], [ 79.863529705000076, 6.875153609000051 ], [ 79.863442040000052, 6.875150731000076 ], [ 79.863373210000077, 6.875139839000042 ], [ 79.863312534000045, 6.875122182000041 ], [ 79.863307678000069, 6.875118775000033 ], [ 79.863268080000068, 6.875090991000036 ], [ 79.863198142000044, 6.875039307000065 ], [ 79.863171047000037, 6.875019284000075 ], [ 79.863125225000033, 6.874993517000064 ], [ 79.86307604600006, 6.874972717000048 ], [ 79.862419119000037, 6.874825433000069 ], [ 79.861675393000041, 6.874648144000048 ], [ 79.861401385000079, 6.874582878000069 ], [ 79.861351640000066, 6.874571030000027 ], [ 79.861269605000075, 6.874556061000021 ], [ 79.861257489000081, 6.87455385100003 ], [ 79.861313808000034, 6.874389029000042 ], [ 79.861322542000039, 6.874361506000071 ], [ 79.86132946500004, 6.874339690000056 ], [ 79.861392466000041, 6.874134917000049 ], [ 79.861442542000077, 6.873920480000038 ], [ 79.861476024000069, 6.873777099000051 ], [ 79.861490351000043, 6.873713289000023 ], [ 79.861351889000048, 6.873684633000039 ], [ 79.860841102000052, 6.873573252000028 ], [ 79.860380113000076, 6.873477627000057 ], [ 79.860366389000035, 6.873474780000038 ], [ 79.86006973700006, 6.873421317000066 ], [ 79.859862175000046, 6.873369249000064 ], [ 79.859763174000079, 6.873344415000076 ], [ 79.859683864000033, 6.873325906000048 ], [ 79.859664692000081, 6.873320898000031 ], [ 79.859504723000043, 6.873279178000075 ], [ 79.85940217700005, 6.873252218000061 ], [ 79.859186045000058, 6.873199088000035 ], [ 79.859080325000036, 6.873175558000071 ], [ 79.858846021000033, 6.873115703000053 ], [ 79.858780093000064, 6.873101199000075 ], [ 79.858664257000044, 6.873068696000075 ], [ 79.858433922000074, 6.873014907000027 ], [ 79.858052858000065, 6.87291344700003 ], [ 79.858017650000079, 6.872904073000029 ], [ 79.857986694000033, 6.872895829000072 ], [ 79.857989365000037, 6.872884228000032 ], [ 79.857875310000054, 6.872860771000035 ], [ 79.857837054000072, 6.872852902000034 ], [ 79.857622510000056, 6.872808777000046 ], [ 79.857620005000058, 6.872815837000076 ], [ 79.857614032000072, 6.872832674000051 ], [ 79.857596894000039, 6.872909409000044 ], [ 79.857579718000068, 6.872986323000021 ], [ 79.857569158000047, 6.873069761000068 ], [ 79.857561070000031, 6.873133675000076 ], [ 79.857529483000064, 6.873300811000036 ], [ 79.857526434000079, 6.873316759000033 ], [ 79.857525715000065, 6.873318597000036 ], [ 79.857500971000036, 6.873381040000027 ], [ 79.857477669000048, 6.873454418000051 ], [ 79.857464714000059, 6.87350973100007 ], [ 79.85744790800004, 6.873545776000071 ], [ 79.857432440000082, 6.873592042000041 ], [ 79.857418148000079, 6.873637135000024 ], [ 79.85740127400004, 6.873707902000035 ], [ 79.857375432000083, 6.873785072000032 ], [ 79.857355402000053, 6.873896522000052 ], [ 79.857309339000039, 6.873997435000035 ], [ 79.857286156000043, 6.874102911000023 ], [ 79.857267613000033, 6.874194742000043 ], [ 79.857256905000042, 6.874304675000076 ], [ 79.857250089000047, 6.874415245000023 ], [ 79.85723951600005, 6.874502301000064 ], [ 79.857207213000038, 6.874598627000069 ], [ 79.857174918000055, 6.874690343000054 ], [ 79.857128737000039, 6.874804998000059 ], [ 79.85709638000003, 6.874928903000068 ], [ 79.857031931000051, 6.875039002000051 ], [ 79.857013362000032, 6.875144577000071 ], [ 79.85696271200004, 6.875277580000045 ], [ 79.85694416900003, 6.875369323000029 ], [ 79.856934746000036, 6.875470304000032 ], [ 79.856920932000037, 6.875502467000047 ], [ 79.856902495000043, 6.875539143000026 ], [ 79.856893119000063, 6.875663092000025 ], [ 79.856874638000079, 6.875722736000057 ], [ 79.856860762000053, 6.875786907000077 ], [ 79.856846878000056, 6.875855780000052 ], [ 79.856823747000078, 6.875933768000039 ], [ 79.856805197000085, 6.876030123000021 ], [ 79.856786644000067, 6.876126566000039 ], [ 79.856772768000042, 6.876190738000048 ], [ 79.856740481000031, 6.87627793300004 ], [ 79.856731184000068, 6.876360560000023 ], [ 79.856698934000065, 6.87642930800007 ], [ 79.856675795000058, 6.876511908000055 ], [ 79.856652681000071, 6.876580764000039 ], [ 79.856640168000069, 6.876598887000057 ], [ 79.856639363000056, 6.876601287000028 ], [ 79.856600212000046, 6.876657992000048 ], [ 79.856588738000085, 6.876674612000045 ], [ 79.856554378000055, 6.876747419000026 ], [ 79.856551947000071, 6.876752573000033 ], [ 79.856509176000031, 6.876812972000039 ], [ 79.856491522000056, 6.876874232000034 ], [ 79.856477647000077, 6.876938494000058 ], [ 79.856459157000074, 6.877002748000052 ], [ 79.856449887000053, 6.877071630000046 ], [ 79.856445176000079, 6.877122077000024 ], [ 79.856426473000056, 6.87729646300005 ], [ 79.856407974000035, 6.877365327000064 ], [ 79.856407833000048, 6.877438750000067 ], [ 79.856389361000083, 6.877493779000076 ], [ 79.85636620300005, 6.877585603000057 ], [ 79.856343155000047, 6.877668204000031 ], [ 79.856310859000075, 6.877759918000038 ], [ 79.856292325000084, 6.877847139000039 ], [ 79.85626921100004, 6.877915905000066 ], [ 79.856246118000058, 6.878021472000057 ], [ 79.856232233000071, 6.878090346000022 ], [ 79.856232092000084, 6.878163766000057 ], [ 79.856231986000068, 6.878218834000052 ], [ 79.856231880000053, 6.878273990000025 ], [ 79.856204170000069, 6.878333615000031 ], [ 79.856198500000062, 6.878337720000047 ], [ 79.856153615000039, 6.878370228000051 ], [ 79.856107739000038, 6.87837249100005 ], [ 79.856088827000065, 6.878373902000021 ], [ 79.856074488000047, 6.878373874000033 ], [ 79.856067022000047, 6.878373860000067 ], [ 79.856057478000082, 6.87837384200003 ], [ 79.856055351000066, 6.878373837000026 ], [ 79.856036442000061, 6.878373801000066 ], [ 79.85601463900008, 6.878373759000056 ], [ 79.856005953000079, 6.878373742000065 ], [ 79.855989932000057, 6.878376605000028 ], [ 79.855981235000058, 6.878382375000058 ], [ 79.855971027000066, 6.878390017000072 ], [ 79.855969547000029, 6.878391123000029 ], [ 79.855958857000076, 6.878396401000032 ], [ 79.85595237800004, 6.878420593000044 ], [ 79.855898926000066, 6.87862020700004 ], [ 79.855968233000056, 6.878635520000046 ], [ 79.856315445000064, 6.878712237000059 ], [ 79.85735508700003, 6.878967622000062 ], [ 79.858523123000055, 6.879371504000062 ], [ 79.859240962000058, 6.87953436600003 ], [ 79.859623733000035, 6.879660700000045 ], [ 79.860144105000074, 6.879811222000058 ], [ 79.860933623000051, 6.880045992000021 ], [ 79.861483931000066, 6.880190587000072 ], [ 79.862165705000052, 6.880437111000049 ], [ 79.86305033900004, 6.881006994000074 ], [ 79.86348055600007, 6.881360693000033 ], [ 79.864000406000059, 6.881786335000072 ], [ 79.864352778000068, 6.882163810000065 ], [ 79.864561898000034, 6.882343638000066 ], [ 79.864992392000033, 6.882553793000056 ], [ 79.865434832000062, 6.882775932000072 ], [ 79.86591922100007, 6.882968246000075 ], [ 79.866612915000076, 6.883244692000062 ], [ 79.867515844000081, 6.883641155000021 ], [ 79.868018099000039, 6.883881349000035 ], [ 79.868568073000063, 6.88420536700005 ], [ 79.869052443000044, 6.884409641000047 ], [ 79.869644504000064, 6.884632060000058 ], [ 79.870116883000037, 6.884848271000067 ], [ 79.870702938000079, 6.885082640000064 ], [ 79.87111877600006, 6.885288354000068 ], [ 79.871123587000056, 6.885290734000023 ], [ 79.871199600000068, 6.885328338000022 ], [ 79.871211626000047, 6.885263013000042 ], [ 79.871267901000067, 6.885285555000053 ], [ 79.87127342000008, 6.885021732000041 ], [ 79.871273310000049, 6.88499125900006 ], [ 79.871208293000052, 6.883613150000031 ], [ 79.871181958000079, 6.882351827000036 ], [ 79.871159680000062, 6.881980484000053 ], [ 79.871077995000064, 6.881630083000061 ], [ 79.871018679000031, 6.881338548000031 ], [ 79.87101743900007, 6.881332456000052 ], [ 79.870968220000066, 6.881333543000039 ], [ 79.870790212000031, 6.881337470000062 ], [ 79.87066216900007, 6.881337453000071 ], [ 79.870323892000044, 6.881323383000051 ], [ 79.870287533000067, 6.881321871000068 ], [ 79.870252091000054, 6.881312304000062 ], [ 79.870161132000078, 6.881287753000038 ], [ 79.870122227000081, 6.881277252000075 ], [ 79.870249759000046, 6.881012468000051 ], [ 79.870660152000085, 6.880204609000032 ], [ 79.870776317000036, 6.879968830000053 ], [ 79.87087901700005, 6.879773081000053 ], [ 79.871004156000083, 6.879528457000049 ], [ 79.871140247000085, 6.879253681000023 ] ] ] ] } },
{ "type": "Feature", "properties": { "Shape_Leng": 0.03559223492, "Shape_Area": 5.574273e-05, "ADM4_EN": "Wellawatta South", "ADM4_SI": "වැල්ලවත්ත දකුණ", "ADM4_TA": null, "ADM4_PCODE": "LK1127090", "ADM4_REF": null, "ADM3_EN": "Thimbirigasyaya", "ADM3_SI": "තිඹිරිගස්යාය", "ADM3_TA": "திம்பிரிகஸ்யாய", "ADM3_PCODE": "LK1127", "ADM2_EN": "Colombo", "ADM2_SI": "කොළඹ දිස්ත්‍රික්ක", "ADM2_TA": "கொழும்பு மாவட்டம்", "ADM2_PCODE": "LK11", "ADM1_EN": "Western", "ADM1_SI": "බස්නාහිර පළාත", "ADM1_TA": "மேல் மாகாணம் ", "ADM1_PCODE": "LK1", "ADM0_EN": "Sri Lanka", "ADM0_SI": "ශ්‍රී ලංකා", "ADM0_TA": "இலங்கை", "ADM0_PCODE": "LK", "date": "2022-08-02", "validOn": "2022-08-16", "validTo": null, "length_sum": 32491.0, "damage_sco": 3 }, "geometry": { "type": "MultiPolygon", "coordinates": [ [ [ [ 79.86554532100007, 6.870234980000021 ], [ 79.865515035000044, 6.870129590000033 ], [ 79.865482457000041, 6.869953090000024 ], [ 79.865417061000073, 6.869725687000027 ], [ 79.865363616000081, 6.869507279000061 ], [ 79.865375818000075, 6.86938469200004 ], [ 79.86545016000008, 6.869218131000025 ], [ 79.865461863000064, 6.869139635000067 ], [ 79.865507604000072, 6.869003356000064 ], [ 79.86562063100007, 6.868730837000044 ], [ 79.865700359000073, 6.868345813000076 ], [ 79.865700311000069, 6.868343239000069 ], [ 79.865699394000046, 6.868293716000039 ], [ 79.865699025000083, 6.868273804000069 ], [ 79.865698540000039, 6.86824763900006 ], [ 79.865696017000062, 6.86811134900006 ], [ 79.865667578000057, 6.867960575000041 ], [ 79.865602651000074, 6.867785696000055 ], [ 79.865592797000033, 6.867759153000065 ], [ 79.865570102000049, 6.867722383000057 ], [ 79.865081643000053, 6.867205597000066 ], [ 79.86460866300007, 6.866602898000053 ], [ 79.864594375000081, 6.86657178400003 ], [ 79.864444333000051, 6.866337419000047 ], [ 79.86436083600006, 6.866187736000029 ], [ 79.864295840000068, 6.865751 ], [ 79.864290607000044, 6.865356245000044 ], [ 79.864380898000036, 6.865081291000024 ], [ 79.864766025000051, 6.864704299000039 ], [ 79.864925790000029, 6.864521843000034 ], [ 79.864862451000079, 6.864453261000051 ], [ 79.864750119000064, 6.864301496000053 ], [ 79.864740481000069, 6.864288475000023 ], [ 79.864679392000085, 6.864205941000023 ], [ 79.864545636000059, 6.864050182000028 ], [ 79.864325808000046, 6.86384162500002 ], [ 79.86419886200008, 6.863734730000033 ], [ 79.864139115000057, 6.863684420000027 ], [ 79.86405813500005, 6.863616230000048 ], [ 79.863783258000069, 6.863402783000026 ], [ 79.863614272000063, 6.863277479000033 ], [ 79.863614428000062, 6.863276687000052 ], [ 79.863606583000035, 6.863271581000049 ], [ 79.863198848000081, 6.86300621700002 ], [ 79.862968911000053, 6.862790403000076 ], [ 79.862671565000085, 6.862583126000061 ], [ 79.862324838000063, 6.862440029000027 ], [ 79.861854231000052, 6.862427868000054 ], [ 79.861428501000034, 6.862479228000041 ], [ 79.861020894000035, 6.862512785000035 ], [ 79.860545788000081, 6.86262199500004 ], [ 79.860289275000071, 6.862600905000022 ], [ 79.859935475000043, 6.862602349000042 ], [ 79.859935277000034, 6.862602350000031 ], [ 79.859901624000031, 6.862600448000023 ], [ 79.859782444000075, 6.86259371400007 ], [ 79.859775906000039, 6.862593344000061 ], [ 79.859751743000061, 6.862649769000029 ], [ 79.859470429000055, 6.862644850000038 ], [ 79.859449125000083, 6.862779459000024 ], [ 79.859434809000049, 6.862884862000044 ], [ 79.859414291000064, 6.863017109000054 ], [ 79.85939182900006, 6.863124486000061 ], [ 79.859373067000035, 6.863237206000065 ], [ 79.859340448000069, 6.863451803000032 ], [ 79.859330303000036, 6.863694021000072 ], [ 79.859320271000058, 6.863924937000036 ], [ 79.859296898000082, 6.864130328000044 ], [ 79.859280216000059, 6.864278064000075 ], [ 79.859281215000067, 6.864278066000054 ], [ 79.859281108000062, 6.864278572000046 ], [ 79.859263144000067, 6.864360676000047 ], [ 79.859222617000057, 6.864594879000038 ], [ 79.859214011000063, 6.864742610000064 ], [ 79.85916612300008, 6.864945784000042 ], [ 79.859121926000057, 6.865111622000029 ], [ 79.859101359000078, 6.865268555000057 ], [ 79.859071682000035, 6.865458473000047 ], [ 79.859039125000038, 6.865640155000051 ], [ 79.858991502000038, 6.865847401000053 ], [ 79.85894782500003, 6.866072464000069 ], [ 79.858911850000084, 6.866243834000045 ], [ 79.858878529000037, 6.866399385000022 ], [ 79.858860137000079, 6.866554873000041 ], [ 79.858829391000029, 6.866736110000033 ], [ 79.858800917000053, 6.866910928000038 ], [ 79.858784168000057, 6.867011898000044 ], [ 79.858760726000071, 6.867158967000023 ], [ 79.858736795000084, 6.867324301000053 ], [ 79.858704580000051, 6.867516203000037 ], [ 79.858663547000049, 6.86773024200005 ], [ 79.858632535000083, 6.867908493000073 ], [ 79.858622411000056, 6.867998623000062 ], [ 79.85861523300008, 6.868061542000021 ], [ 79.858582797000054, 6.868226408000055 ], [ 79.858549757000048, 6.868377527000064 ], [ 79.858527183000035, 6.86849584600003 ], [ 79.858496569000067, 6.868655923000063 ], [ 79.858467924000081, 6.86877838700002 ], [ 79.858445522000068, 6.86890149900006 ], [ 79.858416859000044, 6.869034272000022 ], [ 79.858391320000067, 6.869141553000077 ], [ 79.858367725000051, 6.869272890000047 ], [ 79.858343029000082, 6.869413446000067 ], [ 79.858318926000038, 6.869574530000023 ], [ 79.85829738700005, 6.869718620000071 ], [ 79.858273301000054, 6.869871115000024 ], [ 79.858240798000054, 6.870024496000042 ], [ 79.85821138600005, 6.870169385000054 ], [ 79.85818757800007, 6.870318714000064 ], [ 79.858170835000067, 6.870462452000027 ], [ 79.85814844600003, 6.870578871000021 ], [ 79.858130528000061, 6.870722607000062 ], [ 79.858074999000053, 6.870851983000023 ], [ 79.858048892000056, 6.870972554000048 ], [ 79.858022930000061, 6.871112567000068 ], [ 79.858004468000047, 6.87125657200005 ], [ 79.857955283000081, 6.871474935000037 ], [ 79.857901651000077, 6.87170061300003 ], [ 79.857854625000073, 6.871925852000061 ], [ 79.85780389100006, 6.872102889000075 ], [ 79.857772285000067, 6.872212961000059 ], [ 79.857737389000079, 6.872340569000073 ], [ 79.857701705000068, 6.87250154000003 ], [ 79.85766252600007, 6.872644330000071 ], [ 79.857653151000079, 6.872690110000065 ], [ 79.857637502000046, 6.872766531000025 ], [ 79.857625724000059, 6.872799721000035 ], [ 79.857622510000056, 6.872808777000046 ], [ 79.857837054000072, 6.872852902000034 ], [ 79.857875310000054, 6.872860771000035 ], [ 79.857989365000037, 6.872884228000032 ], [ 79.857986694000033, 6.872895829000072 ], [ 79.858017650000079, 6.872904073000029 ], [ 79.858052858000065, 6.87291344700003 ], [ 79.858433922000074, 6.873014907000027 ], [ 79.858664257000044, 6.873068696000075 ], [ 79.858780093000064, 6.873101199000075 ], [ 79.858846021000033, 6.873115703000053 ], [ 79.859080325000036, 6.873175558000071 ], [ 79.859186045000058, 6.873199088000035 ], [ 79.85940217700005, 6.873252218000061 ], [ 79.859504723000043, 6.873279178000075 ], [ 79.859664692000081, 6.873320898000031 ], [ 79.859683864000033, 6.873325906000048 ], [ 79.859763174000079, 6.873344415000076 ], [ 79.859862175000046, 6.873369249000064 ], [ 79.86006973700006, 6.873421317000066 ], [ 79.860366389000035, 6.873474780000038 ], [ 79.860380113000076, 6.873477627000057 ], [ 79.860841102000052, 6.873573252000028 ], [ 79.861351889000048, 6.873684633000039 ], [ 79.861490351000043, 6.873713289000023 ], [ 79.861495182000056, 6.873689520000028 ], [ 79.86150841500006, 6.87362439900005 ], [ 79.861569355000086, 6.873324539000066 ], [ 79.861579219000078, 6.873276092000026 ], [ 79.861649194000051, 6.872924217000048 ], [ 79.861679038000034, 6.872741985000062 ], [ 79.861694692000071, 6.87264644000004 ], [ 79.861756343000081, 6.872342292000042 ], [ 79.861827177000066, 6.872015464000071 ], [ 79.86184105600006, 6.871901922000063 ], [ 79.861919664000084, 6.871448258000044 ], [ 79.861946260000082, 6.871294765000073 ], [ 79.861969178000038, 6.871187805000034 ], [ 79.861995100000058, 6.871066816000052 ], [ 79.862072735000083, 6.870643066000071 ], [ 79.862091775000067, 6.87054291100003 ], [ 79.862091100000043, 6.870542828000055 ], [ 79.862115723000045, 6.870393137000065 ], [ 79.86215874100003, 6.87019065000004 ], [ 79.862163228000043, 6.870167047000052 ], [ 79.862212912000075, 6.869813815000043 ], [ 79.862250526000082, 6.869589280000071 ], [ 79.862304491000032, 6.869282675000022 ], [ 79.862338733000058, 6.869118899000057 ], [ 79.862369870000066, 6.869126144000063 ], [ 79.862487299000065, 6.869153469000025 ], [ 79.862760695000077, 6.869217087000038 ], [ 79.862890940000057, 6.869247917000052 ], [ 79.863145397000039, 6.869308150000052 ], [ 79.863450964000037, 6.869383692000042 ], [ 79.863442420000069, 6.869419157000038 ], [ 79.863432087000035, 6.869462051000028 ], [ 79.863380164000034, 6.869694154000058 ], [ 79.863357690000043, 6.869807407000053 ], [ 79.863762748000056, 6.869893426000033 ], [ 79.864168799000083, 6.869985455000062 ], [ 79.864239798000085, 6.870004126000026 ], [ 79.864365495000072, 6.870037370000034 ], [ 79.864453217000062, 6.870056796000028 ], [ 79.864934503000029, 6.870170286000075 ], [ 79.865287458000068, 6.870257581000033 ], [ 79.865363116000083, 6.870245879000038 ], [ 79.86536307800003, 6.870245707000038 ], [ 79.865362021000067, 6.870241007000061 ], [ 79.865495549000059, 6.870236617000046 ], [ 79.86554532100007, 6.870234980000021 ] ] ] ] } },
{ "type": "Feature", "properties": { "Shape_Leng": 0.03604296366, "Shape_Area": 5.215023e-05, "ADM4_EN": "Pamankada West", "ADM4_SI": "පාමංකඩ බටහිර", "ADM4_TA": null, "ADM4_PCODE": "LK1127095", "ADM4_REF": null, "ADM3_EN": "Thimbirigasyaya", "ADM3_SI": "තිඹිරිගස්යාය", "ADM3_TA": "திம்பிரிகஸ்யாய", "ADM3_PCODE": "LK1127", "ADM2_EN": "Colombo", "ADM2_SI": "කොළඹ දිස්ත්‍රික්ක", "ADM2_TA": "கொழும்பு மாவட்டம்", "ADM2_PCODE": "LK11", "ADM1_EN": "Western", "ADM1_SI": "බස්නාහිර පළාත", "ADM1_TA": "மேல் மாகாணம் ", "ADM1_PCODE": "LK1", "ADM0_EN": "Sri Lanka", "ADM0_SI": "ශ්‍රී ලංකා", "ADM0_TA": "இலங்கை", "ADM0_PCODE": "LK", "date": "2022-08-02", "validOn": "2022-08-16", "validTo": null, "length_sum": 31356.0, "damage_sco": 3 }, "geometry": { "type": "MultiPolygon", "coordinates": [ [ [ [ 79.869389536000085, 6.878853932000027 ], [ 79.869395528000041, 6.878775886000028 ], [ 79.869405307000079, 6.878648524000027 ], [ 79.869419372000038, 6.878578656000059 ], [ 79.869423690000076, 6.87849619900004 ], [ 79.869462964000036, 6.878159364000055 ], [ 79.869488987000068, 6.877890502000071 ], [ 79.869507886000065, 6.877753549000033 ], [ 79.869506217000037, 6.877726600000074 ], [ 79.869521561000056, 6.877543087000049 ], [ 79.869540286000074, 6.87731913600004 ], [ 79.869538248000083, 6.877248875000021 ], [ 79.869536181000058, 6.877248338000072 ], [ 79.869538613000032, 6.877233960000069 ], [ 79.869546797000055, 6.877221539000061 ], [ 79.869574567000029, 6.877132753000069 ], [ 79.869617191000032, 6.877032014000065 ], [ 79.869661999000073, 6.876972331000047 ], [ 79.869693376000043, 6.876933871000062 ], [ 79.869802783000068, 6.87683160000006 ], [ 79.869807579000053, 6.876827119000041 ], [ 79.869866115000036, 6.876779849000059 ], [ 79.869909914000061, 6.876665346000038 ], [ 79.869913396000072, 6.876656242000024 ], [ 79.869942092000031, 6.876600663000033 ], [ 79.869975147000048, 6.876536642000076 ], [ 79.870007673000032, 6.876464275000046 ], [ 79.870032504000051, 6.87639542200003 ], [ 79.870073781000031, 6.876289616000065 ], [ 79.870096622000062, 6.876220126000021 ], [ 79.870135062000031, 6.876130592000038 ], [ 79.870171544000073, 6.876024686000051 ], [ 79.870230112000058, 6.87581725900003 ], [ 79.870235668000078, 6.87579757900005 ], [ 79.870312758000068, 6.875508288000049 ], [ 79.870323245000066, 6.875464724000039 ], [ 79.870259587000078, 6.875445796000065 ], [ 79.870178427000042, 6.875416844000029 ], [ 79.870061107000083, 6.875374994000026 ], [ 79.869973155000082, 6.875343620000024 ], [ 79.869713018000084, 6.875260121000053 ], [ 79.86963995800005, 6.875237016000028 ], [ 79.86963843500007, 6.875180952000051 ], [ 79.869661406000034, 6.874803396000061 ], [ 79.869661883000049, 6.874787278000042 ], [ 79.869662954000034, 6.874750954000035 ], [ 79.869674477000046, 6.874709283000072 ], [ 79.869678623000084, 6.874694291000026 ], [ 79.869688461000067, 6.874564193000026 ], [ 79.869695039000078, 6.874339418000034 ], [ 79.869699801000081, 6.874142015000075 ], [ 79.869675063000045, 6.874043431000075 ], [ 79.869637610000041, 6.874002689000065 ], [ 79.869622605000075, 6.873986366000054 ], [ 79.869591968000066, 6.873920573000021 ], [ 79.869585329000074, 6.873898187000066 ], [ 79.869565339000076, 6.873835559000042 ], [ 79.869564981000053, 6.873834480000028 ], [ 79.869534132000069, 6.873741520000067 ], [ 79.869531685000084, 6.873648291000052 ], [ 79.869531328000051, 6.873643509000033 ], [ 79.869528067000033, 6.87359981700007 ], [ 79.869523653000044, 6.873581529000035 ], [ 79.869509485000037, 6.873522835000074 ], [ 79.869521562000045, 6.873356663000038 ], [ 79.869528470000034, 6.873339678000036 ], [ 79.869534999000052, 6.873323520000042 ], [ 79.86952556500006, 6.87316826600005 ], [ 79.869518395000057, 6.873165644000039 ], [ 79.869599976000075, 6.872958466000057 ], [ 79.869623182000055, 6.87289226200005 ], [ 79.869612095000036, 6.872889833000045 ], [ 79.869545409000068, 6.872917276000067 ], [ 79.86950949900006, 6.872918644000038 ], [ 79.869450617000041, 6.872915661000036 ], [ 79.869371665000074, 6.872892544000024 ], [ 79.869302656000059, 6.872850235000044 ], [ 79.869070842000042, 6.87274943500006 ], [ 79.868917563000082, 6.872663448000026 ], [ 79.86869183400006, 6.872533401000055 ], [ 79.868537610000033, 6.872439805000056 ], [ 79.868227300000058, 6.872135865000075 ], [ 79.868188749000069, 6.87210540500007 ], [ 79.867930661000059, 6.871871656000053 ], [ 79.867690412000059, 6.871698947000027 ], [ 79.86753969800003, 6.871648421000032 ], [ 79.867184253000062, 6.871629804000065 ], [ 79.866965214000061, 6.871632977000047 ], [ 79.866735375000076, 6.871650483000053 ], [ 79.866479448000064, 6.871661362000054 ], [ 79.866472632000068, 6.871662545000049 ], [ 79.866266321000069, 6.871581410000033 ], [ 79.86604529400006, 6.871371654000029 ], [ 79.865854273000082, 6.871117100000049 ], [ 79.865749926000035, 6.870916538000074 ], [ 79.86561907600003, 6.870491638000033 ], [ 79.86554532100007, 6.870234980000021 ], [ 79.865495549000059, 6.870236617000046 ], [ 79.865362021000067, 6.870241007000061 ], [ 79.86536307800003, 6.870245707000038 ], [ 79.865363116000083, 6.870245879000038 ], [ 79.865287458000068, 6.870257581000033 ], [ 79.864934503000029, 6.870170286000075 ], [ 79.864453217000062, 6.870056796000028 ], [ 79.864365495000072, 6.870037370000034 ], [ 79.864239798000085, 6.870004126000026 ], [ 79.864168799000083, 6.869985455000062 ], [ 79.863762748000056, 6.869893426000033 ], [ 79.863357690000043, 6.869807407000053 ], [ 79.863380164000034, 6.869694154000058 ], [ 79.863432087000035, 6.869462051000028 ], [ 79.863442420000069, 6.869419157000038 ], [ 79.863450964000037, 6.869383692000042 ], [ 79.863145397000039, 6.869308150000052 ], [ 79.862890940000057, 6.869247917000052 ], [ 79.862760695000077, 6.869217087000038 ], [ 79.862487299000065, 6.869153469000025 ], [ 79.862369870000066, 6.869126144000063 ], [ 79.862338733000058, 6.869118899000057 ], [ 79.862304491000032, 6.869282675000022 ], [ 79.862250526000082, 6.869589280000071 ], [ 79.862212912000075, 6.869813815000043 ], [ 79.862163228000043, 6.870167047000052 ], [ 79.86215874100003, 6.87019065000004 ], [ 79.862115723000045, 6.870393137000065 ], [ 79.862091100000043, 6.870542828000055 ], [ 79.862091775000067, 6.87054291100003 ], [ 79.862072735000083, 6.870643066000071 ], [ 79.861995100000058, 6.871066816000052 ], [ 79.861969178000038, 6.871187805000034 ], [ 79.861946260000082, 6.871294765000073 ], [ 79.861919664000084, 6.871448258000044 ], [ 79.86184105600006, 6.871901922000063 ], [ 79.861827177000066, 6.872015464000071 ], [ 79.861756343000081, 6.872342292000042 ], [ 79.861694692000071, 6.87264644000004 ], [ 79.861679038000034, 6.872741985000062 ], [ 79.861649194000051, 6.872924217000048 ], [ 79.861579219000078, 6.873276092000026 ], [ 79.861569355000086, 6.873324539000066 ], [ 79.86150841500006, 6.87362439900005 ], [ 79.861495182000056, 6.873689520000028 ], [ 79.861490351000043, 6.873713289000023 ], [ 79.861476024000069, 6.873777099000051 ], [ 79.861442542000077, 6.873920480000038 ], [ 79.861392466000041, 6.874134917000049 ], [ 79.86132946500004, 6.874339690000056 ], [ 79.861322542000039, 6.874361506000071 ], [ 79.861313808000034, 6.874389029000042 ], [ 79.861257489000081, 6.87455385100003 ], [ 79.861269605000075, 6.874556061000021 ], [ 79.861351640000066, 6.874571030000027 ], [ 79.861401385000079, 6.874582878000069 ], [ 79.861675393000041, 6.874648144000048 ], [ 79.862419119000037, 6.874825433000069 ], [ 79.86307604600006, 6.874972717000048 ], [ 79.863125225000033, 6.874993517000064 ], [ 79.863171047000037, 6.875019284000075 ], [ 79.863198142000044, 6.875039307000065 ], [ 79.863268080000068, 6.875090991000036 ], [ 79.863307678000069, 6.875118775000033 ], [ 79.863312534000045, 6.875122182000041 ], [ 79.863373210000077, 6.875139839000042 ], [ 79.863442040000052, 6.875150731000076 ], [ 79.863529705000076, 6.875153609000051 ], [ 79.863846133000038, 6.875198935000071 ], [ 79.863896299000032, 6.875206121000076 ], [ 79.864253310000038, 6.875282768000034 ], [ 79.864253355000073, 6.875282777000052 ], [ 79.864693058000057, 6.875377178000065 ], [ 79.865587308000045, 6.875568853000061 ], [ 79.865674725000076, 6.875595495000027 ], [ 79.865676285000063, 6.875595970000063 ], [ 79.865407485000048, 6.87639377000005 ], [ 79.865404362000049, 6.876404430000036 ], [ 79.865379397000083, 6.876518695000073 ], [ 79.865582885000038, 6.87656185000003 ], [ 79.865827560000071, 6.876592698000024 ], [ 79.865976808000084, 6.876611879000052 ], [ 79.86597389800005, 6.876635921000059 ], [ 79.865954012000032, 6.876800184000047 ], [ 79.865913140000032, 6.877073901000074 ], [ 79.86587961500004, 6.877336963000062 ], [ 79.865837323000051, 6.87754783400004 ], [ 79.865822034000075, 6.877636591000055 ], [ 79.865804937000064, 6.877735849000032 ], [ 79.865786136000054, 6.877800111000056 ], [ 79.865698386000076, 6.878100042000028 ], [ 79.865636321000068, 6.878290081000046 ], [ 79.865618854000047, 6.878340141000024 ], [ 79.865584303000048, 6.87842941100007 ], [ 79.865536449000047, 6.878520283000057 ], [ 79.865514595000036, 6.878593574000035 ], [ 79.865447375000031, 6.878797367000061 ], [ 79.865442612000038, 6.878811803000076 ], [ 79.865423817000078, 6.878896842000074 ], [ 79.86540519600004, 6.878981091000071 ], [ 79.86540059400005, 6.87901118800005 ], [ 79.865371846000073, 6.87919921200006 ], [ 79.865365509000071, 6.879248932000053 ], [ 79.865348315000062, 6.879392960000075 ], [ 79.865343444000075, 6.879428536000034 ], [ 79.865318169000034, 6.879544249000048 ], [ 79.865327001000082, 6.879548607000061 ], [ 79.865326953000078, 6.879548963000047 ], [ 79.865328127000055, 6.879549162000046 ], [ 79.865464603000078, 6.879616502000033 ], [ 79.865619998000057, 6.879638680000028 ], [ 79.865971780000052, 6.879679496000051 ], [ 79.866065954000078, 6.879685643000073 ], [ 79.866373499000076, 6.87970486200004 ], [ 79.866453960000058, 6.879709891000061 ], [ 79.866536135000047, 6.879726150000067 ], [ 79.866634842000053, 6.879745680000042 ], [ 79.866788761000066, 6.879759217000071 ], [ 79.86698791200007, 6.879776732000039 ], [ 79.867382680000048, 6.879802865000045 ], [ 79.867516675000047, 6.879811735000033 ], [ 79.867624588000069, 6.879825414000038 ], [ 79.867803493000054, 6.879855307000071 ], [ 79.868069045000084, 6.879899680000051 ], [ 79.868264165000085, 6.879919039000072 ], [ 79.868349322000086, 6.879924291000066 ], [ 79.868354903000068, 6.879924635000066 ], [ 79.868385038000042, 6.879870916000073 ], [ 79.868389763000039, 6.879862492000029 ], [ 79.868411858000059, 6.879805117000046 ], [ 79.868431670000064, 6.879758859000049 ], [ 79.868456458000082, 6.87971206800006 ], [ 79.868476251000061, 6.879688854000051 ], [ 79.868485475000057, 6.879678034000051 ], [ 79.868515283000079, 6.879655937000052 ], [ 79.868525932000068, 6.879652921000059 ], [ 79.868551131000061, 6.879645788000062 ], [ 79.868615823000084, 6.879645006000032 ], [ 79.86868826400007, 6.879660515000069 ], [ 79.868845479000072, 6.87970741700002 ], [ 79.868903746000058, 6.879724800000076 ], [ 79.868938339000067, 6.879735120000021 ], [ 79.869331263000049, 6.879852343000039 ], [ 79.869345290000069, 6.879856528000062 ], [ 79.869487843000059, 6.879875968000022 ], [ 79.869485317000056, 6.879854297000065 ], [ 79.86948269100003, 6.879831766000052 ], [ 79.869476448000057, 6.879778200000032 ], [ 79.869419632000074, 6.879586309000047 ], [ 79.869413092000059, 6.879551847000073 ], [ 79.869382046000055, 6.879272206000053 ], [ 79.869367368000042, 6.879137250000042 ], [ 79.869361950000041, 6.879087437000067 ], [ 79.869367121000039, 6.879041396000048 ], [ 79.869368263000069, 6.879031225000062 ], [ 79.869379251000055, 6.878933393000068 ], [ 79.869386774000077, 6.878875268000058 ], [ 79.869389536000085, 6.878853932000027 ] ] ] ] } },
{ "type": "Feature", "properties": { "Shape_Leng": 0.04221855313, "Shape_Area": 7.172178e-05, "ADM4_EN": "Pamankada East", "ADM4_SI": "පාමංකඩ නැගෙනහිර", "ADM4_TA": null, "ADM4_PCODE": "LK1127100", "ADM4_REF": null, "ADM3_EN": "Thimbirigasyaya", "ADM3_SI": "තිඹිරිගස්යාය", "ADM3_TA": "திம்பிரிகஸ்யாய", "ADM3_PCODE": "LK1127", "ADM2_EN": "Colombo", "ADM2_SI": "කොළඹ දිස්ත්‍රික්ක", "ADM2_TA": "கொழும்பு மாவட்டம்", "ADM2_PCODE": "LK11", "ADM1_EN": "Western", "ADM1_SI": "බස්නාහිර පළාත", "ADM1_TA": "மேல் மாகாணம் ", "ADM1_PCODE": "LK1", "ADM0_EN": "Sri Lanka", "ADM0_SI": "ශ්‍රී ලංකා", "ADM0_TA": "இலங்கை", "ADM0_PCODE": "LK", "date": "2022-08-02", "validOn": "2022-08-16", "validTo": null, "length_sum": 37900.0, "damage_sco": 3 }, "geometry": { "type": "MultiPolygon", "coordinates": [ [ [ [ 79.883327296000061, 6.872488540000063 ], [ 79.883312724000064, 6.872483547000058 ], [ 79.883188299000039, 6.87245460500003 ], [ 79.883096373000058, 6.872456348000071 ], [ 79.882994818000043, 6.872486781000021 ], [ 79.882960361000073, 6.872479062000025 ], [ 79.882924065000054, 6.872431146000054 ], [ 79.88287828600005, 6.872333450000042 ], [ 79.882820952000031, 6.872270183000069 ], [ 79.882696499000076, 6.872256553000057 ], [ 79.882588314000031, 6.872167580000053 ], [ 79.882586639000067, 6.872166873000026 ], [ 79.882586930000059, 6.872162284000069 ], [ 79.882549874000063, 6.872104721000028 ], [ 79.882551203000048, 6.872034147000022 ], [ 79.882551431000081, 6.871912135000059 ], [ 79.882560055000056, 6.871780569000066 ], [ 79.882579464000059, 6.871641845000056 ], [ 79.882598763000033, 6.871562932000074 ], [ 79.882604912000033, 6.871474425000031 ], [ 79.882615738000084, 6.871445736000055 ], [ 79.882635107000056, 6.871401201000026 ], [ 79.882637471000066, 6.871395764000056 ], [ 79.882671665000032, 6.871204918000046 ], [ 79.882693159000041, 6.870975286000032 ], [ 79.882704814000078, 6.870887269000036 ], [ 79.882706968000036, 6.870759040000053 ], [ 79.882676269000058, 6.870750921000024 ], [ 79.882676140000058, 6.870750887000042 ], [ 79.882656699000052, 6.87074808400007 ], [ 79.882501253000044, 6.870751245000065 ], [ 79.882332702000042, 6.870750932000021 ], [ 79.882224944000029, 6.870750730000054 ], [ 79.882081458000073, 6.870747569000059 ], [ 79.881995275000065, 6.87072706400005 ], [ 79.881952670000032, 6.870721740000022 ], [ 79.881756512000038, 6.870678422000026 ], [ 79.881622942000035, 6.870641521000039 ], [ 79.881411168000056, 6.870583016000069 ], [ 79.881114221000075, 6.870491859000026 ], [ 79.880930235000051, 6.870422704000021 ], [ 79.880829304000031, 6.870401809000043 ], [ 79.880754544000069, 6.87039595300007 ], [ 79.880663760000061, 6.870388840000032 ], [ 79.880660110000065, 6.870388647000027 ], [ 79.880650483000068, 6.870376789000034 ], [ 79.880643211000063, 6.870367832000056 ], [ 79.880630239000084, 6.870364556000027 ], [ 79.880534305000083, 6.870295347000024 ], [ 79.88047810900008, 6.870264140000074 ], [ 79.880437351000069, 6.870297557000072 ], [ 79.880420873000048, 6.870311675000039 ], [ 79.880385802000035, 6.870341720000056 ], [ 79.88035945300004, 6.870351241000037 ], [ 79.880340353000065, 6.870323693000046 ], [ 79.880317827000056, 6.870299681000063 ], [ 79.880302129000029, 6.870282950000046 ], [ 79.880280567000057, 6.870292480000046 ], [ 79.880242210000063, 6.870322313000031 ], [ 79.880242172000067, 6.870342648000076 ], [ 79.880247456000063, 6.87037205300004 ], [ 79.880259524000053, 6.870407994000061 ], [ 79.880259445000036, 6.870450099000038 ], [ 79.880221041000084, 6.870505532000038 ], [ 79.880174968000063, 6.870564777000027 ], [ 79.880138457000044, 6.870631696000032 ], [ 79.880090499000062, 6.870675627000026 ], [ 79.880065520000073, 6.870719600000029 ], [ 79.88001570800003, 6.870730991000073 ], [ 79.879941061000068, 6.870709798000064 ], [ 79.87989123400007, 6.870728843000052 ], [ 79.879849010000044, 6.870778527000027 ], [ 79.879799068000068, 6.870858818000045 ], [ 79.879745418000084, 6.870874029000049 ], [ 79.879653554000072, 6.870843234000063 ], [ 79.879560984000079, 6.870812340000043 ], [ 79.879493130000071, 6.870789693000063 ], [ 79.879424589000052, 6.870777732000022 ], [ 79.879319255000041, 6.870781363000049 ], [ 79.879261728000074, 6.870821447000026 ], [ 79.879144780000047, 6.870863211000028 ], [ 79.879058737000037, 6.87081915400006 ], [ 79.878966848000061, 6.870801757000038 ], [ 79.878859422000062, 6.870797607000043 ], [ 79.878858705000084, 6.870809820000034 ], [ 79.878859479000084, 6.870844804000058 ], [ 79.87885725700005, 6.870913668000071 ], [ 79.878857667000034, 6.870924284000068 ], [ 79.878856917000064, 6.870924227000046 ], [ 79.878852008000081, 6.870923854000068 ], [ 79.878831818000037, 6.870922321000023 ], [ 79.878756174000046, 6.870922180000036 ], [ 79.878658504000043, 6.870922953000047 ], [ 79.878624053000067, 6.87091236200007 ], [ 79.878555389000041, 6.870929093000029 ], [ 79.878482078000047, 6.870955738000021 ], [ 79.878446244000031, 6.870966338000073 ], [ 79.878319923000049, 6.871003709000036 ], [ 79.87831013300007, 6.871006606000037 ], [ 79.878272309000067, 6.870999293000068 ], [ 79.878160966000053, 6.871015831000022 ], [ 79.878122618000077, 6.871040880000066 ], [ 79.878086918000065, 6.871078272000034 ], [ 79.878072652000071, 6.871095822000029 ], [ 79.878036545000043, 6.871118443000057 ], [ 79.878020178000043, 6.871124613000063 ], [ 79.877798105000068, 6.871199740000066 ], [ 79.877673510000079, 6.871211103000064 ], [ 79.877408950000074, 6.871296108000024 ], [ 79.877366498000072, 6.87132179200006 ], [ 79.877413747000048, 6.871458713000038 ], [ 79.877303930000039, 6.871495069000048 ], [ 79.877215337000052, 6.871506865000072 ], [ 79.877079808000076, 6.871543401000054 ], [ 79.87697068500006, 6.871649782000077 ], [ 79.876894118000052, 6.871745502000067 ], [ 79.87683897900007, 6.871788461000051 ], [ 79.876757491000035, 6.871840941000073 ], [ 79.876652680000063, 6.871884170000044 ], [ 79.876503711000055, 6.871990035000067 ], [ 79.876244621000069, 6.872017965000055 ], [ 79.876223866000032, 6.87215954900006 ], [ 79.876219176000063, 6.872159994000071 ], [ 79.876052661000074, 6.872175810000044 ], [ 79.875869714000032, 6.872192291000033 ], [ 79.875821492000057, 6.872131360000026 ], [ 79.87577417500006, 6.872114198000077 ], [ 79.875609895000082, 6.872165524000025 ], [ 79.875518113000055, 6.872212878000028 ], [ 79.875422309000044, 6.872262308000074 ], [ 79.875361797000039, 6.872302071000036 ], [ 79.87532989500005, 6.872331127000052 ], [ 79.875321990000032, 6.872348653000074 ], [ 79.875316687000065, 6.87237839200003 ], [ 79.875326144000041, 6.872449390000043 ], [ 79.875370849000035, 6.872684480000032 ], [ 79.875391226000033, 6.872800154000061 ], [ 79.875374216000068, 6.872831886000029 ], [ 79.875292763000061, 6.872865227000034 ], [ 79.875149098000065, 6.872884096000064 ], [ 79.875043852000033, 6.872840835000034 ], [ 79.874975968000058, 6.872845777000066 ], [ 79.874897180000062, 6.872851514000047 ], [ 79.874867746000064, 6.872886400000027 ], [ 79.87487799400003, 6.872945411000046 ], [ 79.874840089000031, 6.872972881000067 ], [ 79.874842241000067, 6.872994166000069 ], [ 79.874850938000066, 6.873080190000053 ], [ 79.874854642000059, 6.87314718500005 ], [ 79.87481628300003, 6.87317773500007 ], [ 79.87478746000005, 6.873229357000071 ], [ 79.874747085000081, 6.873313493000069 ], [ 79.874703017000058, 6.873324894000064 ], [ 79.874624457000039, 6.873347713000044 ], [ 79.874595655000064, 6.873387851000075 ], [ 79.874532376000047, 6.873431752000045 ], [ 79.874472653000055, 6.873462538000069 ], [ 79.874382774000082, 6.87360675900004 ], [ 79.874366864000081, 6.873621337000031 ], [ 79.874221341000066, 6.873667631000046 ], [ 79.874221332000047, 6.873672416000034 ], [ 79.874182502000053, 6.87371003100003 ], [ 79.874132598000074, 6.873758375000023 ], [ 79.874079809000079, 6.873825263000072 ], [ 79.873993496000082, 6.873896873000035 ], [ 79.873861749000071, 6.874045408000029 ], [ 79.873858091000045, 6.874048194000068 ], [ 79.87379308800007, 6.874113631000057 ], [ 79.873772664000057, 6.874134191000053 ], [ 79.873744803000079, 6.874162237000064 ], [ 79.87374228200008, 6.874165143000027 ], [ 79.873572700000068, 6.874003858000037 ], [ 79.873384452000039, 6.873862949000056 ], [ 79.873215200000061, 6.873791638000057 ], [ 79.873106392000068, 6.873745795000048 ], [ 79.872891107000044, 6.873661655000035 ], [ 79.872749700000043, 6.873643202000039 ], [ 79.872709350000036, 6.873637936000023 ], [ 79.872686486000077, 6.873634952000032 ], [ 79.87266072400007, 6.873634904000028 ], [ 79.872483012000032, 6.873634568000057 ], [ 79.872260288000064, 6.873686780000071 ], [ 79.872159748000058, 6.873686590000034 ], [ 79.871896389000085, 6.873707626000055 ], [ 79.871818221000069, 6.873691328000064 ], [ 79.871672239000077, 6.873669521000068 ], [ 79.871440153000037, 6.873609273000056 ], [ 79.871258300000079, 6.873568258000034 ], [ 79.870712726000079, 6.873371533000068 ], [ 79.870628151000062, 6.873344090000046 ], [ 79.870566342000075, 6.87331754500002 ], [ 79.869721249000065, 6.873037078000038 ], [ 79.86969113400005, 6.873018649000073 ], [ 79.869598708000069, 6.87296208500004 ], [ 79.869598963000044, 6.872961359000044 ], [ 79.869599976000075, 6.872958466000057 ], [ 79.869518395000057, 6.873165644000039 ], [ 79.86952556500006, 6.87316826600005 ], [ 79.869534999000052, 6.873323520000042 ], [ 79.869528470000034, 6.873339678000036 ], [ 79.869521562000045, 6.873356663000038 ], [ 79.869509485000037, 6.873522835000074 ], [ 79.869523653000044, 6.873581529000035 ], [ 79.869528067000033, 6.87359981700007 ], [ 79.869531328000051, 6.873643509000033 ], [ 79.869531685000084, 6.873648291000052 ], [ 79.869534132000069, 6.873741520000067 ], [ 79.869564981000053, 6.873834480000028 ], [ 79.869565339000076, 6.873835559000042 ], [ 79.869585329000074, 6.873898187000066 ], [ 79.869591968000066, 6.873920573000021 ], [ 79.869622605000075, 6.873986366000054 ], [ 79.869637610000041, 6.874002689000065 ], [ 79.869675063000045, 6.874043431000075 ], [ 79.869699801000081, 6.874142015000075 ], [ 79.869695039000078, 6.874339418000034 ], [ 79.869688461000067, 6.874564193000026 ], [ 79.869678623000084, 6.874694291000026 ], [ 79.869674477000046, 6.874709283000072 ], [ 79.869662954000034, 6.874750954000035 ], [ 79.869661883000049, 6.874787278000042 ], [ 79.869661406000034, 6.874803396000061 ], [ 79.86963843500007, 6.875180952000051 ], [ 79.86963995800005, 6.875237016000028 ], [ 79.869713018000084, 6.875260121000053 ], [ 79.869973155000082, 6.875343620000024 ], [ 79.870061107000083, 6.875374994000026 ], [ 79.870178427000042, 6.875416844000029 ], [ 79.870259587000078, 6.875445796000065 ], [ 79.870323245000066, 6.875464724000039 ], [ 79.870312758000068, 6.875508288000049 ], [ 79.870235668000078, 6.87579757900005 ], [ 79.870230112000058, 6.87581725900003 ], [ 79.870171544000073, 6.876024686000051 ], [ 79.870135062000031, 6.876130592000038 ], [ 79.870096622000062, 6.876220126000021 ], [ 79.870073781000031, 6.876289616000065 ], [ 79.870032504000051, 6.87639542200003 ], [ 79.870007673000032, 6.876464275000046 ], [ 79.869975147000048, 6.876536642000076 ], [ 79.869942092000031, 6.876600663000033 ], [ 79.869913396000072, 6.876656242000024 ], [ 79.869909914000061, 6.876665346000038 ], [ 79.869866115000036, 6.876779849000059 ], [ 79.869807579000053, 6.876827119000041 ], [ 79.869802783000068, 6.87683160000006 ], [ 79.869693376000043, 6.876933871000062 ], [ 79.869661999000073, 6.876972331000047 ], [ 79.869617191000032, 6.877032014000065 ], [ 79.869574567000029, 6.877132753000069 ], [ 79.869546797000055, 6.877221539000061 ], [ 79.869538613000032, 6.877233960000069 ], [ 79.869536181000058, 6.877248338000072 ], [ 79.869538248000083, 6.877248875000021 ], [ 79.869540286000074, 6.87731913600004 ], [ 79.869521561000056, 6.877543087000049 ], [ 79.869506217000037, 6.877726600000074 ], [ 79.869507886000065, 6.877753549000033 ], [ 79.869488987000068, 6.877890502000071 ], [ 79.869462964000036, 6.878159364000055 ], [ 79.869423690000076, 6.87849619900004 ], [ 79.869419372000038, 6.878578656000059 ], [ 79.869405307000079, 6.878648524000027 ], [ 79.869395528000041, 6.878775886000028 ], [ 79.869389536000085, 6.878853932000027 ], [ 79.869551003000083, 6.878870695000046 ], [ 79.869952156000068, 6.878952560000073 ], [ 79.870176672000071, 6.878998379000052 ], [ 79.870500088000085, 6.879064817000028 ], [ 79.870682668000029, 6.879116407000026 ], [ 79.870804810000038, 6.879119858000024 ], [ 79.87091975800007, 6.879096151000056 ], [ 79.870984324000062, 6.87913216000004 ], [ 79.871101168000052, 6.87924113400004 ], [ 79.871140247000085, 6.879253681000023 ], [ 79.871237662000055, 6.879056990000038 ], [ 79.871283101000074, 6.878992356000026 ], [ 79.87134126400008, 6.878909618000023 ], [ 79.871454679000067, 6.878789122000057 ], [ 79.871555129000058, 6.878712044000054 ], [ 79.871559569000055, 6.878707761000044 ], [ 79.871562420000032, 6.878706450000038 ], [ 79.871610433000058, 6.878669608000052 ], [ 79.871748362000062, 6.878597893000062 ], [ 79.871925849000036, 6.878517030000069 ], [ 79.872107224000047, 6.878483827000025 ], [ 79.872260146000031, 6.878474983000046 ], [ 79.872371964000081, 6.878476624000029 ], [ 79.872472305000031, 6.878478096000038 ], [ 79.872625753000079, 6.878525044000071 ], [ 79.872736368000062, 6.878544874000056 ], [ 79.872872015000041, 6.878580032000059 ], [ 79.872943723000049, 6.87859000800006 ], [ 79.873031864000041, 6.878602268000066 ], [ 79.87309145200004, 6.878610558000048 ], [ 79.873149865000073, 6.878622980000046 ], [ 79.873268623000058, 6.878648235000071 ], [ 79.873434587000077, 6.878680105000058 ], [ 79.873634127000059, 6.878705619000073 ], [ 79.873811715000045, 6.878714905000038 ], [ 79.873872912000081, 6.878708126000049 ], [ 79.874068538000074, 6.878686456000025 ], [ 79.874349362000032, 6.878645843000072 ], [ 79.874522856000056, 6.878617777000045 ], [ 79.874669653000069, 6.878594184000065 ], [ 79.874887501000046, 6.87855544100006 ], [ 79.875275841000075, 6.878498213000057 ], [ 79.875479656000039, 6.878469332000066 ], [ 79.875685182000041, 6.87844020700004 ], [ 79.875819295000042, 6.878421202000027 ], [ 79.875994437000031, 6.878383521000046 ], [ 79.876085944000067, 6.878363834000027 ], [ 79.876144415000056, 6.878351103000057 ], [ 79.876294939000047, 6.878318203000049 ], [ 79.876371698000071, 6.878298906000055 ], [ 79.876441410000041, 6.878275529000064 ], [ 79.876563071000078, 6.878241848000073 ], [ 79.876664194000057, 6.878215207000039 ], [ 79.876684731000068, 6.878209797000068 ], [ 79.877025446000061, 6.87812272900004 ], [ 79.87721599200006, 6.878073083000061 ], [ 79.877529553000045, 6.877991390000034 ], [ 79.877763358000038, 6.87793513400004 ], [ 79.877954788000068, 6.877895512000066 ], [ 79.87799108400003, 6.877888 ], [ 79.878035256000032, 6.877877051000041 ], [ 79.878322116000049, 6.877801906000059 ], [ 79.878584894000085, 6.877734132000057 ], [ 79.878720694000037, 6.877698948000045 ], [ 79.878726208000046, 6.877697519000037 ], [ 79.878742510000052, 6.877693297000064 ], [ 79.879035682000051, 6.877617339000039 ], [ 79.879220903000032, 6.877560449000043 ], [ 79.87936983600008, 6.87750674800003 ], [ 79.879451334000066, 6.877469827000027 ], [ 79.879502229000082, 6.877443881000033 ], [ 79.879577035000068, 6.877405230000022 ], [ 79.879649776000065, 6.877357625000059 ], [ 79.879687283000067, 6.877331292000065 ], [ 79.879740727000069, 6.877297483000063 ], [ 79.87979527300007, 6.877262760000065 ], [ 79.879806581000082, 6.877255560000037 ], [ 79.879879777000042, 6.877206689000047 ], [ 79.880020390000084, 6.877103240000054 ], [ 79.880159587000037, 6.87698206400006 ], [ 79.880269343000066, 6.876880545000063 ], [ 79.880399275000059, 6.876731232000054 ], [ 79.880464479000068, 6.876644215000056 ], [ 79.880467431000056, 6.876640275000057 ], [ 79.880495420000045, 6.876602922000075 ], [ 79.880620829000065, 6.876404139000044 ], [ 79.880718308000041, 6.876239393000048 ], [ 79.880856164000079, 6.875965042000075 ], [ 79.880869676000032, 6.875937843000031 ], [ 79.88086994400004, 6.875937301000022 ], [ 79.88089448900007, 6.875887892000037 ], [ 79.880924544000038, 6.87583152600007 ], [ 79.880946178000045, 6.875777043000028 ], [ 79.881057488000067, 6.875543743000037 ], [ 79.881063805000053, 6.87553050300005 ], [ 79.881124217000036, 6.875399504000029 ], [ 79.881200178000086, 6.875226851000036 ], [ 79.881280998000079, 6.875051754000026 ], [ 79.881282913000064, 6.875047602000052 ], [ 79.881306555000037, 6.874996385000031 ], [ 79.881329908000055, 6.874943078000058 ], [ 79.881420209000055, 6.874746038000069 ], [ 79.881533533000038, 6.874477880000029 ], [ 79.881579626000075, 6.874377547000051 ], [ 79.881632645000082, 6.874262138000063 ], [ 79.881722574000037, 6.874070973000073 ], [ 79.881773232000057, 6.873978387000022 ], [ 79.881816362000052, 6.873896093000042 ], [ 79.881874389000075, 6.873781276000045 ], [ 79.881945469000073, 6.873654186000067 ], [ 79.881998367000051, 6.87357362900002 ], [ 79.882058320000056, 6.873493808000035 ], [ 79.882058756000049, 6.873497586000042 ], [ 79.88210440000006, 6.87343022500005 ], [ 79.882333856000059, 6.873166595000043 ], [ 79.882374768000034, 6.87313331200005 ], [ 79.88247264000006, 6.873053692000042 ], [ 79.882536857000048, 6.87300145100005 ], [ 79.882610978000059, 6.872941551000054 ], [ 79.882667959000059, 6.872902686000032 ], [ 79.882965025000033, 6.872689120000075 ], [ 79.883327296000061, 6.872488540000063 ] ] ] ] } }
]
}
